ISO-10303-21;
HEADER;
/* Generated by software containing ST-Developer
 * from STEP Tools, Inc. (www.steptools.com) 
 */

FILE_DESCRIPTION(
/* description */ (''),
/* implementation_level */ '2;1');

FILE_NAME(
/* name */ 'Popper.step',
/* time_stamp */ '2026-08-23T13:02:13-07:00',
/* author */ (''),
/* organization */ (''),
/* preprocessor_version */ 'ST-DEVELOPER v20.1',
/* originating_system */ 'Autodesk Translation Framework v15.8.0.0',
/* authorisation */ '');

FILE_SCHEMA (('AUTOMOTIVE_DESIGN { 1 0 10303 214 3 1 1 }'));
ENDSEC;

DATA;
#10=MECHANICAL_DESIGN_GEOMETRIC_PRESENTATION_REPRESENTATION('',(#93,#94,
#95,#96,#97,#98),#13130);
#11=SHAPE_REPRESENTATION_RELATIONSHIP('SRR','None',#13137,#12);
#12=ADVANCED_BREP_SHAPE_REPRESENTATION('',(#99,#100,#101,#102,#103,#104),
#13129);
#13=TOROIDAL_SURFACE('',#7742,3.5,1.5);
#14=TOROIDAL_SURFACE('',#7748,3.5,1.5);
#15=TOROIDAL_SURFACE('',#7756,3.5,1.5);
#16=TOROIDAL_SURFACE('',#7767,3.5,1.5);
#17=TOROIDAL_SURFACE('',#7861,3.5,1.5);
#18=TOROIDAL_SURFACE('',#7870,3.5,1.5);
#19=TOROIDAL_SURFACE('',#7876,3.5,1.5);
#20=TOROIDAL_SURFACE('',#7885,3.5,1.5);
#21=TOROIDAL_SURFACE('',#7981,3.5,1.5);
#22=TOROIDAL_SURFACE('',#7990,3.5,1.5);
#23=TOROIDAL_SURFACE('',#7996,3.5,1.5);
#24=TOROIDAL_SURFACE('',#8005,3.5,1.5);
#25=TOROIDAL_SURFACE('',#8101,3.5,1.5);
#26=TOROIDAL_SURFACE('',#8110,3.5,1.5);
#27=TOROIDAL_SURFACE('',#8117,3.5,1.5);
#28=TOROIDAL_SURFACE('',#8129,3.5,1.5);
#29=TOROIDAL_SURFACE('',#8225,3.5,1.5);
#30=TOROIDAL_SURFACE('',#8231,3.5,1.5);
#31=TOROIDAL_SURFACE('',#8238,3.5,1.5);
#32=TOROIDAL_SURFACE('',#8249,3.5,1.5);
#33=ELLIPSE('',#7729,1.5604491537924,1.5);
#34=ELLIPSE('',#7730,1.5604491537924,1.5);
#35=ELLIPSE('',#7732,1.5604491537924,1.5);
#36=ELLIPSE('',#7733,1.5604491537924,1.5);
#37=ELLIPSE('',#7741,1.5604491537924,1.5);
#38=ELLIPSE('',#7747,1.5604491537924,1.5);
#39=ELLIPSE('',#7759,1.5604491537924,1.5);
#40=ELLIPSE('',#7764,1.5604491537924,1.5);
#41=ELLIPSE('',#7849,1.5604491537924,1.5);
#42=ELLIPSE('',#7850,1.5604491537924,1.5);
#43=ELLIPSE('',#7852,1.5604491537924,1.5);
#44=ELLIPSE('',#7853,1.5604491537924,1.5);
#45=ELLIPSE('',#7860,1.5604491537924,1.5);
#46=ELLIPSE('',#7869,1.5604491537924,1.5);
#47=ELLIPSE('',#7880,1.5604491537924,1.5);
#48=ELLIPSE('',#7883,1.5604491537924,1.5);
#49=ELLIPSE('',#7969,1.5604491537924,1.5);
#50=ELLIPSE('',#7970,1.5604491537924,1.5);
#51=ELLIPSE('',#7973,1.5604491537924,1.5);
#52=ELLIPSE('',#7974,1.5604491537924,1.5);
#53=ELLIPSE('',#7980,1.5604491537924,1.5);
#54=ELLIPSE('',#7989,1.5604491537924,1.5);
#55=ELLIPSE('',#8000,1.5604491537924,1.5);
#56=ELLIPSE('',#8003,1.5604491537924,1.5);
#57=ELLIPSE('',#8089,1.5604491537924,1.5);
#58=ELLIPSE('',#8090,1.5604491537924,1.5);
#59=ELLIPSE('',#8092,1.5604491537924,1.5);
#60=ELLIPSE('',#8093,1.5604491537924,1.5);
#61=ELLIPSE('',#8100,1.5604491537924,1.5);
#62=ELLIPSE('',#8109,1.5604491537924,1.5);
#63=ELLIPSE('',#8115,1.5604491537924,1.5);
#64=ELLIPSE('',#8126,1.5604491537924,1.5);
#65=ELLIPSE('',#8212,1.5604491537924,1.5);
#66=ELLIPSE('',#8213,1.5604491537924,1.5);
#67=ELLIPSE('',#8215,1.5604491537924,1.5);
#68=ELLIPSE('',#8216,1.5604491537924,1.5);
#69=ELLIPSE('',#8224,1.5604491537924,1.5);
#70=ELLIPSE('',#8230,1.5604491537924,1.5);
#71=ELLIPSE('',#8241,1.5604491537924,1.5);
#72=ELLIPSE('',#8246,1.5604491537924,1.5);
#73=B_SPLINE_SURFACE_WITH_KNOTS('',3,3,((#11102,#11103,#11104,#11105),(#11106,
#11107,#11108,#11109),(#11110,#11111,#11112,#11113),(#11114,#11115,#11116,
#11117)),.UNSPECIFIED.,.F.,.F.,.F.,(4,4),(4,4),(0.,1.),(1.7705089467352,
2.35619449019234),.UNSPECIFIED.);
#74=B_SPLINE_SURFACE_WITH_KNOTS('',3,3,((#11137,#11138,#11139,#11140),(#11141,
#11142,#11143,#11144),(#11145,#11146,#11147,#11148),(#11149,#11150,#11151,
#11152)),.UNSPECIFIED.,.F.,.F.,.F.,(4,4),(4,4),(0.,1.),(-0.785398163397448,
-0.199712619940292),.UNSPECIFIED.);
#75=B_SPLINE_SURFACE_WITH_KNOTS('',3,3,((#11511,#11512,#11513,#11514),(#11515,
#11516,#11517,#11518),(#11519,#11520,#11521,#11522),(#11523,#11524,#11525,
#11526)),.UNSPECIFIED.,.F.,.F.,.F.,(4,4),(4,4),(0.,1.),(1.7705089467352,
2.35619449019234),.UNSPECIFIED.);
#76=B_SPLINE_SURFACE_WITH_KNOTS('',3,3,((#11546,#11547,#11548,#11549),(#11550,
#11551,#11552,#11553),(#11554,#11555,#11556,#11557),(#11558,#11559,#11560,
#11561)),.UNSPECIFIED.,.F.,.F.,.F.,(4,4),(4,4),(0.,1.),(-0.785398163397448,
-0.19971261994029),.UNSPECIFIED.);
#77=B_SPLINE_SURFACE_WITH_KNOTS('',3,3,((#11920,#11921,#11922,#11923),(#11924,
#11925,#11926,#11927),(#11928,#11929,#11930,#11931),(#11932,#11933,#11934,
#11935)),.UNSPECIFIED.,.F.,.F.,.F.,(4,4),(4,4),(0.,1.),(1.7705089467352,
2.35619449019235),.UNSPECIFIED.);
#78=B_SPLINE_SURFACE_WITH_KNOTS('',3,3,((#11955,#11956,#11957,#11958),(#11959,
#11960,#11961,#11962),(#11963,#11964,#11965,#11966),(#11967,#11968,#11969,
#11970)),.UNSPECIFIED.,.F.,.F.,.F.,(4,4),(4,4),(0.,1.),(-0.785398163397447,
-0.199712619940288),.UNSPECIFIED.);
#79=B_SPLINE_SURFACE_WITH_KNOTS('',3,3,((#12329,#12330,#12331,#12332),(#12333,
#12334,#12335,#12336),(#12337,#12338,#12339,#12340),(#12341,#12342,#12343,
#12344)),.UNSPECIFIED.,.F.,.F.,.F.,(4,4),(4,4),(0.,1.),(1.7705089467352,
2.35619449019234),.UNSPECIFIED.);
#80=B_SPLINE_SURFACE_WITH_KNOTS('',3,3,((#12364,#12365,#12366,#12367),(#12368,
#12369,#12370,#12371),(#12372,#12373,#12374,#12375),(#12376,#12377,#12378,
#12379)),.UNSPECIFIED.,.F.,.F.,.F.,(4,4),(4,4),(0.,1.),(-0.785398163397449,
-0.199712619940291),.UNSPECIFIED.);
#81=B_SPLINE_SURFACE_WITH_KNOTS('',3,3,((#12738,#12739,#12740,#12741),(#12742,
#12743,#12744,#12745),(#12746,#12747,#12748,#12749),(#12750,#12751,#12752,
#12753)),.UNSPECIFIED.,.F.,.F.,.F.,(4,4),(4,4),(0.,1.),(1.7705089467352,
2.35619449019234),.UNSPECIFIED.);
#82=B_SPLINE_SURFACE_WITH_KNOTS('',3,3,((#12773,#12774,#12775,#12776),(#12777,
#12778,#12779,#12780),(#12781,#12782,#12783,#12784),(#12785,#12786,#12787,
#12788)),.UNSPECIFIED.,.F.,.F.,.F.,(4,4),(4,4),(0.,1.),(-0.785398163397449,
-0.199712619940291),.UNSPECIFIED.);
#83=(
BOUNDED_CURVE()
B_SPLINE_CURVE(2,(#11085,#11086,#11087),.UNSPECIFIED.,.F.,.F.)
B_SPLINE_CURVE_WITH_KNOTS((3,3),(0.537354642597357,0.809342279243368),
 .UNSPECIFIED.)
CURVE()
GEOMETRIC_REPRESENTATION_ITEM()
RATIONAL_B_SPLINE_CURVE((1.55000001490117,1.55000001490117,1.4090909226375))
REPRESENTATION_ITEM('')
);
#84=(
BOUNDED_CURVE()
B_SPLINE_CURVE(2,(#11129,#11130,#11131),.UNSPECIFIED.,.F.,.F.)
B_SPLINE_CURVE_WITH_KNOTS((3,3),(0.128987238911684,0.346410161513774),
 .UNSPECIFIED.)
CURVE()
GEOMETRIC_REPRESENTATION_ITEM()
RATIONAL_B_SPLINE_CURVE((1.18181818181791,1.3,1.3))
REPRESENTATION_ITEM('')
);
#85=(
BOUNDED_CURVE()
B_SPLINE_CURVE(2,(#11494,#11495,#11496),.UNSPECIFIED.,.F.,.F.)
B_SPLINE_CURVE_WITH_KNOTS((3,3),(0.537354642597357,0.809342279243367),
 .UNSPECIFIED.)
CURVE()
GEOMETRIC_REPRESENTATION_ITEM()
RATIONAL_B_SPLINE_CURVE((1.55000001490117,1.55000001490117,1.4090909226375))
REPRESENTATION_ITEM('')
);
#86=(
BOUNDED_CURVE()
B_SPLINE_CURVE(2,(#11538,#11539,#11540),.UNSPECIFIED.,.F.,.F.)
B_SPLINE_CURVE_WITH_KNOTS((3,3),(0.128987238911684,0.346410161513773),
 .UNSPECIFIED.)
CURVE()
GEOMETRIC_REPRESENTATION_ITEM()
RATIONAL_B_SPLINE_CURVE((1.18181818181791,1.3,1.3))
REPRESENTATION_ITEM('')
);
#87=(
BOUNDED_CURVE()
B_SPLINE_CURVE(2,(#11903,#11904,#11905),.UNSPECIFIED.,.F.,.F.)
B_SPLINE_CURVE_WITH_KNOTS((3,3),(0.537354642597349,0.809342279243355),
 .UNSPECIFIED.)
CURVE()
GEOMETRIC_REPRESENTATION_ITEM()
RATIONAL_B_SPLINE_CURVE((1.55000001490115,1.55000001490115,1.40909092263749))
REPRESENTATION_ITEM('')
);
#88=(
BOUNDED_CURVE()
B_SPLINE_CURVE(2,(#11947,#11948,#11949),.UNSPECIFIED.,.F.,.F.)
B_SPLINE_CURVE_WITH_KNOTS((3,3),(0.128987238911683,0.346410161513773),
 .UNSPECIFIED.)
CURVE()
GEOMETRIC_REPRESENTATION_ITEM()
RATIONAL_B_SPLINE_CURVE((1.18181818181791,1.29999999999999,1.29999999999999))
REPRESENTATION_ITEM('')
);
#89=(
BOUNDED_CURVE()
B_SPLINE_CURVE(2,(#12312,#12313,#12314),.UNSPECIFIED.,.F.,.F.)
B_SPLINE_CURVE_WITH_KNOTS((3,3),(0.537354642597357,0.809342279243366),
 .UNSPECIFIED.)
CURVE()
GEOMETRIC_REPRESENTATION_ITEM()
RATIONAL_B_SPLINE_CURVE((1.55000001490117,1.55000001490116,1.40909092263749))
REPRESENTATION_ITEM('')
);
#90=(
BOUNDED_CURVE()
B_SPLINE_CURVE(2,(#12356,#12357,#12358),.UNSPECIFIED.,.F.,.F.)
B_SPLINE_CURVE_WITH_KNOTS((3,3),(0.128987238911684,0.346410161513775),
 .UNSPECIFIED.)
CURVE()
GEOMETRIC_REPRESENTATION_ITEM()
RATIONAL_B_SPLINE_CURVE((1.18181818181791,1.29999999999999,1.29999999999999))
REPRESENTATION_ITEM('')
);
#91=(
BOUNDED_CURVE()
B_SPLINE_CURVE(2,(#12721,#12722,#12723),.UNSPECIFIED.,.F.,.F.)
B_SPLINE_CURVE_WITH_KNOTS((3,3),(0.537354642597358,0.809342279243365),
 .UNSPECIFIED.)
CURVE()
GEOMETRIC_REPRESENTATION_ITEM()
RATIONAL_B_SPLINE_CURVE((1.55000001490117,1.55000001490117,1.4090909226375))
REPRESENTATION_ITEM('')
);
#92=(
BOUNDED_CURVE()
B_SPLINE_CURVE(2,(#12765,#12766,#12767),.UNSPECIFIED.,.F.,.F.)
B_SPLINE_CURVE_WITH_KNOTS((3,3),(0.128987238911684,0.346410161513775),
 .UNSPECIFIED.)
CURVE()
GEOMETRIC_REPRESENTATION_ITEM()
RATIONAL_B_SPLINE_CURVE((1.18181818181791,1.3,1.3))
REPRESENTATION_ITEM('')
);
#93=STYLED_ITEM('',(#13146),#99);
#94=STYLED_ITEM('',(#13146),#100);
#95=STYLED_ITEM('',(#13146),#101);
#96=STYLED_ITEM('',(#13146),#102);
#97=STYLED_ITEM('',(#13146),#103);
#98=STYLED_ITEM('',(#13146),#104);
#99=MANIFOLD_SOLID_BREP('Body1',#7487);
#100=MANIFOLD_SOLID_BREP('Body16',#7488);
#101=MANIFOLD_SOLID_BREP('Body17',#7489);
#102=MANIFOLD_SOLID_BREP('Body18',#7490);
#103=MANIFOLD_SOLID_BREP('Body19',#7491);
#104=MANIFOLD_SOLID_BREP('Body20',#7492);
#105=B_SPLINE_CURVE_WITH_KNOTS('',3,(#10849,#10850,#10851,#10852,#10853,
#10854,#10855,#10856),.UNSPECIFIED.,.F.,.F.,(4,2,2,4),(2.3335662709996,
2.38183808485591,2.4489526322649,2.50976489328734),.UNSPECIFIED.);
#106=B_SPLINE_CURVE_WITH_KNOTS('',3,(#10859,#10860,#10861,#10862,#10863,
#10864,#10865,#10866),.UNSPECIFIED.,.F.,.F.,(4,2,2,4),(0.207135072057081,
0.267947333080007,0.335061880488997,0.383333694345307),.UNSPECIFIED.);
#107=B_SPLINE_CURVE_WITH_KNOTS('',3,(#10868,#10869,#10870,#10871,#10872,
#10873,#10874,#10875),.UNSPECIFIED.,.F.,.F.,(4,2,2,4),(0.975116288325602,
1.02338810218345,1.09050264959244,1.15131491061489),.UNSPECIFIED.);
#108=B_SPLINE_CURVE_WITH_KNOTS('',3,(#10878,#10879,#10880,#10881,#10882,
#10883,#10884,#10885),.UNSPECIFIED.,.F.,.F.,(4,2,2,4),(1.56558505472953,
1.62639731575246,1.69351186316145,1.7417836770193),.UNSPECIFIED.);
#109=B_SPLINE_CURVE_WITH_KNOTS('',3,(#10890,#10891,#10892,#10893,#10894,
#10895,#10896,#10897),.UNSPECIFIED.,.F.,.F.,(4,2,2,4),(2.3335662709996,
2.38183808485591,2.4489526322649,2.50976489328734),.UNSPECIFIED.);
#110=B_SPLINE_CURVE_WITH_KNOTS('',3,(#10900,#10901,#10902,#10903,#10904,
#10905,#10906,#10907),.UNSPECIFIED.,.F.,.F.,(4,2,2,4),(0.20713507205708,
0.267947333080006,0.335061880488997,0.383333694345307),.UNSPECIFIED.);
#111=B_SPLINE_CURVE_WITH_KNOTS('',3,(#10909,#10910,#10911,#10912,#10913,
#10914,#10915,#10916),.UNSPECIFIED.,.F.,.F.,(4,2,2,4),(0.975116288325602,
1.02338810218345,1.09050264959245,1.15131491061489),.UNSPECIFIED.);
#112=B_SPLINE_CURVE_WITH_KNOTS('',3,(#10919,#10920,#10921,#10922,#10923,
#10924,#10925,#10926),.UNSPECIFIED.,.F.,.F.,(4,2,2,4),(1.56558505472953,
1.62639731575246,1.69351186316145,1.7417836770193),.UNSPECIFIED.);
#113=B_SPLINE_CURVE_WITH_KNOTS('',3,(#10931,#10932,#10933,#10934,#10935,
#10936,#10937,#10938),.UNSPECIFIED.,.F.,.F.,(4,2,2,4),(2.3335662709996,
2.38183808485591,2.4489526322649,2.50976489328734),.UNSPECIFIED.);
#114=B_SPLINE_CURVE_WITH_KNOTS('',3,(#10941,#10942,#10943,#10944,#10945,
#10946,#10947,#10948),.UNSPECIFIED.,.F.,.F.,(4,2,2,4),(0.20713507205708,
0.267947333080007,0.335061880488997,0.383333694345307),.UNSPECIFIED.);
#115=B_SPLINE_CURVE_WITH_KNOTS('',3,(#10950,#10951,#10952,#10953,#10954,
#10955,#10956,#10957),.UNSPECIFIED.,.F.,.F.,(4,2,2,4),(0.975116288325604,
1.02338810218346,1.09050264959245,1.15131491061489),.UNSPECIFIED.);
#116=B_SPLINE_CURVE_WITH_KNOTS('',3,(#10960,#10961,#10962,#10963,#10964,
#10965,#10966,#10967),.UNSPECIFIED.,.F.,.F.,(4,2,2,4),(1.56558505472953,
1.62639731575246,1.69351186316145,1.7417836770193),.UNSPECIFIED.);
#117=B_SPLINE_CURVE_WITH_KNOTS('',3,(#10972,#10973,#10974,#10975,#10976,
#10977,#10978,#10979),.UNSPECIFIED.,.F.,.F.,(4,2,2,4),(2.3335662709996,
2.38183808485591,2.4489526322649,2.50976489328734),.UNSPECIFIED.);
#118=B_SPLINE_CURVE_WITH_KNOTS('',3,(#10982,#10983,#10984,#10985,#10986,
#10987,#10988,#10989),.UNSPECIFIED.,.F.,.F.,(4,2,2,4),(0.20713507205708,
0.267947333080007,0.335061880488997,0.383333694345307),.UNSPECIFIED.);
#119=B_SPLINE_CURVE_WITH_KNOTS('',3,(#10991,#10992,#10993,#10994,#10995,
#10996,#10997,#10998),.UNSPECIFIED.,.F.,.F.,(4,2,2,4),(0.975116288325601,
1.02338810218345,1.09050264959244,1.15131491061489),.UNSPECIFIED.);
#120=B_SPLINE_CURVE_WITH_KNOTS('',3,(#11001,#11002,#11003,#11004,#11005,
#11006,#11007,#11008),.UNSPECIFIED.,.F.,.F.,(4,2,2,4),(1.56558505472953,
1.62639731575246,1.69351186316145,1.7417836770193),.UNSPECIFIED.);
#121=B_SPLINE_CURVE_WITH_KNOTS('',3,(#11013,#11014,#11015,#11016,#11017,
#11018,#11019,#11020),.UNSPECIFIED.,.F.,.F.,(4,2,2,4),(2.3335662709996,
2.38183808485591,2.4489526322649,2.50976489328734),.UNSPECIFIED.);
#122=B_SPLINE_CURVE_WITH_KNOTS('',3,(#11023,#11024,#11025,#11026,#11027,
#11028,#11029,#11030),.UNSPECIFIED.,.F.,.F.,(4,2,2,4),(0.20713507205708,
0.267947333080007,0.335061880488997,0.383333694345307),.UNSPECIFIED.);
#123=B_SPLINE_CURVE_WITH_KNOTS('',3,(#11032,#11033,#11034,#11035,#11036,
#11037,#11038,#11039),.UNSPECIFIED.,.F.,.F.,(4,2,2,4),(0.975116288325603,
1.02338810218346,1.09050264959245,1.15131491061489),.UNSPECIFIED.);
#124=B_SPLINE_CURVE_WITH_KNOTS('',3,(#11042,#11043,#11044,#11045,#11046,
#11047,#11048,#11049),.UNSPECIFIED.,.F.,.F.,(4,2,2,4),(1.56558505472953,
1.62639731575246,1.69351186316145,1.7417836770193),.UNSPECIFIED.);
#125=B_SPLINE_CURVE_WITH_KNOTS('',3,(#11118,#11119,#11120,#11121),
 .UNSPECIFIED.,.F.,.F.,(4,4),(-2.35619449019234,-1.7705089467352),
 .UNSPECIFIED.);
#126=B_SPLINE_CURVE_WITH_KNOTS('',3,(#11122,#11123,#11124,#11125),
 .UNSPECIFIED.,.F.,.F.,(4,4),(1.7705089467352,2.35619449019234),
 .UNSPECIFIED.);
#127=B_SPLINE_CURVE_WITH_KNOTS('',3,(#11153,#11154,#11155,#11156),
 .UNSPECIFIED.,.F.,.F.,(4,4),(0.199712619940292,0.785398163397448),
 .UNSPECIFIED.);
#128=B_SPLINE_CURVE_WITH_KNOTS('',3,(#11157,#11158,#11159,#11160),
 .UNSPECIFIED.,.F.,.F.,(4,4),(-0.785398163397448,-0.199712619940292),
 .UNSPECIFIED.);
#129=B_SPLINE_CURVE_WITH_KNOTS('',3,(#11360,#11361,#11362,#11363),
 .UNSPECIFIED.,.F.,.F.,(4,4),(0.,0.0479126242863909),.UNSPECIFIED.);
#130=B_SPLINE_CURVE_WITH_KNOTS('',3,(#11366,#11367,#11368,#11369),
 .UNSPECIFIED.,.F.,.F.,(4,4),(-0.0479126166289097,0.),.UNSPECIFIED.);
#131=B_SPLINE_CURVE_WITH_KNOTS('',3,(#11371,#11372,#11373,#11374),
 .UNSPECIFIED.,.F.,.F.,(4,4),(0.,0.0479126166289096),.UNSPECIFIED.);
#132=B_SPLINE_CURVE_WITH_KNOTS('',3,(#11377,#11378,#11379,#11380),
 .UNSPECIFIED.,.F.,.F.,(4,4),(-0.047912624286391,0.),.UNSPECIFIED.);
#133=B_SPLINE_CURVE_WITH_KNOTS('',3,(#11527,#11528,#11529,#11530),
 .UNSPECIFIED.,.F.,.F.,(4,4),(-2.35619449019234,-1.7705089467352),
 .UNSPECIFIED.);
#134=B_SPLINE_CURVE_WITH_KNOTS('',3,(#11531,#11532,#11533,#11534),
 .UNSPECIFIED.,.F.,.F.,(4,4),(1.7705089467352,2.35619449019234),
 .UNSPECIFIED.);
#135=B_SPLINE_CURVE_WITH_KNOTS('',3,(#11562,#11563,#11564,#11565),
 .UNSPECIFIED.,.F.,.F.,(4,4),(0.19971261994029,0.785398163397448),
 .UNSPECIFIED.);
#136=B_SPLINE_CURVE_WITH_KNOTS('',3,(#11566,#11567,#11568,#11569),
 .UNSPECIFIED.,.F.,.F.,(4,4),(-0.785398163397448,-0.19971261994029),
 .UNSPECIFIED.);
#137=B_SPLINE_CURVE_WITH_KNOTS('',3,(#11759,#11760,#11761,#11762),
 .UNSPECIFIED.,.F.,.F.,(4,4),(-0.0479126166289095,0.),.UNSPECIFIED.);
#138=B_SPLINE_CURVE_WITH_KNOTS('',3,(#11764,#11765,#11766,#11767),
 .UNSPECIFIED.,.F.,.F.,(4,4),(0.,0.0479126166289096),.UNSPECIFIED.);
#139=B_SPLINE_CURVE_WITH_KNOTS('',3,(#11771,#11772,#11773,#11774),
 .UNSPECIFIED.,.F.,.F.,(4,4),(-0.0479126242863908,0.),.UNSPECIFIED.);
#140=B_SPLINE_CURVE_WITH_KNOTS('',3,(#11778,#11779,#11780,#11781),
 .UNSPECIFIED.,.F.,.F.,(4,4),(0.,0.0479126242863909),.UNSPECIFIED.);
#141=B_SPLINE_CURVE_WITH_KNOTS('',3,(#11936,#11937,#11938,#11939),
 .UNSPECIFIED.,.F.,.F.,(4,4),(-2.35619449019235,-1.7705089467352),
 .UNSPECIFIED.);
#142=B_SPLINE_CURVE_WITH_KNOTS('',3,(#11940,#11941,#11942,#11943),
 .UNSPECIFIED.,.F.,.F.,(4,4),(1.7705089467352,2.35619449019235),
 .UNSPECIFIED.);
#143=B_SPLINE_CURVE_WITH_KNOTS('',3,(#11971,#11972,#11973,#11974),
 .UNSPECIFIED.,.F.,.F.,(4,4),(0.199712619940288,0.785398163397447),
 .UNSPECIFIED.);
#144=B_SPLINE_CURVE_WITH_KNOTS('',3,(#11975,#11976,#11977,#11978),
 .UNSPECIFIED.,.F.,.F.,(4,4),(-0.785398163397447,-0.199712619940288),
 .UNSPECIFIED.);
#145=B_SPLINE_CURVE_WITH_KNOTS('',3,(#12160,#12161,#12162,#12163),
 .UNSPECIFIED.,.F.,.F.,(4,4),(-0.0479126166289096,0.),.UNSPECIFIED.);
#146=B_SPLINE_CURVE_WITH_KNOTS('',3,(#12165,#12166,#12167,#12168),
 .UNSPECIFIED.,.F.,.F.,(4,4),(0.,0.0479126166289096),.UNSPECIFIED.);
#147=B_SPLINE_CURVE_WITH_KNOTS('',3,(#12172,#12173,#12174,#12175),
 .UNSPECIFIED.,.F.,.F.,(4,4),(-0.0479126242863911,0.),.UNSPECIFIED.);
#148=B_SPLINE_CURVE_WITH_KNOTS('',3,(#12179,#12180,#12181,#12182),
 .UNSPECIFIED.,.F.,.F.,(4,4),(0.,0.0479126242863907),.UNSPECIFIED.);
#149=B_SPLINE_CURVE_WITH_KNOTS('',3,(#12345,#12346,#12347,#12348),
 .UNSPECIFIED.,.F.,.F.,(4,4),(-2.35619449019234,-1.7705089467352),
 .UNSPECIFIED.);
#150=B_SPLINE_CURVE_WITH_KNOTS('',3,(#12349,#12350,#12351,#12352),
 .UNSPECIFIED.,.F.,.F.,(4,4),(1.7705089467352,2.35619449019234),
 .UNSPECIFIED.);
#151=B_SPLINE_CURVE_WITH_KNOTS('',3,(#12380,#12381,#12382,#12383),
 .UNSPECIFIED.,.F.,.F.,(4,4),(0.199712619940291,0.785398163397449),
 .UNSPECIFIED.);
#152=B_SPLINE_CURVE_WITH_KNOTS('',3,(#12384,#12385,#12386,#12387),
 .UNSPECIFIED.,.F.,.F.,(4,4),(-0.785398163397449,-0.199712619940291),
 .UNSPECIFIED.);
#153=B_SPLINE_CURVE_WITH_KNOTS('',3,(#12577,#12578,#12579,#12580),
 .UNSPECIFIED.,.F.,.F.,(4,4),(-0.0479126166289094,0.),.UNSPECIFIED.);
#154=B_SPLINE_CURVE_WITH_KNOTS('',3,(#12582,#12583,#12584,#12585),
 .UNSPECIFIED.,.F.,.F.,(4,4),(0.,0.0479126166289093),.UNSPECIFIED.);
#155=B_SPLINE_CURVE_WITH_KNOTS('',3,(#12589,#12590,#12591,#12592),
 .UNSPECIFIED.,.F.,.F.,(4,4),(-0.0479126242863908,0.),.UNSPECIFIED.);
#156=B_SPLINE_CURVE_WITH_KNOTS('',3,(#12596,#12597,#12598,#12599),
 .UNSPECIFIED.,.F.,.F.,(4,4),(0.,0.0479126242863914),.UNSPECIFIED.);
#157=B_SPLINE_CURVE_WITH_KNOTS('',3,(#12754,#12755,#12756,#12757),
 .UNSPECIFIED.,.F.,.F.,(4,4),(-2.35619449019234,-1.7705089467352),
 .UNSPECIFIED.);
#158=B_SPLINE_CURVE_WITH_KNOTS('',3,(#12758,#12759,#12760,#12761),
 .UNSPECIFIED.,.F.,.F.,(4,4),(1.7705089467352,2.35619449019234),
 .UNSPECIFIED.);
#159=B_SPLINE_CURVE_WITH_KNOTS('',3,(#12789,#12790,#12791,#12792),
 .UNSPECIFIED.,.F.,.F.,(4,4),(0.199712619940291,0.785398163397449),
 .UNSPECIFIED.);
#160=B_SPLINE_CURVE_WITH_KNOTS('',3,(#12793,#12794,#12795,#12796),
 .UNSPECIFIED.,.F.,.F.,(4,4),(-0.785398163397449,-0.199712619940291),
 .UNSPECIFIED.);
#161=B_SPLINE_CURVE_WITH_KNOTS('',3,(#13017,#13018,#13019,#13020),
 .UNSPECIFIED.,.F.,.F.,(4,4),(0.,0.047912624286391),.UNSPECIFIED.);
#162=B_SPLINE_CURVE_WITH_KNOTS('',3,(#13023,#13024,#13025,#13026),
 .UNSPECIFIED.,.F.,.F.,(4,4),(-0.0479126166289098,0.),.UNSPECIFIED.);
#163=B_SPLINE_CURVE_WITH_KNOTS('',3,(#13028,#13029,#13030,#13031),
 .UNSPECIFIED.,.F.,.F.,(4,4),(0.,0.0479126166289097),.UNSPECIFIED.);
#164=B_SPLINE_CURVE_WITH_KNOTS('',3,(#13034,#13035,#13036,#13037),
 .UNSPECIFIED.,.F.,.F.,(4,4),(-0.047912624286391,0.),.UNSPECIFIED.);
#165=FACE_BOUND('',#1120,.T.);
#166=FACE_BOUND('',#1136,.T.);
#167=FACE_BOUND('',#1141,.T.);
#168=FACE_BOUND('',#1143,.T.);
#169=FACE_BOUND('',#1148,.T.);
#170=FACE_BOUND('',#1150,.T.);
#171=FACE_BOUND('',#1155,.T.);
#172=FACE_BOUND('',#1157,.T.);
#173=FACE_BOUND('',#1162,.T.);
#174=FACE_BOUND('',#1164,.T.);
#175=FACE_BOUND('',#1169,.T.);
#176=FACE_BOUND('',#1171,.T.);
#177=FACE_BOUND('',#1253,.T.);
#178=FACE_BOUND('',#1257,.T.);
#179=FACE_BOUND('',#1259,.T.);
#180=FACE_BOUND('',#1311,.T.);
#181=FACE_BOUND('',#1320,.T.);
#182=FACE_BOUND('',#1322,.T.);
#183=FACE_BOUND('',#1374,.T.);
#184=FACE_BOUND('',#1383,.T.);
#185=FACE_BOUND('',#1385,.T.);
#186=FACE_BOUND('',#1441,.T.);
#187=FACE_BOUND('',#1446,.T.);
#188=FACE_BOUND('',#1448,.T.);
#189=FACE_BOUND('',#1468,.T.);
#190=FACE_BOUND('',#1509,.T.);
#191=FACE_BOUND('',#1511,.T.);
#192=CYLINDRICAL_SURFACE('',#7527,5.);
#193=CYLINDRICAL_SURFACE('',#7530,5.);
#194=CYLINDRICAL_SURFACE('',#7558,5.);
#195=CYLINDRICAL_SURFACE('',#7560,5.);
#196=CYLINDRICAL_SURFACE('',#7567,1.5);
#197=CYLINDRICAL_SURFACE('',#7571,1.5);
#198=CYLINDRICAL_SURFACE('',#7580,1.5);
#199=CYLINDRICAL_SURFACE('',#7584,1.5);
#200=CYLINDRICAL_SURFACE('',#7593,1.5);
#201=CYLINDRICAL_SURFACE('',#7596,1.5);
#202=CYLINDRICAL_SURFACE('',#7606,1.5);
#203=CYLINDRICAL_SURFACE('',#7609,1.5);
#204=CYLINDRICAL_SURFACE('',#7619,1.5);
#205=CYLINDRICAL_SURFACE('',#7622,1.5);
#206=CYLINDRICAL_SURFACE('',#7632,5.);
#207=CYLINDRICAL_SURFACE('',#7633,3.);
#208=CYLINDRICAL_SURFACE('',#7636,3.);
#209=CYLINDRICAL_SURFACE('',#7639,3.);
#210=CYLINDRICAL_SURFACE('',#7642,3.);
#211=CYLINDRICAL_SURFACE('',#7645,3.);
#212=CYLINDRICAL_SURFACE('',#7648,2.5);
#213=CYLINDRICAL_SURFACE('',#7651,2.5);
#214=CYLINDRICAL_SURFACE('',#7652,1.5);
#215=CYLINDRICAL_SURFACE('',#7653,2.5);
#216=CYLINDRICAL_SURFACE('',#7656,2.5);
#217=CYLINDRICAL_SURFACE('',#7657,1.5);
#218=CYLINDRICAL_SURFACE('',#7658,2.5);
#219=CYLINDRICAL_SURFACE('',#7661,2.5);
#220=CYLINDRICAL_SURFACE('',#7662,1.5);
#221=CYLINDRICAL_SURFACE('',#7663,2.5);
#222=CYLINDRICAL_SURFACE('',#7666,2.5);
#223=CYLINDRICAL_SURFACE('',#7667,1.5);
#224=CYLINDRICAL_SURFACE('',#7668,2.5);
#225=CYLINDRICAL_SURFACE('',#7671,2.5);
#226=CYLINDRICAL_SURFACE('',#7672,1.5);
#227=CYLINDRICAL_SURFACE('',#7680,2.5);
#228=CYLINDRICAL_SURFACE('',#7683,2.5);
#229=CYLINDRICAL_SURFACE('',#7696,1.5);
#230=CYLINDRICAL_SURFACE('',#7699,1.5);
#231=CYLINDRICAL_SURFACE('',#7702,1.5);
#232=CYLINDRICAL_SURFACE('',#7704,1.5);
#233=CYLINDRICAL_SURFACE('',#7707,1.5);
#234=CYLINDRICAL_SURFACE('',#7710,1.5);
#235=CYLINDRICAL_SURFACE('',#7713,0.25);
#236=CYLINDRICAL_SURFACE('',#7716,0.25);
#237=CYLINDRICAL_SURFACE('',#7720,0.25);
#238=CYLINDRICAL_SURFACE('',#7722,0.25);
#239=CYLINDRICAL_SURFACE('',#7739,1.5);
#240=CYLINDRICAL_SURFACE('',#7745,1.5);
#241=CYLINDRICAL_SURFACE('',#7752,5.);
#242=CYLINDRICAL_SURFACE('',#7754,1.5);
#243=CYLINDRICAL_SURFACE('',#7758,1.5);
#244=CYLINDRICAL_SURFACE('',#7761,5.);
#245=CYLINDRICAL_SURFACE('',#7765,1.5);
#246=CYLINDRICAL_SURFACE('',#7770,1.5);
#247=CYLINDRICAL_SURFACE('',#7776,2.);
#248=CYLINDRICAL_SURFACE('',#7779,2.5);
#249=CYLINDRICAL_SURFACE('',#7800,2.5);
#250=CYLINDRICAL_SURFACE('',#7803,2.5);
#251=CYLINDRICAL_SURFACE('',#7816,1.5);
#252=CYLINDRICAL_SURFACE('',#7819,1.5);
#253=CYLINDRICAL_SURFACE('',#7822,1.5);
#254=CYLINDRICAL_SURFACE('',#7825,1.5);
#255=CYLINDRICAL_SURFACE('',#7828,1.5);
#256=CYLINDRICAL_SURFACE('',#7831,1.5);
#257=CYLINDRICAL_SURFACE('',#7833,0.25);
#258=CYLINDRICAL_SURFACE('',#7837,0.25);
#259=CYLINDRICAL_SURFACE('',#7839,0.25);
#260=CYLINDRICAL_SURFACE('',#7842,0.25);
#261=CYLINDRICAL_SURFACE('',#7858,1.5);
#262=CYLINDRICAL_SURFACE('',#7864,5.);
#263=CYLINDRICAL_SURFACE('',#7867,1.5);
#264=CYLINDRICAL_SURFACE('',#7874,1.5);
#265=CYLINDRICAL_SURFACE('',#7879,1.5);
#266=CYLINDRICAL_SURFACE('',#7882,1.5);
#267=CYLINDRICAL_SURFACE('',#7888,1.5);
#268=CYLINDRICAL_SURFACE('',#7893,5.);
#269=CYLINDRICAL_SURFACE('',#7896,2.);
#270=CYLINDRICAL_SURFACE('',#7899,2.5);
#271=CYLINDRICAL_SURFACE('',#7920,2.5);
#272=CYLINDRICAL_SURFACE('',#7923,2.5);
#273=CYLINDRICAL_SURFACE('',#7936,1.5);
#274=CYLINDRICAL_SURFACE('',#7939,1.5);
#275=CYLINDRICAL_SURFACE('',#7942,1.5);
#276=CYLINDRICAL_SURFACE('',#7944,1.5);
#277=CYLINDRICAL_SURFACE('',#7947,1.5);
#278=CYLINDRICAL_SURFACE('',#7949,1.5);
#279=CYLINDRICAL_SURFACE('',#7952,0.25);
#280=CYLINDRICAL_SURFACE('',#7955,0.25);
#281=CYLINDRICAL_SURFACE('',#7959,0.25);
#282=CYLINDRICAL_SURFACE('',#7961,0.25);
#283=CYLINDRICAL_SURFACE('',#7978,1.5);
#284=CYLINDRICAL_SURFACE('',#7984,5.);
#285=CYLINDRICAL_SURFACE('',#7987,1.5);
#286=CYLINDRICAL_SURFACE('',#7994,1.5);
#287=CYLINDRICAL_SURFACE('',#7999,1.5);
#288=CYLINDRICAL_SURFACE('',#8002,1.5);
#289=CYLINDRICAL_SURFACE('',#8008,1.5);
#290=CYLINDRICAL_SURFACE('',#8013,5.);
#291=CYLINDRICAL_SURFACE('',#8016,2.);
#292=CYLINDRICAL_SURFACE('',#8019,2.5);
#293=CYLINDRICAL_SURFACE('',#8040,2.5);
#294=CYLINDRICAL_SURFACE('',#8043,2.5);
#295=CYLINDRICAL_SURFACE('',#8056,1.5);
#296=CYLINDRICAL_SURFACE('',#8059,1.5);
#297=CYLINDRICAL_SURFACE('',#8062,1.5);
#298=CYLINDRICAL_SURFACE('',#8064,1.5);
#299=CYLINDRICAL_SURFACE('',#8067,1.5);
#300=CYLINDRICAL_SURFACE('',#8069,1.5);
#301=CYLINDRICAL_SURFACE('',#8072,0.25);
#302=CYLINDRICAL_SURFACE('',#8075,0.25);
#303=CYLINDRICAL_SURFACE('',#8079,0.25);
#304=CYLINDRICAL_SURFACE('',#8081,0.25);
#305=CYLINDRICAL_SURFACE('',#8098,1.5);
#306=CYLINDRICAL_SURFACE('',#8104,5.);
#307=CYLINDRICAL_SURFACE('',#8107,1.5);
#308=CYLINDRICAL_SURFACE('',#8114,1.5);
#309=CYLINDRICAL_SURFACE('',#8120,1.5);
#310=CYLINDRICAL_SURFACE('',#8123,5.);
#311=CYLINDRICAL_SURFACE('',#8127,1.5);
#312=CYLINDRICAL_SURFACE('',#8131,1.5);
#313=CYLINDRICAL_SURFACE('',#8136,2.);
#314=CYLINDRICAL_SURFACE('',#8139,2.5);
#315=CYLINDRICAL_SURFACE('',#8160,2.5);
#316=CYLINDRICAL_SURFACE('',#8163,2.5);
#317=CYLINDRICAL_SURFACE('',#8176,1.5);
#318=CYLINDRICAL_SURFACE('',#8179,1.5);
#319=CYLINDRICAL_SURFACE('',#8191,1.5);
#320=CYLINDRICAL_SURFACE('',#8192,1.5);
#321=CYLINDRICAL_SURFACE('',#8194,1.5);
#322=CYLINDRICAL_SURFACE('',#8196,1.5);
#323=CYLINDRICAL_SURFACE('',#8198,0.25);
#324=CYLINDRICAL_SURFACE('',#8200,0.25);
#325=CYLINDRICAL_SURFACE('',#8202,0.25);
#326=CYLINDRICAL_SURFACE('',#8205,0.25);
#327=CYLINDRICAL_SURFACE('',#8222,1.5);
#328=CYLINDRICAL_SURFACE('',#8228,1.5);
#329=CYLINDRICAL_SURFACE('',#8234,5.);
#330=CYLINDRICAL_SURFACE('',#8236,1.5);
#331=CYLINDRICAL_SURFACE('',#8240,1.5);
#332=CYLINDRICAL_SURFACE('',#8243,5.);
#333=CYLINDRICAL_SURFACE('',#8247,1.5);
#334=CYLINDRICAL_SURFACE('',#8251,1.5);
#335=CYLINDRICAL_SURFACE('',#8256,2.);
#336=CYLINDRICAL_SURFACE('',#8259,2.5);
#337=CIRCLE('',#7508,5.);
#338=CIRCLE('',#7509,6.);
#339=CIRCLE('',#7512,5.);
#340=CIRCLE('',#7513,6.);
#341=CIRCLE('',#7516,5.);
#342=CIRCLE('',#7517,6.);
#343=CIRCLE('',#7520,5.);
#344=CIRCLE('',#7521,6.);
#345=CIRCLE('',#7524,5.);
#346=CIRCLE('',#7525,6.);
#347=CIRCLE('',#7528,5.);
#348=CIRCLE('',#7531,5.);
#349=CIRCLE('',#7534,3.);
#350=CIRCLE('',#7535,3.);
#351=CIRCLE('',#7536,3.);
#352=CIRCLE('',#7537,3.);
#353=CIRCLE('',#7538,3.);
#354=CIRCLE('',#7541,5.);
#355=CIRCLE('',#7542,6.);
#356=CIRCLE('',#7545,5.);
#357=CIRCLE('',#7546,6.);
#358=CIRCLE('',#7549,5.);
#359=CIRCLE('',#7550,6.);
#360=CIRCLE('',#7553,6.);
#361=CIRCLE('',#7556,6.);
#362=CIRCLE('',#7562,3.);
#363=CIRCLE('',#7563,3.);
#364=CIRCLE('',#7564,3.);
#365=CIRCLE('',#7565,3.);
#366=CIRCLE('',#7566,3.);
#367=CIRCLE('',#7568,1.5);
#368=CIRCLE('',#7569,1.5);
#369=CIRCLE('',#7572,1.5);
#370=CIRCLE('',#7573,1.5);
#371=CIRCLE('',#7575,2.5);
#372=CIRCLE('',#7576,1.5);
#373=CIRCLE('',#7578,2.5);
#374=CIRCLE('',#7579,1.5);
#375=CIRCLE('',#7581,1.5);
#376=CIRCLE('',#7582,1.5);
#377=CIRCLE('',#7585,1.5);
#378=CIRCLE('',#7586,1.5);
#379=CIRCLE('',#7588,2.5);
#380=CIRCLE('',#7589,1.5);
#381=CIRCLE('',#7591,2.5);
#382=CIRCLE('',#7592,1.5);
#383=CIRCLE('',#7594,1.5);
#384=CIRCLE('',#7595,1.5);
#385=CIRCLE('',#7597,1.5);
#386=CIRCLE('',#7598,1.5);
#387=CIRCLE('',#7601,2.5);
#388=CIRCLE('',#7602,1.5);
#389=CIRCLE('',#7604,2.5);
#390=CIRCLE('',#7605,1.5);
#391=CIRCLE('',#7607,1.5);
#392=CIRCLE('',#7608,1.5);
#393=CIRCLE('',#7610,1.5);
#394=CIRCLE('',#7611,1.5);
#395=CIRCLE('',#7614,2.5);
#396=CIRCLE('',#7615,1.5);
#397=CIRCLE('',#7617,2.5);
#398=CIRCLE('',#7618,1.5);
#399=CIRCLE('',#7620,1.5);
#400=CIRCLE('',#7621,1.5);
#401=CIRCLE('',#7623,1.5);
#402=CIRCLE('',#7624,1.5);
#403=CIRCLE('',#7627,2.5);
#404=CIRCLE('',#7628,1.5);
#405=CIRCLE('',#7630,2.5);
#406=CIRCLE('',#7631,1.5);
#407=CIRCLE('',#7635,2.5);
#408=CIRCLE('',#7638,2.5);
#409=CIRCLE('',#7641,2.5);
#410=CIRCLE('',#7644,2.5);
#411=CIRCLE('',#7647,2.5);
#412=CIRCLE('',#7649,2.5);
#413=CIRCLE('',#7654,2.5);
#414=CIRCLE('',#7659,2.5);
#415=CIRCLE('',#7664,2.5);
#416=CIRCLE('',#7669,2.5);
#417=CIRCLE('',#7674,3.);
#418=CIRCLE('',#7675,2.5);
#419=CIRCLE('',#7678,2.5);
#420=CIRCLE('',#7679,3.);
#421=CIRCLE('',#7681,2.5);
#422=CIRCLE('',#7684,2.5);
#423=CIRCLE('',#7686,0.25);
#424=CIRCLE('',#7687,1.5);
#425=CIRCLE('',#7688,1.5);
#426=CIRCLE('',#7689,1.5);
#427=CIRCLE('',#7690,1.5);
#428=CIRCLE('',#7691,1.5);
#429=CIRCLE('',#7692,1.5);
#430=CIRCLE('',#7693,0.25);
#431=CIRCLE('',#7694,3.5);
#432=CIRCLE('',#7695,3.5);
#433=CIRCLE('',#7697,1.5);
#434=CIRCLE('',#7700,1.5);
#435=CIRCLE('',#7703,1.5);
#436=CIRCLE('',#7705,1.5);
#437=CIRCLE('',#7708,1.5);
#438=CIRCLE('',#7711,1.5);
#439=CIRCLE('',#7714,0.25);
#440=CIRCLE('',#7717,0.25);
#441=CIRCLE('',#7718,0.25);
#442=CIRCLE('',#7721,0.25);
#443=CIRCLE('',#7723,0.25);
#444=CIRCLE('',#7724,0.25);
#445=CIRCLE('',#7726,4.91421356237309);
#446=CIRCLE('',#7727,4.91421356237309);
#447=CIRCLE('',#7735,4.91421358871487);
#448=CIRCLE('',#7736,4.91421358871487);
#449=CIRCLE('',#7740,1.5);
#450=CIRCLE('',#7743,5.);
#451=CIRCLE('',#7744,1.5);
#452=CIRCLE('',#7746,1.5);
#453=CIRCLE('',#7749,5.);
#454=CIRCLE('',#7750,1.5);
#455=CIRCLE('',#7751,3.5);
#456=CIRCLE('',#7753,5.);
#457=CIRCLE('',#7755,1.5);
#458=CIRCLE('',#7757,1.5);
#459=CIRCLE('',#7762,5.);
#460=CIRCLE('',#7766,1.5);
#461=CIRCLE('',#7768,3.5);
#462=CIRCLE('',#7769,1.5);
#463=CIRCLE('',#7774,2.5);
#464=CIRCLE('',#7777,2.);
#465=CIRCLE('',#7778,2.);
#466=CIRCLE('',#7780,2.5);
#467=CIRCLE('',#7781,2.5);
#468=CIRCLE('',#7782,2.5);
#469=CIRCLE('',#7787,2.);
#470=CIRCLE('',#7790,2.);
#471=CIRCLE('',#7794,3.);
#472=CIRCLE('',#7795,2.5);
#473=CIRCLE('',#7798,2.5);
#474=CIRCLE('',#7799,3.);
#475=CIRCLE('',#7801,2.5);
#476=CIRCLE('',#7804,2.5);
#477=CIRCLE('',#7806,0.25);
#478=CIRCLE('',#7807,1.5);
#479=CIRCLE('',#7808,1.5);
#480=CIRCLE('',#7809,1.5);
#481=CIRCLE('',#7810,1.5);
#482=CIRCLE('',#7811,1.5);
#483=CIRCLE('',#7812,1.5);
#484=CIRCLE('',#7813,0.25);
#485=CIRCLE('',#7814,3.5);
#486=CIRCLE('',#7815,3.5);
#487=CIRCLE('',#7817,1.5);
#488=CIRCLE('',#7820,1.5);
#489=CIRCLE('',#7823,1.5);
#490=CIRCLE('',#7826,1.5);
#491=CIRCLE('',#7829,1.5);
#492=CIRCLE('',#7832,1.5);
#493=CIRCLE('',#7834,0.25);
#494=CIRCLE('',#7835,0.25);
#495=CIRCLE('',#7838,0.25);
#496=CIRCLE('',#7840,0.25);
#497=CIRCLE('',#7841,0.25);
#498=CIRCLE('',#7843,0.25);
#499=CIRCLE('',#7846,4.91421358871487);
#500=CIRCLE('',#7847,4.91421358871487);
#501=CIRCLE('',#7856,4.9142135623731);
#502=CIRCLE('',#7857,4.9142135623731);
#503=CIRCLE('',#7859,1.5);
#504=CIRCLE('',#7862,5.);
#505=CIRCLE('',#7863,1.5);
#506=CIRCLE('',#7865,5.);
#507=CIRCLE('',#7868,1.5);
#508=CIRCLE('',#7871,5.);
#509=CIRCLE('',#7872,1.5);
#510=CIRCLE('',#7873,3.5);
#511=CIRCLE('',#7875,1.5);
#512=CIRCLE('',#7877,1.5);
#513=CIRCLE('',#7878,5.);
#514=CIRCLE('',#7884,1.5);
#515=CIRCLE('',#7886,3.5);
#516=CIRCLE('',#7887,1.5);
#517=CIRCLE('',#7895,2.5);
#518=CIRCLE('',#7897,2.);
#519=CIRCLE('',#7898,2.);
#520=CIRCLE('',#7900,2.5);
#521=CIRCLE('',#7901,2.5);
#522=CIRCLE('',#7902,2.5);
#523=CIRCLE('',#7907,2.);
#524=CIRCLE('',#7910,2.);
#525=CIRCLE('',#7914,3.);
#526=CIRCLE('',#7915,2.5);
#527=CIRCLE('',#7918,2.5);
#528=CIRCLE('',#7919,3.);
#529=CIRCLE('',#7921,2.5);
#530=CIRCLE('',#7924,2.5);
#531=CIRCLE('',#7926,0.25);
#532=CIRCLE('',#7927,1.5);
#533=CIRCLE('',#7928,1.5);
#534=CIRCLE('',#7929,1.5);
#535=CIRCLE('',#7930,1.5);
#536=CIRCLE('',#7931,1.5);
#537=CIRCLE('',#7932,1.5);
#538=CIRCLE('',#7933,0.25);
#539=CIRCLE('',#7934,3.5);
#540=CIRCLE('',#7935,3.5);
#541=CIRCLE('',#7937,1.5);
#542=CIRCLE('',#7940,1.5);
#543=CIRCLE('',#7943,1.5);
#544=CIRCLE('',#7945,1.5);
#545=CIRCLE('',#7948,1.5);
#546=CIRCLE('',#7950,1.5);
#547=CIRCLE('',#7953,0.25);
#548=CIRCLE('',#7956,0.25);
#549=CIRCLE('',#7957,0.25);
#550=CIRCLE('',#7960,0.25);
#551=CIRCLE('',#7962,0.25);
#552=CIRCLE('',#7963,0.25);
#553=CIRCLE('',#7966,4.91421358871487);
#554=CIRCLE('',#7967,4.91421358871487);
#555=CIRCLE('',#7976,4.91421356237309);
#556=CIRCLE('',#7977,4.9142135623731);
#557=CIRCLE('',#7979,1.5);
#558=CIRCLE('',#7982,5.);
#559=CIRCLE('',#7983,1.5);
#560=CIRCLE('',#7985,5.);
#561=CIRCLE('',#7988,1.5);
#562=CIRCLE('',#7991,5.);
#563=CIRCLE('',#7992,1.5);
#564=CIRCLE('',#7993,3.5);
#565=CIRCLE('',#7995,1.5);
#566=CIRCLE('',#7997,1.5);
#567=CIRCLE('',#7998,5.);
#568=CIRCLE('',#8004,1.5);
#569=CIRCLE('',#8006,3.5);
#570=CIRCLE('',#8007,1.5);
#571=CIRCLE('',#8015,2.5);
#572=CIRCLE('',#8017,2.);
#573=CIRCLE('',#8018,2.);
#574=CIRCLE('',#8020,2.5);
#575=CIRCLE('',#8021,2.5);
#576=CIRCLE('',#8022,2.5);
#577=CIRCLE('',#8027,2.);
#578=CIRCLE('',#8030,2.);
#579=CIRCLE('',#8034,3.);
#580=CIRCLE('',#8035,2.5);
#581=CIRCLE('',#8038,2.5);
#582=CIRCLE('',#8039,3.);
#583=CIRCLE('',#8041,2.5);
#584=CIRCLE('',#8044,2.5);
#585=CIRCLE('',#8046,0.25);
#586=CIRCLE('',#8047,1.5);
#587=CIRCLE('',#8048,1.5);
#588=CIRCLE('',#8049,1.5);
#589=CIRCLE('',#8050,1.5);
#590=CIRCLE('',#8051,1.5);
#591=CIRCLE('',#8052,1.5);
#592=CIRCLE('',#8053,0.25);
#593=CIRCLE('',#8054,3.5);
#594=CIRCLE('',#8055,3.5);
#595=CIRCLE('',#8057,1.5);
#596=CIRCLE('',#8060,1.5);
#597=CIRCLE('',#8063,1.5);
#598=CIRCLE('',#8065,1.5);
#599=CIRCLE('',#8068,1.5);
#600=CIRCLE('',#8070,1.5);
#601=CIRCLE('',#8073,0.25);
#602=CIRCLE('',#8076,0.25);
#603=CIRCLE('',#8077,0.25);
#604=CIRCLE('',#8080,0.25);
#605=CIRCLE('',#8082,0.25);
#606=CIRCLE('',#8083,0.25);
#607=CIRCLE('',#8086,4.91421358871487);
#608=CIRCLE('',#8087,4.91421358871487);
#609=CIRCLE('',#8096,4.9142135623731);
#610=CIRCLE('',#8097,4.91421356237309);
#611=CIRCLE('',#8099,1.5);
#612=CIRCLE('',#8102,5.);
#613=CIRCLE('',#8103,1.50000000000001);
#614=CIRCLE('',#8105,5.);
#615=CIRCLE('',#8108,1.5);
#616=CIRCLE('',#8111,5.);
#617=CIRCLE('',#8112,1.5);
#618=CIRCLE('',#8113,3.5);
#619=CIRCLE('',#8116,1.5);
#620=CIRCLE('',#8118,3.5);
#621=CIRCLE('',#8119,1.5);
#622=CIRCLE('',#8124,5.);
#623=CIRCLE('',#8128,1.5);
#624=CIRCLE('',#8130,1.5);
#625=CIRCLE('',#8135,2.5);
#626=CIRCLE('',#8137,2.);
#627=CIRCLE('',#8138,2.);
#628=CIRCLE('',#8140,2.5);
#629=CIRCLE('',#8141,2.5);
#630=CIRCLE('',#8142,2.5);
#631=CIRCLE('',#8147,2.);
#632=CIRCLE('',#8150,2.);
#633=CIRCLE('',#8154,3.);
#634=CIRCLE('',#8155,2.5);
#635=CIRCLE('',#8158,2.5);
#636=CIRCLE('',#8159,3.);
#637=CIRCLE('',#8161,2.5);
#638=CIRCLE('',#8164,2.5);
#639=CIRCLE('',#8166,0.25);
#640=CIRCLE('',#8167,1.5);
#641=CIRCLE('',#8168,1.5);
#642=CIRCLE('',#8169,1.5);
#643=CIRCLE('',#8170,1.5);
#644=CIRCLE('',#8171,1.5);
#645=CIRCLE('',#8172,1.5);
#646=CIRCLE('',#8173,0.25);
#647=CIRCLE('',#8174,3.5);
#648=CIRCLE('',#8175,3.5);
#649=CIRCLE('',#8177,1.5);
#650=CIRCLE('',#8180,1.5);
#651=CIRCLE('',#8182,3.5);
#652=CIRCLE('',#8183,3.5);
#653=CIRCLE('',#8184,1.5);
#654=CIRCLE('',#8185,1.5);
#655=CIRCLE('',#8186,1.5);
#656=CIRCLE('',#8187,1.5);
#657=CIRCLE('',#8188,0.25);
#658=CIRCLE('',#8189,0.25);
#659=CIRCLE('',#8199,0.25);
#660=CIRCLE('',#8201,0.25);
#661=CIRCLE('',#8203,0.25);
#662=CIRCLE('',#8206,0.25);
#663=CIRCLE('',#8209,4.91421356237309);
#664=CIRCLE('',#8210,4.91421356237309);
#665=CIRCLE('',#8218,4.91421358871487);
#666=CIRCLE('',#8219,4.91421358871487);
#667=CIRCLE('',#8223,1.5);
#668=CIRCLE('',#8226,5.);
#669=CIRCLE('',#8227,1.5);
#670=CIRCLE('',#8229,1.5);
#671=CIRCLE('',#8232,5.);
#672=CIRCLE('',#8233,1.5);
#673=CIRCLE('',#8235,5.);
#674=CIRCLE('',#8237,1.5);
#675=CIRCLE('',#8239,1.5);
#676=CIRCLE('',#8244,5.);
#677=CIRCLE('',#8248,1.5);
#678=CIRCLE('',#8250,1.5);
#679=CIRCLE('',#8255,2.5);
#680=CIRCLE('',#8257,2.);
#681=CIRCLE('',#8258,2.);
#682=CIRCLE('',#8260,2.5);
#683=CIRCLE('',#8261,2.5);
#684=CIRCLE('',#8262,2.5);
#685=CIRCLE('',#8267,2.);
#686=CIRCLE('',#8270,2.);
#687=CONICAL_SURFACE('',#7507,5.5,0.785398163397448);
#688=CONICAL_SURFACE('',#7511,5.5,0.785398163397449);
#689=CONICAL_SURFACE('',#7515,5.5,0.785398163397449);
#690=CONICAL_SURFACE('',#7519,5.5,0.785398163397451);
#691=CONICAL_SURFACE('',#7523,5.5,0.785398163397448);
#692=CONICAL_SURFACE('',#7540,5.5,0.785398163397448);
#693=CONICAL_SURFACE('',#7544,5.5,0.785398163397451);
#694=CONICAL_SURFACE('',#7548,5.5,0.785398163397449);
#695=CONICAL_SURFACE('',#7552,5.5,0.785398163397449);
#696=CONICAL_SURFACE('',#7555,5.5,0.785398163397448);
#697=CONICAL_SURFACE('',#7673,2.75,0.78539816339745);
#698=CONICAL_SURFACE('',#7677,2.75,0.78539816339745);
#699=CONICAL_SURFACE('',#7786,2.25,0.785398163397449);
#700=CONICAL_SURFACE('',#7789,2.25,0.785398163397449);
#701=CONICAL_SURFACE('',#7793,2.75,0.785398163397447);
#702=CONICAL_SURFACE('',#7797,2.75,0.785398163397447);
#703=CONICAL_SURFACE('',#7906,2.25,0.785398163397449);
#704=CONICAL_SURFACE('',#7909,2.25,0.785398163397449);
#705=CONICAL_SURFACE('',#7913,2.75,0.785398163397444);
#706=CONICAL_SURFACE('',#7917,2.75,0.785398163397449);
#707=CONICAL_SURFACE('',#8026,2.25,0.785398163397449);
#708=CONICAL_SURFACE('',#8029,2.25,0.785398163397449);
#709=CONICAL_SURFACE('',#8033,2.75,0.785398163397449);
#710=CONICAL_SURFACE('',#8037,2.75,0.785398163397448);
#711=CONICAL_SURFACE('',#8146,2.25,0.785398163397449);
#712=CONICAL_SURFACE('',#8149,2.25,0.785398163397449);
#713=CONICAL_SURFACE('',#8153,2.75,0.785398163397451);
#714=CONICAL_SURFACE('',#8157,2.75,0.785398163397448);
#715=CONICAL_SURFACE('',#8266,2.25,0.785398163397449);
#716=CONICAL_SURFACE('',#8269,2.25,0.785398163397449);
#717=FACE_OUTER_BOUND('',#1104,.T.);
#718=FACE_OUTER_BOUND('',#1105,.T.);
#719=FACE_OUTER_BOUND('',#1106,.T.);
#720=FACE_OUTER_BOUND('',#1107,.T.);
#721=FACE_OUTER_BOUND('',#1108,.T.);
#722=FACE_OUTER_BOUND('',#1109,.T.);
#723=FACE_OUTER_BOUND('',#1110,.T.);
#724=FACE_OUTER_BOUND('',#1111,.T.);
#725=FACE_OUTER_BOUND('',#1112,.T.);
#726=FACE_OUTER_BOUND('',#1113,.T.);
#727=FACE_OUTER_BOUND('',#1114,.T.);
#728=FACE_OUTER_BOUND('',#1115,.T.);
#729=FACE_OUTER_BOUND('',#1116,.T.);
#730=FACE_OUTER_BOUND('',#1117,.T.);
#731=FACE_OUTER_BOUND('',#1118,.T.);
#732=FACE_OUTER_BOUND('',#1119,.T.);
#733=FACE_OUTER_BOUND('',#1121,.T.);
#734=FACE_OUTER_BOUND('',#1122,.T.);
#735=FACE_OUTER_BOUND('',#1123,.T.);
#736=FACE_OUTER_BOUND('',#1124,.T.);
#737=FACE_OUTER_BOUND('',#1125,.T.);
#738=FACE_OUTER_BOUND('',#1126,.T.);
#739=FACE_OUTER_BOUND('',#1127,.T.);
#740=FACE_OUTER_BOUND('',#1128,.T.);
#741=FACE_OUTER_BOUND('',#1129,.T.);
#742=FACE_OUTER_BOUND('',#1130,.T.);
#743=FACE_OUTER_BOUND('',#1131,.T.);
#744=FACE_OUTER_BOUND('',#1132,.T.);
#745=FACE_OUTER_BOUND('',#1133,.T.);
#746=FACE_OUTER_BOUND('',#1134,.T.);
#747=FACE_OUTER_BOUND('',#1135,.T.);
#748=FACE_OUTER_BOUND('',#1137,.T.);
#749=FACE_OUTER_BOUND('',#1138,.T.);
#750=FACE_OUTER_BOUND('',#1139,.T.);
#751=FACE_OUTER_BOUND('',#1140,.T.);
#752=FACE_OUTER_BOUND('',#1142,.T.);
#753=FACE_OUTER_BOUND('',#1144,.T.);
#754=FACE_OUTER_BOUND('',#1145,.T.);
#755=FACE_OUTER_BOUND('',#1146,.T.);
#756=FACE_OUTER_BOUND('',#1147,.T.);
#757=FACE_OUTER_BOUND('',#1149,.T.);
#758=FACE_OUTER_BOUND('',#1151,.T.);
#759=FACE_OUTER_BOUND('',#1152,.T.);
#760=FACE_OUTER_BOUND('',#1153,.T.);
#761=FACE_OUTER_BOUND('',#1154,.T.);
#762=FACE_OUTER_BOUND('',#1156,.T.);
#763=FACE_OUTER_BOUND('',#1158,.T.);
#764=FACE_OUTER_BOUND('',#1159,.T.);
#765=FACE_OUTER_BOUND('',#1160,.T.);
#766=FACE_OUTER_BOUND('',#1161,.T.);
#767=FACE_OUTER_BOUND('',#1163,.T.);
#768=FACE_OUTER_BOUND('',#1165,.T.);
#769=FACE_OUTER_BOUND('',#1166,.T.);
#770=FACE_OUTER_BOUND('',#1167,.T.);
#771=FACE_OUTER_BOUND('',#1168,.T.);
#772=FACE_OUTER_BOUND('',#1170,.T.);
#773=FACE_OUTER_BOUND('',#1172,.T.);
#774=FACE_OUTER_BOUND('',#1173,.T.);
#775=FACE_OUTER_BOUND('',#1174,.T.);
#776=FACE_OUTER_BOUND('',#1175,.T.);
#777=FACE_OUTER_BOUND('',#1176,.T.);
#778=FACE_OUTER_BOUND('',#1177,.T.);
#779=FACE_OUTER_BOUND('',#1178,.T.);
#780=FACE_OUTER_BOUND('',#1179,.T.);
#781=FACE_OUTER_BOUND('',#1180,.T.);
#782=FACE_OUTER_BOUND('',#1181,.T.);
#783=FACE_OUTER_BOUND('',#1182,.T.);
#784=FACE_OUTER_BOUND('',#1183,.T.);
#785=FACE_OUTER_BOUND('',#1184,.T.);
#786=FACE_OUTER_BOUND('',#1185,.T.);
#787=FACE_OUTER_BOUND('',#1186,.T.);
#788=FACE_OUTER_BOUND('',#1187,.T.);
#789=FACE_OUTER_BOUND('',#1188,.T.);
#790=FACE_OUTER_BOUND('',#1189,.T.);
#791=FACE_OUTER_BOUND('',#1190,.T.);
#792=FACE_OUTER_BOUND('',#1191,.T.);
#793=FACE_OUTER_BOUND('',#1192,.T.);
#794=FACE_OUTER_BOUND('',#1193,.T.);
#795=FACE_OUTER_BOUND('',#1194,.T.);
#796=FACE_OUTER_BOUND('',#1195,.T.);
#797=FACE_OUTER_BOUND('',#1196,.T.);
#798=FACE_OUTER_BOUND('',#1197,.T.);
#799=FACE_OUTER_BOUND('',#1198,.T.);
#800=FACE_OUTER_BOUND('',#1199,.T.);
#801=FACE_OUTER_BOUND('',#1200,.T.);
#802=FACE_OUTER_BOUND('',#1201,.T.);
#803=FACE_OUTER_BOUND('',#1202,.T.);
#804=FACE_OUTER_BOUND('',#1203,.T.);
#805=FACE_OUTER_BOUND('',#1204,.T.);
#806=FACE_OUTER_BOUND('',#1205,.T.);
#807=FACE_OUTER_BOUND('',#1206,.T.);
#808=FACE_OUTER_BOUND('',#1207,.T.);
#809=FACE_OUTER_BOUND('',#1208,.T.);
#810=FACE_OUTER_BOUND('',#1209,.T.);
#811=FACE_OUTER_BOUND('',#1210,.T.);
#812=FACE_OUTER_BOUND('',#1211,.T.);
#813=FACE_OUTER_BOUND('',#1212,.T.);
#814=FACE_OUTER_BOUND('',#1213,.T.);
#815=FACE_OUTER_BOUND('',#1214,.T.);
#816=FACE_OUTER_BOUND('',#1215,.T.);
#817=FACE_OUTER_BOUND('',#1216,.T.);
#818=FACE_OUTER_BOUND('',#1217,.T.);
#819=FACE_OUTER_BOUND('',#1218,.T.);
#820=FACE_OUTER_BOUND('',#1219,.T.);
#821=FACE_OUTER_BOUND('',#1220,.T.);
#822=FACE_OUTER_BOUND('',#1221,.T.);
#823=FACE_OUTER_BOUND('',#1222,.T.);
#824=FACE_OUTER_BOUND('',#1223,.T.);
#825=FACE_OUTER_BOUND('',#1224,.T.);
#826=FACE_OUTER_BOUND('',#1225,.T.);
#827=FACE_OUTER_BOUND('',#1226,.T.);
#828=FACE_OUTER_BOUND('',#1227,.T.);
#829=FACE_OUTER_BOUND('',#1228,.T.);
#830=FACE_OUTER_BOUND('',#1229,.T.);
#831=FACE_OUTER_BOUND('',#1230,.T.);
#832=FACE_OUTER_BOUND('',#1231,.T.);
#833=FACE_OUTER_BOUND('',#1232,.T.);
#834=FACE_OUTER_BOUND('',#1233,.T.);
#835=FACE_OUTER_BOUND('',#1234,.T.);
#836=FACE_OUTER_BOUND('',#1235,.T.);
#837=FACE_OUTER_BOUND('',#1236,.T.);
#838=FACE_OUTER_BOUND('',#1237,.T.);
#839=FACE_OUTER_BOUND('',#1238,.T.);
#840=FACE_OUTER_BOUND('',#1239,.T.);
#841=FACE_OUTER_BOUND('',#1240,.T.);
#842=FACE_OUTER_BOUND('',#1241,.T.);
#843=FACE_OUTER_BOUND('',#1242,.T.);
#844=FACE_OUTER_BOUND('',#1243,.T.);
#845=FACE_OUTER_BOUND('',#1244,.T.);
#846=FACE_OUTER_BOUND('',#1245,.T.);
#847=FACE_OUTER_BOUND('',#1246,.T.);
#848=FACE_OUTER_BOUND('',#1247,.T.);
#849=FACE_OUTER_BOUND('',#1248,.T.);
#850=FACE_OUTER_BOUND('',#1249,.T.);
#851=FACE_OUTER_BOUND('',#1250,.T.);
#852=FACE_OUTER_BOUND('',#1251,.T.);
#853=FACE_OUTER_BOUND('',#1252,.T.);
#854=FACE_OUTER_BOUND('',#1254,.T.);
#855=FACE_OUTER_BOUND('',#1255,.T.);
#856=FACE_OUTER_BOUND('',#1256,.T.);
#857=FACE_OUTER_BOUND('',#1258,.T.);
#858=FACE_OUTER_BOUND('',#1260,.T.);
#859=FACE_OUTER_BOUND('',#1261,.T.);
#860=FACE_OUTER_BOUND('',#1262,.T.);
#861=FACE_OUTER_BOUND('',#1263,.T.);
#862=FACE_OUTER_BOUND('',#1264,.T.);
#863=FACE_OUTER_BOUND('',#1265,.T.);
#864=FACE_OUTER_BOUND('',#1266,.T.);
#865=FACE_OUTER_BOUND('',#1267,.T.);
#866=FACE_OUTER_BOUND('',#1268,.T.);
#867=FACE_OUTER_BOUND('',#1269,.T.);
#868=FACE_OUTER_BOUND('',#1270,.T.);
#869=FACE_OUTER_BOUND('',#1271,.T.);
#870=FACE_OUTER_BOUND('',#1272,.T.);
#871=FACE_OUTER_BOUND('',#1273,.T.);
#872=FACE_OUTER_BOUND('',#1274,.T.);
#873=FACE_OUTER_BOUND('',#1275,.T.);
#874=FACE_OUTER_BOUND('',#1276,.T.);
#875=FACE_OUTER_BOUND('',#1277,.T.);
#876=FACE_OUTER_BOUND('',#1278,.T.);
#877=FACE_OUTER_BOUND('',#1279,.T.);
#878=FACE_OUTER_BOUND('',#1280,.T.);
#879=FACE_OUTER_BOUND('',#1281,.T.);
#880=FACE_OUTER_BOUND('',#1282,.T.);
#881=FACE_OUTER_BOUND('',#1283,.T.);
#882=FACE_OUTER_BOUND('',#1284,.T.);
#883=FACE_OUTER_BOUND('',#1285,.T.);
#884=FACE_OUTER_BOUND('',#1286,.T.);
#885=FACE_OUTER_BOUND('',#1287,.T.);
#886=FACE_OUTER_BOUND('',#1288,.T.);
#887=FACE_OUTER_BOUND('',#1289,.T.);
#888=FACE_OUTER_BOUND('',#1290,.T.);
#889=FACE_OUTER_BOUND('',#1291,.T.);
#890=FACE_OUTER_BOUND('',#1292,.T.);
#891=FACE_OUTER_BOUND('',#1293,.T.);
#892=FACE_OUTER_BOUND('',#1294,.T.);
#893=FACE_OUTER_BOUND('',#1295,.T.);
#894=FACE_OUTER_BOUND('',#1296,.T.);
#895=FACE_OUTER_BOUND('',#1297,.T.);
#896=FACE_OUTER_BOUND('',#1298,.T.);
#897=FACE_OUTER_BOUND('',#1299,.T.);
#898=FACE_OUTER_BOUND('',#1300,.T.);
#899=FACE_OUTER_BOUND('',#1301,.T.);
#900=FACE_OUTER_BOUND('',#1302,.T.);
#901=FACE_OUTER_BOUND('',#1303,.T.);
#902=FACE_OUTER_BOUND('',#1304,.T.);
#903=FACE_OUTER_BOUND('',#1305,.T.);
#904=FACE_OUTER_BOUND('',#1306,.T.);
#905=FACE_OUTER_BOUND('',#1307,.T.);
#906=FACE_OUTER_BOUND('',#1308,.T.);
#907=FACE_OUTER_BOUND('',#1309,.T.);
#908=FACE_OUTER_BOUND('',#1310,.T.);
#909=FACE_OUTER_BOUND('',#1312,.T.);
#910=FACE_OUTER_BOUND('',#1313,.T.);
#911=FACE_OUTER_BOUND('',#1314,.T.);
#912=FACE_OUTER_BOUND('',#1315,.T.);
#913=FACE_OUTER_BOUND('',#1316,.T.);
#914=FACE_OUTER_BOUND('',#1317,.T.);
#915=FACE_OUTER_BOUND('',#1318,.T.);
#916=FACE_OUTER_BOUND('',#1319,.T.);
#917=FACE_OUTER_BOUND('',#1321,.T.);
#918=FACE_OUTER_BOUND('',#1323,.T.);
#919=FACE_OUTER_BOUND('',#1324,.T.);
#920=FACE_OUTER_BOUND('',#1325,.T.);
#921=FACE_OUTER_BOUND('',#1326,.T.);
#922=FACE_OUTER_BOUND('',#1327,.T.);
#923=FACE_OUTER_BOUND('',#1328,.T.);
#924=FACE_OUTER_BOUND('',#1329,.T.);
#925=FACE_OUTER_BOUND('',#1330,.T.);
#926=FACE_OUTER_BOUND('',#1331,.T.);
#927=FACE_OUTER_BOUND('',#1332,.T.);
#928=FACE_OUTER_BOUND('',#1333,.T.);
#929=FACE_OUTER_BOUND('',#1334,.T.);
#930=FACE_OUTER_BOUND('',#1335,.T.);
#931=FACE_OUTER_BOUND('',#1336,.T.);
#932=FACE_OUTER_BOUND('',#1337,.T.);
#933=FACE_OUTER_BOUND('',#1338,.T.);
#934=FACE_OUTER_BOUND('',#1339,.T.);
#935=FACE_OUTER_BOUND('',#1340,.T.);
#936=FACE_OUTER_BOUND('',#1341,.T.);
#937=FACE_OUTER_BOUND('',#1342,.T.);
#938=FACE_OUTER_BOUND('',#1343,.T.);
#939=FACE_OUTER_BOUND('',#1344,.T.);
#940=FACE_OUTER_BOUND('',#1345,.T.);
#941=FACE_OUTER_BOUND('',#1346,.T.);
#942=FACE_OUTER_BOUND('',#1347,.T.);
#943=FACE_OUTER_BOUND('',#1348,.T.);
#944=FACE_OUTER_BOUND('',#1349,.T.);
#945=FACE_OUTER_BOUND('',#1350,.T.);
#946=FACE_OUTER_BOUND('',#1351,.T.);
#947=FACE_OUTER_BOUND('',#1352,.T.);
#948=FACE_OUTER_BOUND('',#1353,.T.);
#949=FACE_OUTER_BOUND('',#1354,.T.);
#950=FACE_OUTER_BOUND('',#1355,.T.);
#951=FACE_OUTER_BOUND('',#1356,.T.);
#952=FACE_OUTER_BOUND('',#1357,.T.);
#953=FACE_OUTER_BOUND('',#1358,.T.);
#954=FACE_OUTER_BOUND('',#1359,.T.);
#955=FACE_OUTER_BOUND('',#1360,.T.);
#956=FACE_OUTER_BOUND('',#1361,.T.);
#957=FACE_OUTER_BOUND('',#1362,.T.);
#958=FACE_OUTER_BOUND('',#1363,.T.);
#959=FACE_OUTER_BOUND('',#1364,.T.);
#960=FACE_OUTER_BOUND('',#1365,.T.);
#961=FACE_OUTER_BOUND('',#1366,.T.);
#962=FACE_OUTER_BOUND('',#1367,.T.);
#963=FACE_OUTER_BOUND('',#1368,.T.);
#964=FACE_OUTER_BOUND('',#1369,.T.);
#965=FACE_OUTER_BOUND('',#1370,.T.);
#966=FACE_OUTER_BOUND('',#1371,.T.);
#967=FACE_OUTER_BOUND('',#1372,.T.);
#968=FACE_OUTER_BOUND('',#1373,.T.);
#969=FACE_OUTER_BOUND('',#1375,.T.);
#970=FACE_OUTER_BOUND('',#1376,.T.);
#971=FACE_OUTER_BOUND('',#1377,.T.);
#972=FACE_OUTER_BOUND('',#1378,.T.);
#973=FACE_OUTER_BOUND('',#1379,.T.);
#974=FACE_OUTER_BOUND('',#1380,.T.);
#975=FACE_OUTER_BOUND('',#1381,.T.);
#976=FACE_OUTER_BOUND('',#1382,.T.);
#977=FACE_OUTER_BOUND('',#1384,.T.);
#978=FACE_OUTER_BOUND('',#1386,.T.);
#979=FACE_OUTER_BOUND('',#1387,.T.);
#980=FACE_OUTER_BOUND('',#1388,.T.);
#981=FACE_OUTER_BOUND('',#1389,.T.);
#982=FACE_OUTER_BOUND('',#1390,.T.);
#983=FACE_OUTER_BOUND('',#1391,.T.);
#984=FACE_OUTER_BOUND('',#1392,.T.);
#985=FACE_OUTER_BOUND('',#1393,.T.);
#986=FACE_OUTER_BOUND('',#1394,.T.);
#987=FACE_OUTER_BOUND('',#1395,.T.);
#988=FACE_OUTER_BOUND('',#1396,.T.);
#989=FACE_OUTER_BOUND('',#1397,.T.);
#990=FACE_OUTER_BOUND('',#1398,.T.);
#991=FACE_OUTER_BOUND('',#1399,.T.);
#992=FACE_OUTER_BOUND('',#1400,.T.);
#993=FACE_OUTER_BOUND('',#1401,.T.);
#994=FACE_OUTER_BOUND('',#1402,.T.);
#995=FACE_OUTER_BOUND('',#1403,.T.);
#996=FACE_OUTER_BOUND('',#1404,.T.);
#997=FACE_OUTER_BOUND('',#1405,.T.);
#998=FACE_OUTER_BOUND('',#1406,.T.);
#999=FACE_OUTER_BOUND('',#1407,.T.);
#1000=FACE_OUTER_BOUND('',#1408,.T.);
#1001=FACE_OUTER_BOUND('',#1409,.T.);
#1002=FACE_OUTER_BOUND('',#1410,.T.);
#1003=FACE_OUTER_BOUND('',#1411,.T.);
#1004=FACE_OUTER_BOUND('',#1412,.T.);
#1005=FACE_OUTER_BOUND('',#1413,.T.);
#1006=FACE_OUTER_BOUND('',#1414,.T.);
#1007=FACE_OUTER_BOUND('',#1415,.T.);
#1008=FACE_OUTER_BOUND('',#1416,.T.);
#1009=FACE_OUTER_BOUND('',#1417,.T.);
#1010=FACE_OUTER_BOUND('',#1418,.T.);
#1011=FACE_OUTER_BOUND('',#1419,.T.);
#1012=FACE_OUTER_BOUND('',#1420,.T.);
#1013=FACE_OUTER_BOUND('',#1421,.T.);
#1014=FACE_OUTER_BOUND('',#1422,.T.);
#1015=FACE_OUTER_BOUND('',#1423,.T.);
#1016=FACE_OUTER_BOUND('',#1424,.T.);
#1017=FACE_OUTER_BOUND('',#1425,.T.);
#1018=FACE_OUTER_BOUND('',#1426,.T.);
#1019=FACE_OUTER_BOUND('',#1427,.T.);
#1020=FACE_OUTER_BOUND('',#1428,.T.);
#1021=FACE_OUTER_BOUND('',#1429,.T.);
#1022=FACE_OUTER_BOUND('',#1430,.T.);
#1023=FACE_OUTER_BOUND('',#1431,.T.);
#1024=FACE_OUTER_BOUND('',#1432,.T.);
#1025=FACE_OUTER_BOUND('',#1433,.T.);
#1026=FACE_OUTER_BOUND('',#1434,.T.);
#1027=FACE_OUTER_BOUND('',#1435,.T.);
#1028=FACE_OUTER_BOUND('',#1436,.T.);
#1029=FACE_OUTER_BOUND('',#1437,.T.);
#1030=FACE_OUTER_BOUND('',#1438,.T.);
#1031=FACE_OUTER_BOUND('',#1439,.T.);
#1032=FACE_OUTER_BOUND('',#1440,.T.);
#1033=FACE_OUTER_BOUND('',#1442,.T.);
#1034=FACE_OUTER_BOUND('',#1443,.T.);
#1035=FACE_OUTER_BOUND('',#1444,.T.);
#1036=FACE_OUTER_BOUND('',#1445,.T.);
#1037=FACE_OUTER_BOUND('',#1447,.T.);
#1038=FACE_OUTER_BOUND('',#1449,.T.);
#1039=FACE_OUTER_BOUND('',#1450,.T.);
#1040=FACE_OUTER_BOUND('',#1451,.T.);
#1041=FACE_OUTER_BOUND('',#1452,.T.);
#1042=FACE_OUTER_BOUND('',#1453,.T.);
#1043=FACE_OUTER_BOUND('',#1454,.T.);
#1044=FACE_OUTER_BOUND('',#1455,.T.);
#1045=FACE_OUTER_BOUND('',#1456,.T.);
#1046=FACE_OUTER_BOUND('',#1457,.T.);
#1047=FACE_OUTER_BOUND('',#1458,.T.);
#1048=FACE_OUTER_BOUND('',#1459,.T.);
#1049=FACE_OUTER_BOUND('',#1460,.T.);
#1050=FACE_OUTER_BOUND('',#1461,.T.);
#1051=FACE_OUTER_BOUND('',#1462,.T.);
#1052=FACE_OUTER_BOUND('',#1463,.T.);
#1053=FACE_OUTER_BOUND('',#1464,.T.);
#1054=FACE_OUTER_BOUND('',#1465,.T.);
#1055=FACE_OUTER_BOUND('',#1466,.T.);
#1056=FACE_OUTER_BOUND('',#1467,.T.);
#1057=FACE_OUTER_BOUND('',#1469,.T.);
#1058=FACE_OUTER_BOUND('',#1470,.T.);
#1059=FACE_OUTER_BOUND('',#1471,.T.);
#1060=FACE_OUTER_BOUND('',#1472,.T.);
#1061=FACE_OUTER_BOUND('',#1473,.T.);
#1062=FACE_OUTER_BOUND('',#1474,.T.);
#1063=FACE_OUTER_BOUND('',#1475,.T.);
#1064=FACE_OUTER_BOUND('',#1476,.T.);
#1065=FACE_OUTER_BOUND('',#1477,.T.);
#1066=FACE_OUTER_BOUND('',#1478,.T.);
#1067=FACE_OUTER_BOUND('',#1479,.T.);
#1068=FACE_OUTER_BOUND('',#1480,.T.);
#1069=FACE_OUTER_BOUND('',#1481,.T.);
#1070=FACE_OUTER_BOUND('',#1482,.T.);
#1071=FACE_OUTER_BOUND('',#1483,.T.);
#1072=FACE_OUTER_BOUND('',#1484,.T.);
#1073=FACE_OUTER_BOUND('',#1485,.T.);
#1074=FACE_OUTER_BOUND('',#1486,.T.);
#1075=FACE_OUTER_BOUND('',#1487,.T.);
#1076=FACE_OUTER_BOUND('',#1488,.T.);
#1077=FACE_OUTER_BOUND('',#1489,.T.);
#1078=FACE_OUTER_BOUND('',#1490,.T.);
#1079=FACE_OUTER_BOUND('',#1491,.T.);
#1080=FACE_OUTER_BOUND('',#1492,.T.);
#1081=FACE_OUTER_BOUND('',#1493,.T.);
#1082=FACE_OUTER_BOUND('',#1494,.T.);
#1083=FACE_OUTER_BOUND('',#1495,.T.);
#1084=FACE_OUTER_BOUND('',#1496,.T.);
#1085=FACE_OUTER_BOUND('',#1497,.T.);
#1086=FACE_OUTER_BOUND('',#1498,.T.);
#1087=FACE_OUTER_BOUND('',#1499,.T.);
#1088=FACE_OUTER_BOUND('',#1500,.T.);
#1089=FACE_OUTER_BOUND('',#1501,.T.);
#1090=FACE_OUTER_BOUND('',#1502,.T.);
#1091=FACE_OUTER_BOUND('',#1503,.T.);
#1092=FACE_OUTER_BOUND('',#1504,.T.);
#1093=FACE_OUTER_BOUND('',#1505,.T.);
#1094=FACE_OUTER_BOUND('',#1506,.T.);
#1095=FACE_OUTER_BOUND('',#1507,.T.);
#1096=FACE_OUTER_BOUND('',#1508,.T.);
#1097=FACE_OUTER_BOUND('',#1510,.T.);
#1098=FACE_OUTER_BOUND('',#1512,.T.);
#1099=FACE_OUTER_BOUND('',#1513,.T.);
#1100=FACE_OUTER_BOUND('',#1514,.T.);
#1101=FACE_OUTER_BOUND('',#1515,.T.);
#1102=FACE_OUTER_BOUND('',#1516,.T.);
#1103=FACE_OUTER_BOUND('',#1517,.T.);
#1104=EDGE_LOOP('',(#4678,#4679,#4680,#4681));
#1105=EDGE_LOOP('',(#4682,#4683,#4684,#4685));
#1106=EDGE_LOOP('',(#4686,#4687,#4688,#4689));
#1107=EDGE_LOOP('',(#4690,#4691,#4692,#4693));
#1108=EDGE_LOOP('',(#4694,#4695,#4696,#4697));
#1109=EDGE_LOOP('',(#4698,#4699,#4700,#4701));
#1110=EDGE_LOOP('',(#4702,#4703,#4704,#4705));
#1111=EDGE_LOOP('',(#4706,#4707,#4708,#4709));
#1112=EDGE_LOOP('',(#4710,#4711,#4712,#4713));
#1113=EDGE_LOOP('',(#4714,#4715,#4716,#4717));
#1114=EDGE_LOOP('',(#4718,#4719,#4720,#4721));
#1115=EDGE_LOOP('',(#4722,#4723,#4724,#4725));
#1116=EDGE_LOOP('',(#4726,#4727,#4728,#4729));
#1117=EDGE_LOOP('',(#4730,#4731,#4732,#4733));
#1118=EDGE_LOOP('',(#4734,#4735,#4736,#4737));
#1119=EDGE_LOOP('',(#4738,#4739,#4740,#4741,#4742,#4743,#4744,#4745,#4746,
#4747,#4748,#4749,#4750,#4751,#4752,#4753,#4754,#4755,#4756,#4757,#4758,
#4759,#4760,#4761,#4762,#4763,#4764,#4765,#4766,#4767));
#1120=EDGE_LOOP('',(#4768,#4769,#4770,#4771,#4772,#4773,#4774,#4775,#4776,
#4777));
#1121=EDGE_LOOP('',(#4778,#4779,#4780,#4781));
#1122=EDGE_LOOP('',(#4782,#4783,#4784,#4785));
#1123=EDGE_LOOP('',(#4786,#4787,#4788,#4789));
#1124=EDGE_LOOP('',(#4790,#4791,#4792,#4793));
#1125=EDGE_LOOP('',(#4794,#4795,#4796,#4797));
#1126=EDGE_LOOP('',(#4798,#4799,#4800,#4801));
#1127=EDGE_LOOP('',(#4802,#4803,#4804,#4805));
#1128=EDGE_LOOP('',(#4806,#4807,#4808,#4809));
#1129=EDGE_LOOP('',(#4810,#4811,#4812,#4813));
#1130=EDGE_LOOP('',(#4814,#4815,#4816,#4817));
#1131=EDGE_LOOP('',(#4818,#4819,#4820,#4821));
#1132=EDGE_LOOP('',(#4822,#4823,#4824,#4825));
#1133=EDGE_LOOP('',(#4826,#4827,#4828,#4829));
#1134=EDGE_LOOP('',(#4830,#4831,#4832,#4833));
#1135=EDGE_LOOP('',(#4834,#4835,#4836,#4837,#4838,#4839,#4840,#4841,#4842,
#4843,#4844,#4845,#4846,#4847,#4848,#4849,#4850,#4851,#4852,#4853,#4854,
#4855,#4856,#4857,#4858,#4859,#4860,#4861,#4862,#4863));
#1136=EDGE_LOOP('',(#4864,#4865,#4866,#4867,#4868,#4869,#4870,#4871,#4872,
#4873));
#1137=EDGE_LOOP('',(#4874,#4875,#4876,#4877));
#1138=EDGE_LOOP('',(#4878,#4879,#4880,#4881));
#1139=EDGE_LOOP('',(#4882,#4883,#4884,#4885));
#1140=EDGE_LOOP('',(#4886,#4887,#4888,#4889,#4890,#4891));
#1141=EDGE_LOOP('',(#4892));
#1142=EDGE_LOOP('',(#4893,#4894,#4895,#4896,#4897,#4898));
#1143=EDGE_LOOP('',(#4899));
#1144=EDGE_LOOP('',(#4900,#4901,#4902,#4903));
#1145=EDGE_LOOP('',(#4904,#4905,#4906,#4907));
#1146=EDGE_LOOP('',(#4908,#4909,#4910,#4911));
#1147=EDGE_LOOP('',(#4912,#4913,#4914,#4915,#4916,#4917));
#1148=EDGE_LOOP('',(#4918));
#1149=EDGE_LOOP('',(#4919,#4920,#4921,#4922,#4923,#4924));
#1150=EDGE_LOOP('',(#4925));
#1151=EDGE_LOOP('',(#4926,#4927,#4928,#4929));
#1152=EDGE_LOOP('',(#4930,#4931,#4932,#4933));
#1153=EDGE_LOOP('',(#4934,#4935,#4936,#4937));
#1154=EDGE_LOOP('',(#4938,#4939,#4940,#4941,#4942,#4943));
#1155=EDGE_LOOP('',(#4944));
#1156=EDGE_LOOP('',(#4945,#4946,#4947,#4948,#4949,#4950));
#1157=EDGE_LOOP('',(#4951));
#1158=EDGE_LOOP('',(#4952,#4953,#4954,#4955));
#1159=EDGE_LOOP('',(#4956,#4957,#4958,#4959));
#1160=EDGE_LOOP('',(#4960,#4961,#4962,#4963));
#1161=EDGE_LOOP('',(#4964,#4965,#4966,#4967,#4968,#4969));
#1162=EDGE_LOOP('',(#4970));
#1163=EDGE_LOOP('',(#4971,#4972,#4973,#4974,#4975,#4976));
#1164=EDGE_LOOP('',(#4977));
#1165=EDGE_LOOP('',(#4978,#4979,#4980,#4981));
#1166=EDGE_LOOP('',(#4982,#4983,#4984,#4985));
#1167=EDGE_LOOP('',(#4986,#4987,#4988,#4989));
#1168=EDGE_LOOP('',(#4990,#4991,#4992,#4993,#4994,#4995));
#1169=EDGE_LOOP('',(#4996));
#1170=EDGE_LOOP('',(#4997,#4998,#4999,#5000,#5001,#5002));
#1171=EDGE_LOOP('',(#5003));
#1172=EDGE_LOOP('',(#5004,#5005,#5006,#5007));
#1173=EDGE_LOOP('',(#5008,#5009,#5010,#5011,#5012,#5013,#5014,#5015));
#1174=EDGE_LOOP('',(#5016,#5017));
#1175=EDGE_LOOP('',(#5018,#5019,#5020,#5021,#5022,#5023,#5024,#5025));
#1176=EDGE_LOOP('',(#5026,#5027));
#1177=EDGE_LOOP('',(#5028,#5029,#5030,#5031,#5032,#5033,#5034,#5035));
#1178=EDGE_LOOP('',(#5036,#5037));
#1179=EDGE_LOOP('',(#5038,#5039,#5040,#5041,#5042,#5043,#5044,#5045));
#1180=EDGE_LOOP('',(#5046,#5047));
#1181=EDGE_LOOP('',(#5048,#5049,#5050,#5051,#5052,#5053,#5054,#5055));
#1182=EDGE_LOOP('',(#5056,#5057));
#1183=EDGE_LOOP('',(#5058,#5059,#5060,#5061,#5062,#5063));
#1184=EDGE_LOOP('',(#5064,#5065));
#1185=EDGE_LOOP('',(#5066,#5067,#5068,#5069,#5070,#5071));
#1186=EDGE_LOOP('',(#5072,#5073,#5074,#5075));
#1187=EDGE_LOOP('',(#5076,#5077,#5078,#5079,#5080,#5081));
#1188=EDGE_LOOP('',(#5082,#5083));
#1189=EDGE_LOOP('',(#5084,#5085,#5086,#5087,#5088,#5089));
#1190=EDGE_LOOP('',(#5090,#5091,#5092,#5093));
#1191=EDGE_LOOP('',(#5094,#5095,#5096,#5097,#5098,#5099));
#1192=EDGE_LOOP('',(#5100,#5101));
#1193=EDGE_LOOP('',(#5102,#5103,#5104,#5105,#5106,#5107));
#1194=EDGE_LOOP('',(#5108,#5109,#5110,#5111));
#1195=EDGE_LOOP('',(#5112,#5113,#5114,#5115,#5116,#5117));
#1196=EDGE_LOOP('',(#5118,#5119));
#1197=EDGE_LOOP('',(#5120,#5121,#5122,#5123,#5124,#5125));
#1198=EDGE_LOOP('',(#5126,#5127,#5128,#5129));
#1199=EDGE_LOOP('',(#5130,#5131,#5132,#5133,#5134,#5135));
#1200=EDGE_LOOP('',(#5136,#5137));
#1201=EDGE_LOOP('',(#5138,#5139,#5140,#5141,#5142,#5143));
#1202=EDGE_LOOP('',(#5144,#5145,#5146,#5147));
#1203=EDGE_LOOP('',(#5148,#5149,#5150,#5151));
#1204=EDGE_LOOP('',(#5152,#5153,#5154,#5155));
#1205=EDGE_LOOP('',(#5156,#5157,#5158,#5159));
#1206=EDGE_LOOP('',(#5160,#5161,#5162,#5163));
#1207=EDGE_LOOP('',(#5164,#5165,#5166,#5167));
#1208=EDGE_LOOP('',(#5168,#5169,#5170,#5171,#5172));
#1209=EDGE_LOOP('',(#5173,#5174,#5175,#5176));
#1210=EDGE_LOOP('',(#5177,#5178,#5179,#5180,#5181));
#1211=EDGE_LOOP('',(#5182,#5183,#5184,#5185,#5186,#5187,#5188,#5189,#5190,
#5191,#5192,#5193,#5194,#5195,#5196,#5197,#5198,#5199,#5200,#5201,#5202,
#5203,#5204,#5205,#5206,#5207,#5208,#5209,#5210));
#1212=EDGE_LOOP('',(#5211,#5212,#5213,#5214));
#1213=EDGE_LOOP('',(#5215,#5216,#5217,#5218));
#1214=EDGE_LOOP('',(#5219,#5220,#5221,#5222));
#1215=EDGE_LOOP('',(#5223,#5224,#5225,#5226));
#1216=EDGE_LOOP('',(#5227,#5228,#5229,#5230));
#1217=EDGE_LOOP('',(#5231,#5232,#5233,#5234));
#1218=EDGE_LOOP('',(#5235,#5236,#5237,#5238,#5239,#5240,#5241,#5242));
#1219=EDGE_LOOP('',(#5243,#5244,#5245,#5246));
#1220=EDGE_LOOP('',(#5247,#5248,#5249,#5250));
#1221=EDGE_LOOP('',(#5251,#5252,#5253,#5254));
#1222=EDGE_LOOP('',(#5255,#5256,#5257,#5258));
#1223=EDGE_LOOP('',(#5259,#5260,#5261,#5262));
#1224=EDGE_LOOP('',(#5263,#5264,#5265,#5266,#5267,#5268,#5269,#5270));
#1225=EDGE_LOOP('',(#5271,#5272,#5273,#5274));
#1226=EDGE_LOOP('',(#5275,#5276,#5277,#5278));
#1227=EDGE_LOOP('',(#5279,#5280,#5281,#5282));
#1228=EDGE_LOOP('',(#5283,#5284,#5285,#5286));
#1229=EDGE_LOOP('',(#5287,#5288,#5289,#5290,#5291,#5292,#5293,#5294,#5295,
#5296,#5297,#5298));
#1230=EDGE_LOOP('',(#5299,#5300,#5301,#5302,#5303,#5304));
#1231=EDGE_LOOP('',(#5305,#5306,#5307,#5308,#5309,#5310));
#1232=EDGE_LOOP('',(#5311,#5312,#5313,#5314,#5315,#5316,#5317,#5318,#5319,
#5320,#5321,#5322));
#1233=EDGE_LOOP('',(#5323,#5324,#5325,#5326,#5327,#5328,#5329,#5330));
#1234=EDGE_LOOP('',(#5331,#5332,#5333,#5334));
#1235=EDGE_LOOP('',(#5335,#5336,#5337,#5338,#5339,#5340));
#1236=EDGE_LOOP('',(#5341,#5342,#5343,#5344,#5345,#5346));
#1237=EDGE_LOOP('',(#5347,#5348,#5349,#5350,#5351,#5352));
#1238=EDGE_LOOP('',(#5353,#5354,#5355,#5356,#5357,#5358));
#1239=EDGE_LOOP('',(#5359,#5360,#5361,#5362));
#1240=EDGE_LOOP('',(#5363,#5364,#5365,#5366,#5367,#5368,#5369,#5370));
#1241=EDGE_LOOP('',(#5371,#5372,#5373,#5374,#5375,#5376));
#1242=EDGE_LOOP('',(#5377,#5378,#5379,#5380,#5381,#5382));
#1243=EDGE_LOOP('',(#5383,#5384,#5385,#5386));
#1244=EDGE_LOOP('',(#5387,#5388,#5389,#5390));
#1245=EDGE_LOOP('',(#5391,#5392,#5393,#5394,#5395,#5396));
#1246=EDGE_LOOP('',(#5397,#5398,#5399,#5400,#5401,#5402));
#1247=EDGE_LOOP('',(#5403,#5404,#5405,#5406,#5407,#5408));
#1248=EDGE_LOOP('',(#5409,#5410,#5411,#5412));
#1249=EDGE_LOOP('',(#5413,#5414,#5415,#5416));
#1250=EDGE_LOOP('',(#5417,#5418,#5419,#5420,#5421,#5422));
#1251=EDGE_LOOP('',(#5423,#5424,#5425,#5426));
#1252=EDGE_LOOP('',(#5427,#5428,#5429,#5430,#5431,#5432,#5433,#5434,#5435,
#5436));
#1253=EDGE_LOOP('',(#5437,#5438,#5439,#5440,#5441,#5442,#5443,#5444,#5445,
#5446,#5447,#5448,#5449,#5450,#5451));
#1254=EDGE_LOOP('',(#5452,#5453,#5454,#5455));
#1255=EDGE_LOOP('',(#5456,#5457,#5458,#5459,#5460,#5461,#5462,#5463));
#1256=EDGE_LOOP('',(#5464,#5465,#5466,#5467,#5468));
#1257=EDGE_LOOP('',(#5469));
#1258=EDGE_LOOP('',(#5470));
#1259=EDGE_LOOP('',(#5471));
#1260=EDGE_LOOP('',(#5472,#5473,#5474,#5475));
#1261=EDGE_LOOP('',(#5476,#5477,#5478,#5479));
#1262=EDGE_LOOP('',(#5480,#5481,#5482,#5483));
#1263=EDGE_LOOP('',(#5484,#5485,#5486,#5487));
#1264=EDGE_LOOP('',(#5488,#5489,#5490,#5491));
#1265=EDGE_LOOP('',(#5492,#5493,#5494,#5495,#5496,#5497,#5498,#5499,#5500,
#5501));
#1266=EDGE_LOOP('',(#5502,#5503,#5504,#5505));
#1267=EDGE_LOOP('',(#5506,#5507,#5508,#5509));
#1268=EDGE_LOOP('',(#5510,#5511,#5512,#5513));
#1269=EDGE_LOOP('',(#5514,#5515,#5516,#5517));
#1270=EDGE_LOOP('',(#5518,#5519,#5520,#5521));
#1271=EDGE_LOOP('',(#5522,#5523,#5524,#5525,#5526));
#1272=EDGE_LOOP('',(#5527,#5528,#5529,#5530));
#1273=EDGE_LOOP('',(#5531,#5532,#5533,#5534,#5535));
#1274=EDGE_LOOP('',(#5536,#5537,#5538,#5539,#5540,#5541,#5542,#5543,#5544,
#5545,#5546,#5547,#5548,#5549,#5550,#5551,#5552,#5553,#5554,#5555,#5556,
#5557,#5558,#5559,#5560,#5561,#5562,#5563,#5564));
#1275=EDGE_LOOP('',(#5565,#5566,#5567,#5568));
#1276=EDGE_LOOP('',(#5569,#5570,#5571,#5572,#5573,#5574,#5575,#5576));
#1277=EDGE_LOOP('',(#5577,#5578,#5579,#5580));
#1278=EDGE_LOOP('',(#5581,#5582,#5583,#5584));
#1279=EDGE_LOOP('',(#5585,#5586,#5587,#5588));
#1280=EDGE_LOOP('',(#5589,#5590,#5591,#5592));
#1281=EDGE_LOOP('',(#5593,#5594,#5595,#5596));
#1282=EDGE_LOOP('',(#5597,#5598,#5599,#5600));
#1283=EDGE_LOOP('',(#5601,#5602,#5603,#5604));
#1284=EDGE_LOOP('',(#5605,#5606,#5607,#5608));
#1285=EDGE_LOOP('',(#5609,#5610,#5611,#5612));
#1286=EDGE_LOOP('',(#5613,#5614,#5615,#5616));
#1287=EDGE_LOOP('',(#5617,#5618,#5619,#5620));
#1288=EDGE_LOOP('',(#5621,#5622,#5623,#5624));
#1289=EDGE_LOOP('',(#5625,#5626,#5627,#5628));
#1290=EDGE_LOOP('',(#5629,#5630,#5631,#5632));
#1291=EDGE_LOOP('',(#5633,#5634,#5635,#5636,#5637,#5638,#5639,#5640));
#1292=EDGE_LOOP('',(#5641,#5642,#5643,#5644,#5645,#5646,#5647,#5648,#5649,
#5650,#5651,#5652));
#1293=EDGE_LOOP('',(#5653,#5654,#5655,#5656,#5657,#5658));
#1294=EDGE_LOOP('',(#5659,#5660,#5661,#5662,#5663,#5664));
#1295=EDGE_LOOP('',(#5665,#5666,#5667,#5668,#5669,#5670,#5671,#5672));
#1296=EDGE_LOOP('',(#5673,#5674,#5675,#5676,#5677,#5678,#5679,#5680,#5681,
#5682,#5683,#5684));
#1297=EDGE_LOOP('',(#5685,#5686,#5687,#5688,#5689,#5690));
#1298=EDGE_LOOP('',(#5691,#5692,#5693,#5694,#5695,#5696));
#1299=EDGE_LOOP('',(#5697,#5698,#5699,#5700));
#1300=EDGE_LOOP('',(#5701,#5702,#5703,#5704));
#1301=EDGE_LOOP('',(#5705,#5706,#5707,#5708,#5709,#5710));
#1302=EDGE_LOOP('',(#5711,#5712,#5713,#5714,#5715,#5716));
#1303=EDGE_LOOP('',(#5717,#5718,#5719,#5720,#5721,#5722,#5723,#5724));
#1304=EDGE_LOOP('',(#5725,#5726,#5727,#5728,#5729,#5730));
#1305=EDGE_LOOP('',(#5731,#5732,#5733,#5734,#5735,#5736));
#1306=EDGE_LOOP('',(#5737,#5738,#5739,#5740,#5741,#5742));
#1307=EDGE_LOOP('',(#5743,#5744,#5745,#5746,#5747,#5748));
#1308=EDGE_LOOP('',(#5749,#5750,#5751,#5752,#5753,#5754));
#1309=EDGE_LOOP('',(#5755,#5756,#5757,#5758));
#1310=EDGE_LOOP('',(#5759,#5760,#5761,#5762,#5763,#5764,#5765,#5766,#5767,
#5768));
#1311=EDGE_LOOP('',(#5769,#5770,#5771,#5772,#5773,#5774,#5775,#5776,#5777,
#5778,#5779,#5780,#5781,#5782,#5783));
#1312=EDGE_LOOP('',(#5784,#5785,#5786,#5787,#5788,#5789));
#1313=EDGE_LOOP('',(#5790,#5791,#5792,#5793));
#1314=EDGE_LOOP('',(#5794,#5795,#5796,#5797));
#1315=EDGE_LOOP('',(#5798,#5799,#5800,#5801));
#1316=EDGE_LOOP('',(#5802,#5803,#5804,#5805));
#1317=EDGE_LOOP('',(#5806,#5807,#5808,#5809));
#1318=EDGE_LOOP('',(#5810,#5811,#5812,#5813,#5814,#5815,#5816,#5817));
#1319=EDGE_LOOP('',(#5818,#5819,#5820,#5821,#5822));
#1320=EDGE_LOOP('',(#5823));
#1321=EDGE_LOOP('',(#5824));
#1322=EDGE_LOOP('',(#5825));
#1323=EDGE_LOOP('',(#5826,#5827,#5828,#5829));
#1324=EDGE_LOOP('',(#5830,#5831,#5832,#5833));
#1325=EDGE_LOOP('',(#5834,#5835,#5836,#5837));
#1326=EDGE_LOOP('',(#5838,#5839,#5840,#5841));
#1327=EDGE_LOOP('',(#5842,#5843,#5844,#5845));
#1328=EDGE_LOOP('',(#5846,#5847,#5848,#5849,#5850,#5851,#5852,#5853,#5854,
#5855));
#1329=EDGE_LOOP('',(#5856,#5857,#5858,#5859));
#1330=EDGE_LOOP('',(#5860,#5861,#5862,#5863));
#1331=EDGE_LOOP('',(#5864,#5865,#5866,#5867));
#1332=EDGE_LOOP('',(#5868,#5869,#5870,#5871));
#1333=EDGE_LOOP('',(#5872,#5873,#5874,#5875));
#1334=EDGE_LOOP('',(#5876,#5877,#5878,#5879,#5880));
#1335=EDGE_LOOP('',(#5881,#5882,#5883,#5884));
#1336=EDGE_LOOP('',(#5885,#5886,#5887,#5888,#5889));
#1337=EDGE_LOOP('',(#5890,#5891,#5892,#5893,#5894,#5895,#5896,#5897,#5898,
#5899,#5900,#5901,#5902,#5903,#5904,#5905,#5906,#5907,#5908,#5909,#5910,
#5911,#5912,#5913,#5914,#5915,#5916,#5917,#5918));
#1338=EDGE_LOOP('',(#5919,#5920,#5921,#5922));
#1339=EDGE_LOOP('',(#5923,#5924,#5925,#5926));
#1340=EDGE_LOOP('',(#5927,#5928,#5929,#5930));
#1341=EDGE_LOOP('',(#5931,#5932,#5933,#5934));
#1342=EDGE_LOOP('',(#5935,#5936,#5937,#5938));
#1343=EDGE_LOOP('',(#5939,#5940,#5941,#5942));
#1344=EDGE_LOOP('',(#5943,#5944,#5945,#5946,#5947,#5948,#5949,#5950));
#1345=EDGE_LOOP('',(#5951,#5952,#5953,#5954));
#1346=EDGE_LOOP('',(#5955,#5956,#5957,#5958));
#1347=EDGE_LOOP('',(#5959,#5960,#5961,#5962));
#1348=EDGE_LOOP('',(#5963,#5964,#5965,#5966));
#1349=EDGE_LOOP('',(#5967,#5968,#5969,#5970,#5971,#5972,#5973,#5974));
#1350=EDGE_LOOP('',(#5975,#5976,#5977,#5978));
#1351=EDGE_LOOP('',(#5979,#5980,#5981,#5982));
#1352=EDGE_LOOP('',(#5983,#5984,#5985,#5986));
#1353=EDGE_LOOP('',(#5987,#5988,#5989,#5990));
#1354=EDGE_LOOP('',(#5991,#5992,#5993,#5994));
#1355=EDGE_LOOP('',(#5995,#5996,#5997,#5998,#5999,#6000,#6001,#6002,#6003,
#6004,#6005,#6006));
#1356=EDGE_LOOP('',(#6007,#6008,#6009,#6010,#6011,#6012));
#1357=EDGE_LOOP('',(#6013,#6014,#6015,#6016,#6017,#6018,#6019,#6020));
#1358=EDGE_LOOP('',(#6021,#6022,#6023,#6024,#6025,#6026));
#1359=EDGE_LOOP('',(#6027,#6028,#6029,#6030,#6031,#6032,#6033,#6034,#6035,
#6036,#6037,#6038));
#1360=EDGE_LOOP('',(#6039,#6040,#6041,#6042,#6043,#6044));
#1361=EDGE_LOOP('',(#6045,#6046,#6047,#6048,#6049,#6050));
#1362=EDGE_LOOP('',(#6051,#6052,#6053,#6054));
#1363=EDGE_LOOP('',(#6055,#6056,#6057,#6058));
#1364=EDGE_LOOP('',(#6059,#6060,#6061,#6062,#6063,#6064));
#1365=EDGE_LOOP('',(#6065,#6066,#6067,#6068,#6069,#6070));
#1366=EDGE_LOOP('',(#6071,#6072,#6073,#6074,#6075,#6076,#6077,#6078));
#1367=EDGE_LOOP('',(#6079,#6080,#6081,#6082,#6083,#6084));
#1368=EDGE_LOOP('',(#6085,#6086,#6087,#6088,#6089,#6090));
#1369=EDGE_LOOP('',(#6091,#6092,#6093,#6094,#6095,#6096));
#1370=EDGE_LOOP('',(#6097,#6098,#6099,#6100,#6101,#6102));
#1371=EDGE_LOOP('',(#6103,#6104,#6105,#6106,#6107,#6108));
#1372=EDGE_LOOP('',(#6109,#6110,#6111,#6112));
#1373=EDGE_LOOP('',(#6113,#6114,#6115,#6116,#6117,#6118,#6119,#6120,#6121,
#6122));
#1374=EDGE_LOOP('',(#6123,#6124,#6125,#6126,#6127,#6128,#6129,#6130,#6131,
#6132,#6133,#6134,#6135,#6136,#6137));
#1375=EDGE_LOOP('',(#6138,#6139,#6140,#6141,#6142,#6143));
#1376=EDGE_LOOP('',(#6144,#6145,#6146,#6147));
#1377=EDGE_LOOP('',(#6148,#6149,#6150,#6151));
#1378=EDGE_LOOP('',(#6152,#6153,#6154,#6155));
#1379=EDGE_LOOP('',(#6156,#6157,#6158,#6159));
#1380=EDGE_LOOP('',(#6160,#6161,#6162,#6163));
#1381=EDGE_LOOP('',(#6164,#6165,#6166,#6167,#6168,#6169,#6170,#6171));
#1382=EDGE_LOOP('',(#6172,#6173,#6174,#6175,#6176));
#1383=EDGE_LOOP('',(#6177));
#1384=EDGE_LOOP('',(#6178));
#1385=EDGE_LOOP('',(#6179));
#1386=EDGE_LOOP('',(#6180,#6181,#6182,#6183));
#1387=EDGE_LOOP('',(#6184,#6185,#6186,#6187));
#1388=EDGE_LOOP('',(#6188,#6189,#6190,#6191));
#1389=EDGE_LOOP('',(#6192,#6193,#6194,#6195));
#1390=EDGE_LOOP('',(#6196,#6197,#6198,#6199));
#1391=EDGE_LOOP('',(#6200,#6201,#6202,#6203,#6204,#6205,#6206,#6207,#6208,
#6209));
#1392=EDGE_LOOP('',(#6210,#6211,#6212,#6213));
#1393=EDGE_LOOP('',(#6214,#6215,#6216,#6217));
#1394=EDGE_LOOP('',(#6218,#6219,#6220,#6221));
#1395=EDGE_LOOP('',(#6222,#6223,#6224,#6225));
#1396=EDGE_LOOP('',(#6226,#6227,#6228,#6229));
#1397=EDGE_LOOP('',(#6230,#6231,#6232,#6233,#6234));
#1398=EDGE_LOOP('',(#6235,#6236,#6237,#6238));
#1399=EDGE_LOOP('',(#6239,#6240,#6241,#6242,#6243));
#1400=EDGE_LOOP('',(#6244,#6245,#6246,#6247,#6248,#6249,#6250,#6251,#6252,
#6253,#6254,#6255,#6256,#6257,#6258,#6259,#6260,#6261,#6262,#6263,#6264,
#6265,#6266,#6267,#6268,#6269,#6270,#6271,#6272));
#1401=EDGE_LOOP('',(#6273,#6274,#6275,#6276));
#1402=EDGE_LOOP('',(#6277,#6278,#6279,#6280));
#1403=EDGE_LOOP('',(#6281,#6282,#6283,#6284));
#1404=EDGE_LOOP('',(#6285,#6286,#6287,#6288));
#1405=EDGE_LOOP('',(#6289,#6290,#6291,#6292));
#1406=EDGE_LOOP('',(#6293,#6294,#6295,#6296));
#1407=EDGE_LOOP('',(#6297,#6298,#6299,#6300,#6301,#6302,#6303,#6304));
#1408=EDGE_LOOP('',(#6305,#6306,#6307,#6308));
#1409=EDGE_LOOP('',(#6309,#6310,#6311,#6312));
#1410=EDGE_LOOP('',(#6313,#6314,#6315,#6316));
#1411=EDGE_LOOP('',(#6317,#6318,#6319,#6320));
#1412=EDGE_LOOP('',(#6321,#6322,#6323,#6324,#6325,#6326,#6327,#6328));
#1413=EDGE_LOOP('',(#6329,#6330,#6331,#6332));
#1414=EDGE_LOOP('',(#6333,#6334,#6335,#6336));
#1415=EDGE_LOOP('',(#6337,#6338,#6339,#6340));
#1416=EDGE_LOOP('',(#6341,#6342,#6343,#6344));
#1417=EDGE_LOOP('',(#6345,#6346,#6347,#6348));
#1418=EDGE_LOOP('',(#6349,#6350,#6351,#6352,#6353,#6354,#6355,#6356,#6357,
#6358,#6359,#6360));
#1419=EDGE_LOOP('',(#6361,#6362,#6363,#6364,#6365,#6366));
#1420=EDGE_LOOP('',(#6367,#6368,#6369,#6370,#6371,#6372));
#1421=EDGE_LOOP('',(#6373,#6374,#6375,#6376,#6377,#6378,#6379,#6380));
#1422=EDGE_LOOP('',(#6381,#6382,#6383,#6384,#6385,#6386,#6387,#6388,#6389,
#6390,#6391,#6392));
#1423=EDGE_LOOP('',(#6393,#6394,#6395,#6396,#6397,#6398));
#1424=EDGE_LOOP('',(#6399,#6400,#6401,#6402,#6403,#6404));
#1425=EDGE_LOOP('',(#6405,#6406,#6407,#6408));
#1426=EDGE_LOOP('',(#6409,#6410,#6411,#6412));
#1427=EDGE_LOOP('',(#6413,#6414,#6415,#6416,#6417,#6418));
#1428=EDGE_LOOP('',(#6419,#6420,#6421,#6422,#6423,#6424));
#1429=EDGE_LOOP('',(#6425,#6426,#6427,#6428,#6429,#6430));
#1430=EDGE_LOOP('',(#6431,#6432,#6433,#6434,#6435,#6436));
#1431=EDGE_LOOP('',(#6437,#6438,#6439,#6440));
#1432=EDGE_LOOP('',(#6441,#6442,#6443,#6444));
#1433=EDGE_LOOP('',(#6445,#6446,#6447,#6448));
#1434=EDGE_LOOP('',(#6449,#6450,#6451,#6452));
#1435=EDGE_LOOP('',(#6453,#6454,#6455,#6456,#6457,#6458));
#1436=EDGE_LOOP('',(#6459,#6460,#6461,#6462,#6463,#6464,#6465,#6466));
#1437=EDGE_LOOP('',(#6467,#6468,#6469,#6470,#6471,#6472));
#1438=EDGE_LOOP('',(#6473,#6474,#6475,#6476,#6477,#6478));
#1439=EDGE_LOOP('',(#6479,#6480,#6481,#6482,#6483,#6484));
#1440=EDGE_LOOP('',(#6485,#6486,#6487,#6488,#6489,#6490,#6491,#6492,#6493,
#6494));
#1441=EDGE_LOOP('',(#6495,#6496,#6497,#6498,#6499,#6500,#6501,#6502,#6503,
#6504,#6505,#6506,#6507,#6508,#6509));
#1442=EDGE_LOOP('',(#6510,#6511,#6512,#6513));
#1443=EDGE_LOOP('',(#6514,#6515,#6516,#6517));
#1444=EDGE_LOOP('',(#6518,#6519,#6520,#6521,#6522,#6523,#6524,#6525));
#1445=EDGE_LOOP('',(#6526,#6527,#6528,#6529,#6530));
#1446=EDGE_LOOP('',(#6531));
#1447=EDGE_LOOP('',(#6532));
#1448=EDGE_LOOP('',(#6533));
#1449=EDGE_LOOP('',(#6534,#6535,#6536,#6537));
#1450=EDGE_LOOP('',(#6538,#6539,#6540,#6541));
#1451=EDGE_LOOP('',(#6542,#6543,#6544,#6545));
#1452=EDGE_LOOP('',(#6546,#6547,#6548,#6549));
#1453=EDGE_LOOP('',(#6550,#6551,#6552,#6553));
#1454=EDGE_LOOP('',(#6554,#6555,#6556,#6557,#6558,#6559,#6560,#6561,#6562,
#6563));
#1455=EDGE_LOOP('',(#6564,#6565,#6566,#6567));
#1456=EDGE_LOOP('',(#6568,#6569,#6570,#6571));
#1457=EDGE_LOOP('',(#6572,#6573,#6574,#6575));
#1458=EDGE_LOOP('',(#6576,#6577,#6578,#6579));
#1459=EDGE_LOOP('',(#6580,#6581,#6582,#6583));
#1460=EDGE_LOOP('',(#6584,#6585,#6586,#6587,#6588));
#1461=EDGE_LOOP('',(#6589,#6590,#6591,#6592));
#1462=EDGE_LOOP('',(#6593,#6594,#6595,#6596,#6597));
#1463=EDGE_LOOP('',(#6598,#6599,#6600,#6601,#6602,#6603,#6604,#6605,#6606,
#6607,#6608,#6609,#6610,#6611,#6612,#6613,#6614,#6615,#6616,#6617,#6618,
#6619,#6620,#6621,#6622,#6623,#6624,#6625,#6626));
#1464=EDGE_LOOP('',(#6627,#6628,#6629,#6630));
#1465=EDGE_LOOP('',(#6631,#6632,#6633,#6634,#6635,#6636,#6637,#6638));
#1466=EDGE_LOOP('',(#6639,#6640,#6641,#6642));
#1467=EDGE_LOOP('',(#6643,#6644,#6645,#6646,#6647,#6648,#6649,#6650,#6651,
#6652));
#1468=EDGE_LOOP('',(#6653,#6654,#6655,#6656,#6657,#6658,#6659,#6660,#6661,
#6662,#6663,#6664,#6665,#6666,#6667));
#1469=EDGE_LOOP('',(#6668,#6669,#6670,#6671));
#1470=EDGE_LOOP('',(#6672,#6673,#6674,#6675));
#1471=EDGE_LOOP('',(#6676,#6677,#6678,#6679));
#1472=EDGE_LOOP('',(#6680,#6681,#6682,#6683));
#1473=EDGE_LOOP('',(#6684,#6685,#6686,#6687));
#1474=EDGE_LOOP('',(#6688,#6689,#6690,#6691));
#1475=EDGE_LOOP('',(#6692,#6693,#6694,#6695));
#1476=EDGE_LOOP('',(#6696,#6697,#6698,#6699));
#1477=EDGE_LOOP('',(#6700,#6701,#6702,#6703));
#1478=EDGE_LOOP('',(#6704,#6705,#6706,#6707));
#1479=EDGE_LOOP('',(#6708,#6709,#6710,#6711));
#1480=EDGE_LOOP('',(#6712,#6713,#6714,#6715,#6716,#6717,#6718,#6719));
#1481=EDGE_LOOP('',(#6720,#6721,#6722,#6723));
#1482=EDGE_LOOP('',(#6724,#6725,#6726,#6727));
#1483=EDGE_LOOP('',(#6728,#6729,#6730,#6731,#6732,#6733,#6734,#6735,#6736,
#6737,#6738,#6739));
#1484=EDGE_LOOP('',(#6740,#6741,#6742,#6743,#6744,#6745));
#1485=EDGE_LOOP('',(#6746,#6747,#6748,#6749,#6750,#6751));
#1486=EDGE_LOOP('',(#6752,#6753,#6754,#6755,#6756,#6757,#6758,#6759,#6760,
#6761,#6762,#6763));
#1487=EDGE_LOOP('',(#6764,#6765,#6766,#6767,#6768,#6769,#6770,#6771));
#1488=EDGE_LOOP('',(#6772,#6773,#6774,#6775));
#1489=EDGE_LOOP('',(#6776,#6777,#6778,#6779,#6780,#6781));
#1490=EDGE_LOOP('',(#6782,#6783,#6784,#6785,#6786,#6787));
#1491=EDGE_LOOP('',(#6788,#6789,#6790,#6791,#6792,#6793));
#1492=EDGE_LOOP('',(#6794,#6795,#6796,#6797,#6798,#6799));
#1493=EDGE_LOOP('',(#6800,#6801,#6802,#6803));
#1494=EDGE_LOOP('',(#6804,#6805,#6806,#6807,#6808,#6809,#6810,#6811));
#1495=EDGE_LOOP('',(#6812,#6813,#6814,#6815,#6816,#6817));
#1496=EDGE_LOOP('',(#6818,#6819,#6820,#6821,#6822,#6823));
#1497=EDGE_LOOP('',(#6824,#6825,#6826,#6827));
#1498=EDGE_LOOP('',(#6828,#6829,#6830,#6831));
#1499=EDGE_LOOP('',(#6832,#6833,#6834,#6835,#6836,#6837));
#1500=EDGE_LOOP('',(#6838,#6839,#6840,#6841,#6842,#6843));
#1501=EDGE_LOOP('',(#6844,#6845,#6846,#6847,#6848,#6849));
#1502=EDGE_LOOP('',(#6850,#6851,#6852,#6853));
#1503=EDGE_LOOP('',(#6854,#6855,#6856,#6857));
#1504=EDGE_LOOP('',(#6858,#6859,#6860,#6861,#6862,#6863));
#1505=EDGE_LOOP('',(#6864,#6865,#6866,#6867));
#1506=EDGE_LOOP('',(#6868,#6869,#6870,#6871));
#1507=EDGE_LOOP('',(#6872,#6873,#6874,#6875,#6876,#6877,#6878,#6879));
#1508=EDGE_LOOP('',(#6880,#6881,#6882,#6883,#6884));
#1509=EDGE_LOOP('',(#6885));
#1510=EDGE_LOOP('',(#6886));
#1511=EDGE_LOOP('',(#6887));
#1512=EDGE_LOOP('',(#6888,#6889,#6890,#6891));
#1513=EDGE_LOOP('',(#6892,#6893,#6894,#6895));
#1514=EDGE_LOOP('',(#6896,#6897,#6898,#6899));
#1515=EDGE_LOOP('',(#6900,#6901,#6902,#6903));
#1516=EDGE_LOOP('',(#6904,#6905,#6906,#6907));
#1517=EDGE_LOOP('',(#6908,#6909,#6910,#6911,#6912,#6913,#6914,#6915,#6916,
#6917));
#1518=LINE('',#10473,#2178);
#1519=LINE('',#10475,#2179);
#1520=LINE('',#10477,#2180);
#1521=LINE('',#10478,#2181);
#1522=LINE('',#10483,#2182);
#1523=LINE('',#10488,#2183);
#1524=LINE('',#10489,#2184);
#1525=LINE('',#10490,#2185);
#1526=LINE('',#10495,#2186);
#1527=LINE('',#10500,#2187);
#1528=LINE('',#10501,#2188);
#1529=LINE('',#10502,#2189);
#1530=LINE('',#10507,#2190);
#1531=LINE('',#10512,#2191);
#1532=LINE('',#10513,#2192);
#1533=LINE('',#10514,#2193);
#1534=LINE('',#10519,#2194);
#1535=LINE('',#10524,#2195);
#1536=LINE('',#10525,#2196);
#1537=LINE('',#10526,#2197);
#1538=LINE('',#10532,#2198);
#1539=LINE('',#10534,#2199);
#1540=LINE('',#10535,#2200);
#1541=LINE('',#10538,#2201);
#1542=LINE('',#10542,#2202);
#1543=LINE('',#10543,#2203);
#1544=LINE('',#10546,#2204);
#1545=LINE('',#10550,#2205);
#1546=LINE('',#10551,#2206);
#1547=LINE('',#10555,#2207);
#1548=LINE('',#10557,#2208);
#1549=LINE('',#10559,#2209);
#1550=LINE('',#10561,#2210);
#1551=LINE('',#10565,#2211);
#1552=LINE('',#10567,#2212);
#1553=LINE('',#10569,#2213);
#1554=LINE('',#10571,#2214);
#1555=LINE('',#10573,#2215);
#1556=LINE('',#10577,#2216);
#1557=LINE('',#10579,#2217);
#1558=LINE('',#10581,#2218);
#1559=LINE('',#10583,#2219);
#1560=LINE('',#10585,#2220);
#1561=LINE('',#10589,#2221);
#1562=LINE('',#10591,#2222);
#1563=LINE('',#10593,#2223);
#1564=LINE('',#10595,#2224);
#1565=LINE('',#10597,#2225);
#1566=LINE('',#10601,#2226);
#1567=LINE('',#10603,#2227);
#1568=LINE('',#10605,#2228);
#1569=LINE('',#10607,#2229);
#1570=LINE('',#10609,#2230);
#1571=LINE('',#10612,#2231);
#1572=LINE('',#10615,#2232);
#1573=LINE('',#10617,#2233);
#1574=LINE('',#10618,#2234);
#1575=LINE('',#10623,#2235);
#1576=LINE('',#10628,#2236);
#1577=LINE('',#10629,#2237);
#1578=LINE('',#10630,#2238);
#1579=LINE('',#10635,#2239);
#1580=LINE('',#10640,#2240);
#1581=LINE('',#10641,#2241);
#1582=LINE('',#10642,#2242);
#1583=LINE('',#10646,#2243);
#1584=LINE('',#10650,#2244);
#1585=LINE('',#10651,#2245);
#1586=LINE('',#10654,#2246);
#1587=LINE('',#10658,#2247);
#1588=LINE('',#10659,#2248);
#1589=LINE('',#10663,#2249);
#1590=LINE('',#10664,#2250);
#1591=LINE('',#10666,#2251);
#1592=LINE('',#10668,#2252);
#1593=LINE('',#10673,#2253);
#1594=LINE('',#10675,#2254);
#1595=LINE('',#10679,#2255);
#1596=LINE('',#10681,#2256);
#1597=LINE('',#10683,#2257);
#1598=LINE('',#10685,#2258);
#1599=LINE('',#10687,#2259);
#1600=LINE('',#10691,#2260);
#1601=LINE('',#10693,#2261);
#1602=LINE('',#10695,#2262);
#1603=LINE('',#10697,#2263);
#1604=LINE('',#10699,#2264);
#1605=LINE('',#10703,#2265);
#1606=LINE('',#10705,#2266);
#1607=LINE('',#10707,#2267);
#1608=LINE('',#10709,#2268);
#1609=LINE('',#10711,#2269);
#1610=LINE('',#10715,#2270);
#1611=LINE('',#10717,#2271);
#1612=LINE('',#10719,#2272);
#1613=LINE('',#10721,#2273);
#1614=LINE('',#10723,#2274);
#1615=LINE('',#10727,#2275);
#1616=LINE('',#10729,#2276);
#1617=LINE('',#10730,#2277);
#1618=LINE('',#10735,#2278);
#1619=LINE('',#10739,#2279);
#1620=LINE('',#10741,#2280);
#1621=LINE('',#10742,#2281);
#1622=LINE('',#10758,#2282);
#1623=LINE('',#10762,#2283);
#1624=LINE('',#10764,#2284);
#1625=LINE('',#10765,#2285);
#1626=LINE('',#10782,#2286);
#1627=LINE('',#10787,#2287);
#1628=LINE('',#10790,#2288);
#1629=LINE('',#10791,#2289);
#1630=LINE('',#10805,#2290);
#1631=LINE('',#10810,#2291);
#1632=LINE('',#10813,#2292);
#1633=LINE('',#10814,#2293);
#1634=LINE('',#10828,#2294);
#1635=LINE('',#10833,#2295);
#1636=LINE('',#10836,#2296);
#1637=LINE('',#10837,#2297);
#1638=LINE('',#10858,#2298);
#1639=LINE('',#10877,#2299);
#1640=LINE('',#10899,#2300);
#1641=LINE('',#10918,#2301);
#1642=LINE('',#10940,#2302);
#1643=LINE('',#10959,#2303);
#1644=LINE('',#10981,#2304);
#1645=LINE('',#11000,#2305);
#1646=LINE('',#11022,#2306);
#1647=LINE('',#11041,#2307);
#1648=LINE('',#11057,#2308);
#1649=LINE('',#11063,#2309);
#1650=LINE('',#11069,#2310);
#1651=LINE('',#11075,#2311);
#1652=LINE('',#11081,#2312);
#1653=LINE('',#11091,#2313);
#1654=LINE('',#11096,#2314);
#1655=LINE('',#11098,#2315);
#1656=LINE('',#11100,#2316);
#1657=LINE('',#11101,#2317);
#1658=LINE('',#11135,#2318);
#1659=LINE('',#11163,#2319);
#1660=LINE('',#11166,#2320);
#1661=LINE('',#11169,#2321);
#1662=LINE('',#11170,#2322);
#1663=LINE('',#11173,#2323);
#1664=LINE('',#11177,#2324);
#1665=LINE('',#11181,#2325);
#1666=LINE('',#11185,#2326);
#1667=LINE('',#11189,#2327);
#1668=LINE('',#11193,#2328);
#1669=LINE('',#11197,#2329);
#1670=LINE('',#11203,#2330);
#1671=LINE('',#11206,#2331);
#1672=LINE('',#11208,#2332);
#1673=LINE('',#11212,#2333);
#1674=LINE('',#11214,#2334);
#1675=LINE('',#11216,#2335);
#1676=LINE('',#11218,#2336);
#1677=LINE('',#11220,#2337);
#1678=LINE('',#11222,#2338);
#1679=LINE('',#11224,#2339);
#1680=LINE('',#11227,#2340);
#1681=LINE('',#11232,#2341);
#1682=LINE('',#11233,#2342);
#1683=LINE('',#11236,#2343);
#1684=LINE('',#11237,#2344);
#1685=LINE('',#11242,#2345);
#1686=LINE('',#11243,#2346);
#1687=LINE('',#11245,#2347);
#1688=LINE('',#11249,#2348);
#1689=LINE('',#11253,#2349);
#1690=LINE('',#11256,#2350);
#1691=LINE('',#11258,#2351);
#1692=LINE('',#11260,#2352);
#1693=LINE('',#11262,#2353);
#1694=LINE('',#11264,#2354);
#1695=LINE('',#11265,#2355);
#1696=LINE('',#11268,#2356);
#1697=LINE('',#11271,#2357);
#1698=LINE('',#11273,#2358);
#1699=LINE('',#11278,#2359);
#1700=LINE('',#11279,#2360);
#1701=LINE('',#11281,#2361);
#1702=LINE('',#11286,#2362);
#1703=LINE('',#11287,#2363);
#1704=LINE('',#11290,#2364);
#1705=LINE('',#11292,#2365);
#1706=LINE('',#11294,#2366);
#1707=LINE('',#11296,#2367);
#1708=LINE('',#11297,#2368);
#1709=LINE('',#11302,#2369);
#1710=LINE('',#11306,#2370);
#1711=LINE('',#11308,#2371);
#1712=LINE('',#11309,#2372);
#1713=LINE('',#11313,#2373);
#1714=LINE('',#11319,#2374);
#1715=LINE('',#11321,#2375);
#1716=LINE('',#11325,#2376);
#1717=LINE('',#11329,#2377);
#1718=LINE('',#11330,#2378);
#1719=LINE('',#11333,#2379);
#1720=LINE('',#11337,#2380);
#1721=LINE('',#11343,#2381);
#1722=LINE('',#11346,#2382);
#1723=LINE('',#11349,#2383);
#1724=LINE('',#11353,#2384);
#1725=LINE('',#11356,#2385);
#1726=LINE('',#11357,#2386);
#1727=LINE('',#11365,#2387);
#1728=LINE('',#11376,#2388);
#1729=LINE('',#11383,#2389);
#1730=LINE('',#11385,#2390);
#1731=LINE('',#11386,#2391);
#1732=LINE('',#11398,#2392);
#1733=LINE('',#11401,#2393);
#1734=LINE('',#11411,#2394);
#1735=LINE('',#11413,#2395);
#1736=LINE('',#11419,#2396);
#1737=LINE('',#11423,#2397);
#1738=LINE('',#11424,#2398);
#1739=LINE('',#11429,#2399);
#1740=LINE('',#11431,#2400);
#1741=LINE('',#11435,#2401);
#1742=LINE('',#11442,#2402);
#1743=LINE('',#11444,#2403);
#1744=LINE('',#11447,#2404);
#1745=LINE('',#11448,#2405);
#1746=LINE('',#11452,#2406);
#1747=LINE('',#11455,#2407);
#1748=LINE('',#11456,#2408);
#1749=LINE('',#11461,#2409);
#1750=LINE('',#11467,#2410);
#1751=LINE('',#11474,#2411);
#1752=LINE('',#11476,#2412);
#1753=LINE('',#11477,#2413);
#1754=LINE('',#11480,#2414);
#1755=LINE('',#11484,#2415);
#1756=LINE('',#11485,#2416);
#1757=LINE('',#11486,#2417);
#1758=LINE('',#11500,#2418);
#1759=LINE('',#11505,#2419);
#1760=LINE('',#11507,#2420);
#1761=LINE('',#11509,#2421);
#1762=LINE('',#11510,#2422);
#1763=LINE('',#11544,#2423);
#1764=LINE('',#11572,#2424);
#1765=LINE('',#11575,#2425);
#1766=LINE('',#11578,#2426);
#1767=LINE('',#11579,#2427);
#1768=LINE('',#11582,#2428);
#1769=LINE('',#11586,#2429);
#1770=LINE('',#11590,#2430);
#1771=LINE('',#11594,#2431);
#1772=LINE('',#11598,#2432);
#1773=LINE('',#11602,#2433);
#1774=LINE('',#11606,#2434);
#1775=LINE('',#11612,#2435);
#1776=LINE('',#11615,#2436);
#1777=LINE('',#11617,#2437);
#1778=LINE('',#11621,#2438);
#1779=LINE('',#11623,#2439);
#1780=LINE('',#11625,#2440);
#1781=LINE('',#11627,#2441);
#1782=LINE('',#11629,#2442);
#1783=LINE('',#11631,#2443);
#1784=LINE('',#11633,#2444);
#1785=LINE('',#11636,#2445);
#1786=LINE('',#11639,#2446);
#1787=LINE('',#11642,#2447);
#1788=LINE('',#11645,#2448);
#1789=LINE('',#11647,#2449);
#1790=LINE('',#11649,#2450);
#1791=LINE('',#11651,#2451);
#1792=LINE('',#11653,#2452);
#1793=LINE('',#11654,#2453);
#1794=LINE('',#11657,#2454);
#1795=LINE('',#11661,#2455);
#1796=LINE('',#11662,#2456);
#1797=LINE('',#11667,#2457);
#1798=LINE('',#11668,#2458);
#1799=LINE('',#11671,#2459);
#1800=LINE('',#11672,#2460);
#1801=LINE('',#11676,#2461);
#1802=LINE('',#11679,#2462);
#1803=LINE('',#11680,#2463);
#1804=LINE('',#11684,#2464);
#1805=LINE('',#11687,#2465);
#1806=LINE('',#11688,#2466);
#1807=LINE('',#11696,#2467);
#1808=LINE('',#11699,#2468);
#1809=LINE('',#11702,#2469);
#1810=LINE('',#11704,#2470);
#1811=LINE('',#11705,#2471);
#1812=LINE('',#11709,#2472);
#1813=LINE('',#11717,#2473);
#1814=LINE('',#11718,#2474);
#1815=LINE('',#11721,#2475);
#1816=LINE('',#11723,#2476);
#1817=LINE('',#11724,#2477);
#1818=LINE('',#11725,#2478);
#1819=LINE('',#11727,#2479);
#1820=LINE('',#11729,#2480);
#1821=LINE('',#11731,#2481);
#1822=LINE('',#11735,#2482);
#1823=LINE('',#11739,#2483);
#1824=LINE('',#11740,#2484);
#1825=LINE('',#11743,#2485);
#1826=LINE('',#11747,#2486);
#1827=LINE('',#11753,#2487);
#1828=LINE('',#11756,#2488);
#1829=LINE('',#11769,#2489);
#1830=LINE('',#11776,#2490);
#1831=LINE('',#11782,#2491);
#1832=LINE('',#11785,#2492);
#1833=LINE('',#11789,#2493);
#1834=LINE('',#11794,#2494);
#1835=LINE('',#11802,#2495);
#1836=LINE('',#11805,#2496);
#1837=LINE('',#11807,#2497);
#1838=LINE('',#11808,#2498);
#1839=LINE('',#11813,#2499);
#1840=LINE('',#11823,#2500);
#1841=LINE('',#11832,#2501);
#1842=LINE('',#11833,#2502);
#1843=LINE('',#11836,#2503);
#1844=LINE('',#11840,#2504);
#1845=LINE('',#11847,#2505);
#1846=LINE('',#11848,#2506);
#1847=LINE('',#11851,#2507);
#1848=LINE('',#11853,#2508);
#1849=LINE('',#11855,#2509);
#1850=LINE('',#11856,#2510);
#1851=LINE('',#11858,#2511);
#1852=LINE('',#11859,#2512);
#1853=LINE('',#11862,#2513);
#1854=LINE('',#11870,#2514);
#1855=LINE('',#11876,#2515);
#1856=LINE('',#11883,#2516);
#1857=LINE('',#11885,#2517);
#1858=LINE('',#11886,#2518);
#1859=LINE('',#11889,#2519);
#1860=LINE('',#11893,#2520);
#1861=LINE('',#11894,#2521);
#1862=LINE('',#11895,#2522);
#1863=LINE('',#11909,#2523);
#1864=LINE('',#11914,#2524);
#1865=LINE('',#11916,#2525);
#1866=LINE('',#11918,#2526);
#1867=LINE('',#11919,#2527);
#1868=LINE('',#11953,#2528);
#1869=LINE('',#11981,#2529);
#1870=LINE('',#11984,#2530);
#1871=LINE('',#11987,#2531);
#1872=LINE('',#11988,#2532);
#1873=LINE('',#11991,#2533);
#1874=LINE('',#11995,#2534);
#1875=LINE('',#11999,#2535);
#1876=LINE('',#12003,#2536);
#1877=LINE('',#12007,#2537);
#1878=LINE('',#12011,#2538);
#1879=LINE('',#12015,#2539);
#1880=LINE('',#12021,#2540);
#1881=LINE('',#12024,#2541);
#1882=LINE('',#12026,#2542);
#1883=LINE('',#12030,#2543);
#1884=LINE('',#12032,#2544);
#1885=LINE('',#12034,#2545);
#1886=LINE('',#12036,#2546);
#1887=LINE('',#12038,#2547);
#1888=LINE('',#12040,#2548);
#1889=LINE('',#12042,#2549);
#1890=LINE('',#12045,#2550);
#1891=LINE('',#12050,#2551);
#1892=LINE('',#12051,#2552);
#1893=LINE('',#12054,#2553);
#1894=LINE('',#12055,#2554);
#1895=LINE('',#12060,#2555);
#1896=LINE('',#12061,#2556);
#1897=LINE('',#12064,#2557);
#1898=LINE('',#12065,#2558);
#1899=LINE('',#12069,#2559);
#1900=LINE('',#12072,#2560);
#1901=LINE('',#12075,#2561);
#1902=LINE('',#12078,#2562);
#1903=LINE('',#12080,#2563);
#1904=LINE('',#12082,#2564);
#1905=LINE('',#12084,#2565);
#1906=LINE('',#12086,#2566);
#1907=LINE('',#12087,#2567);
#1908=LINE('',#12090,#2568);
#1909=LINE('',#12095,#2569);
#1910=LINE('',#12097,#2570);
#1911=LINE('',#12102,#2571);
#1912=LINE('',#12103,#2572);
#1913=LINE('',#12106,#2573);
#1914=LINE('',#12108,#2574);
#1915=LINE('',#12110,#2575);
#1916=LINE('',#12112,#2576);
#1917=LINE('',#12113,#2577);
#1918=LINE('',#12118,#2578);
#1919=LINE('',#12122,#2579);
#1920=LINE('',#12124,#2580);
#1921=LINE('',#12125,#2581);
#1922=LINE('',#12129,#2582);
#1923=LINE('',#12134,#2583);
#1924=LINE('',#12136,#2584);
#1925=LINE('',#12138,#2585);
#1926=LINE('',#12140,#2586);
#1927=LINE('',#12144,#2587);
#1928=LINE('',#12148,#2588);
#1929=LINE('',#12149,#2589);
#1930=LINE('',#12152,#2590);
#1931=LINE('',#12156,#2591);
#1932=LINE('',#12170,#2592);
#1933=LINE('',#12177,#2593);
#1934=LINE('',#12183,#2594);
#1935=LINE('',#12188,#2595);
#1936=LINE('',#12191,#2596);
#1937=LINE('',#12194,#2597);
#1938=LINE('',#12198,#2598);
#1939=LINE('',#12203,#2599);
#1940=LINE('',#12211,#2600);
#1941=LINE('',#12214,#2601);
#1942=LINE('',#12216,#2602);
#1943=LINE('',#12217,#2603);
#1944=LINE('',#12222,#2604);
#1945=LINE('',#12232,#2605);
#1946=LINE('',#12241,#2606);
#1947=LINE('',#12242,#2607);
#1948=LINE('',#12245,#2608);
#1949=LINE('',#12249,#2609);
#1950=LINE('',#12256,#2610);
#1951=LINE('',#12257,#2611);
#1952=LINE('',#12260,#2612);
#1953=LINE('',#12262,#2613);
#1954=LINE('',#12264,#2614);
#1955=LINE('',#12265,#2615);
#1956=LINE('',#12267,#2616);
#1957=LINE('',#12268,#2617);
#1958=LINE('',#12271,#2618);
#1959=LINE('',#12279,#2619);
#1960=LINE('',#12285,#2620);
#1961=LINE('',#12292,#2621);
#1962=LINE('',#12294,#2622);
#1963=LINE('',#12295,#2623);
#1964=LINE('',#12298,#2624);
#1965=LINE('',#12302,#2625);
#1966=LINE('',#12303,#2626);
#1967=LINE('',#12304,#2627);
#1968=LINE('',#12318,#2628);
#1969=LINE('',#12323,#2629);
#1970=LINE('',#12325,#2630);
#1971=LINE('',#12327,#2631);
#1972=LINE('',#12328,#2632);
#1973=LINE('',#12362,#2633);
#1974=LINE('',#12390,#2634);
#1975=LINE('',#12393,#2635);
#1976=LINE('',#12396,#2636);
#1977=LINE('',#12397,#2637);
#1978=LINE('',#12400,#2638);
#1979=LINE('',#12404,#2639);
#1980=LINE('',#12408,#2640);
#1981=LINE('',#12412,#2641);
#1982=LINE('',#12416,#2642);
#1983=LINE('',#12420,#2643);
#1984=LINE('',#12424,#2644);
#1985=LINE('',#12430,#2645);
#1986=LINE('',#12433,#2646);
#1987=LINE('',#12435,#2647);
#1988=LINE('',#12439,#2648);
#1989=LINE('',#12441,#2649);
#1990=LINE('',#12443,#2650);
#1991=LINE('',#12445,#2651);
#1992=LINE('',#12447,#2652);
#1993=LINE('',#12449,#2653);
#1994=LINE('',#12451,#2654);
#1995=LINE('',#12454,#2655);
#1996=LINE('',#12459,#2656);
#1997=LINE('',#12460,#2657);
#1998=LINE('',#12463,#2658);
#1999=LINE('',#12464,#2659);
#2000=LINE('',#12469,#2660);
#2001=LINE('',#12470,#2661);
#2002=LINE('',#12473,#2662);
#2003=LINE('',#12474,#2663);
#2004=LINE('',#12478,#2664);
#2005=LINE('',#12481,#2665);
#2006=LINE('',#12484,#2666);
#2007=LINE('',#12487,#2667);
#2008=LINE('',#12489,#2668);
#2009=LINE('',#12491,#2669);
#2010=LINE('',#12493,#2670);
#2011=LINE('',#12495,#2671);
#2012=LINE('',#12496,#2672);
#2013=LINE('',#12499,#2673);
#2014=LINE('',#12504,#2674);
#2015=LINE('',#12506,#2675);
#2016=LINE('',#12511,#2676);
#2017=LINE('',#12512,#2677);
#2018=LINE('',#12515,#2678);
#2019=LINE('',#12517,#2679);
#2020=LINE('',#12519,#2680);
#2021=LINE('',#12521,#2681);
#2022=LINE('',#12522,#2682);
#2023=LINE('',#12527,#2683);
#2024=LINE('',#12531,#2684);
#2025=LINE('',#12533,#2685);
#2026=LINE('',#12534,#2686);
#2027=LINE('',#12538,#2687);
#2028=LINE('',#12543,#2688);
#2029=LINE('',#12545,#2689);
#2030=LINE('',#12547,#2690);
#2031=LINE('',#12549,#2691);
#2032=LINE('',#12553,#2692);
#2033=LINE('',#12557,#2693);
#2034=LINE('',#12558,#2694);
#2035=LINE('',#12561,#2695);
#2036=LINE('',#12565,#2696);
#2037=LINE('',#12571,#2697);
#2038=LINE('',#12574,#2698);
#2039=LINE('',#12587,#2699);
#2040=LINE('',#12594,#2700);
#2041=LINE('',#12600,#2701);
#2042=LINE('',#12603,#2702);
#2043=LINE('',#12607,#2703);
#2044=LINE('',#12612,#2704);
#2045=LINE('',#12620,#2705);
#2046=LINE('',#12623,#2706);
#2047=LINE('',#12625,#2707);
#2048=LINE('',#12626,#2708);
#2049=LINE('',#12631,#2709);
#2050=LINE('',#12641,#2710);
#2051=LINE('',#12645,#2711);
#2052=LINE('',#12652,#2712);
#2053=LINE('',#12653,#2713);
#2054=LINE('',#12655,#2714);
#2055=LINE('',#12658,#2715);
#2056=LINE('',#12659,#2716);
#2057=LINE('',#12664,#2717);
#2058=LINE('',#12665,#2718);
#2059=LINE('',#12674,#2719);
#2060=LINE('',#12675,#2720);
#2061=LINE('',#12678,#2721);
#2062=LINE('',#12680,#2722);
#2063=LINE('',#12681,#2723);
#2064=LINE('',#12688,#2724);
#2065=LINE('',#12694,#2725);
#2066=LINE('',#12701,#2726);
#2067=LINE('',#12703,#2727);
#2068=LINE('',#12704,#2728);
#2069=LINE('',#12707,#2729);
#2070=LINE('',#12711,#2730);
#2071=LINE('',#12712,#2731);
#2072=LINE('',#12713,#2732);
#2073=LINE('',#12727,#2733);
#2074=LINE('',#12732,#2734);
#2075=LINE('',#12734,#2735);
#2076=LINE('',#12736,#2736);
#2077=LINE('',#12737,#2737);
#2078=LINE('',#12771,#2738);
#2079=LINE('',#12799,#2739);
#2080=LINE('',#12802,#2740);
#2081=LINE('',#12805,#2741);
#2082=LINE('',#12806,#2742);
#2083=LINE('',#12809,#2743);
#2084=LINE('',#12813,#2744);
#2085=LINE('',#12817,#2745);
#2086=LINE('',#12821,#2746);
#2087=LINE('',#12825,#2747);
#2088=LINE('',#12829,#2748);
#2089=LINE('',#12833,#2749);
#2090=LINE('',#12839,#2750);
#2091=LINE('',#12842,#2751);
#2092=LINE('',#12844,#2752);
#2093=LINE('',#12848,#2753);
#2094=LINE('',#12850,#2754);
#2095=LINE('',#12852,#2755);
#2096=LINE('',#12854,#2756);
#2097=LINE('',#12856,#2757);
#2098=LINE('',#12858,#2758);
#2099=LINE('',#12860,#2759);
#2100=LINE('',#12863,#2760);
#2101=LINE('',#12866,#2761);
#2102=LINE('',#12869,#2762);
#2103=LINE('',#12872,#2763);
#2104=LINE('',#12874,#2764);
#2105=LINE('',#12876,#2765);
#2106=LINE('',#12878,#2766);
#2107=LINE('',#12880,#2767);
#2108=LINE('',#12881,#2768);
#2109=LINE('',#12884,#2769);
#2110=LINE('',#12889,#2770);
#2111=LINE('',#12891,#2771);
#2112=LINE('',#12893,#2772);
#2113=LINE('',#12895,#2773);
#2114=LINE('',#12897,#2774);
#2115=LINE('',#12899,#2775);
#2116=LINE('',#12901,#2776);
#2117=LINE('',#12905,#2777);
#2118=LINE('',#12908,#2778);
#2119=LINE('',#12912,#2779);
#2120=LINE('',#12916,#2780);
#2121=LINE('',#12920,#2781);
#2122=LINE('',#12924,#2782);
#2123=LINE('',#12928,#2783);
#2124=LINE('',#12931,#2784);
#2125=LINE('',#12933,#2785);
#2126=LINE('',#12935,#2786);
#2127=LINE('',#12936,#2787);
#2128=LINE('',#12939,#2788);
#2129=LINE('',#12940,#2789);
#2130=LINE('',#12943,#2790);
#2131=LINE('',#12944,#2791);
#2132=LINE('',#12949,#2792);
#2133=LINE('',#12953,#2793);
#2134=LINE('',#12958,#2794);
#2135=LINE('',#12959,#2795);
#2136=LINE('',#12962,#2796);
#2137=LINE('',#12964,#2797);
#2138=LINE('',#12966,#2798);
#2139=LINE('',#12967,#2799);
#2140=LINE('',#12971,#2800);
#2141=LINE('',#12973,#2801);
#2142=LINE('',#12976,#2802);
#2143=LINE('',#12978,#2803);
#2144=LINE('',#12982,#2804);
#2145=LINE('',#12986,#2805);
#2146=LINE('',#12987,#2806);
#2147=LINE('',#12990,#2807);
#2148=LINE('',#12994,#2808);
#2149=LINE('',#13000,#2809);
#2150=LINE('',#13003,#2810);
#2151=LINE('',#13006,#2811);
#2152=LINE('',#13010,#2812);
#2153=LINE('',#13013,#2813);
#2154=LINE('',#13014,#2814);
#2155=LINE('',#13022,#2815);
#2156=LINE('',#13033,#2816);
#2157=LINE('',#13040,#2817);
#2158=LINE('',#13042,#2818);
#2159=LINE('',#13043,#2819);
#2160=LINE('',#13055,#2820);
#2161=LINE('',#13063,#2821);
#2162=LINE('',#13065,#2822);
#2163=LINE('',#13071,#2823);
#2164=LINE('',#13075,#2824);
#2165=LINE('',#13076,#2825);
#2166=LINE('',#13080,#2826);
#2167=LINE('',#13088,#2827);
#2168=LINE('',#13090,#2828);
#2169=LINE('',#13097,#2829);
#2170=LINE('',#13103,#2830);
#2171=LINE('',#13110,#2831);
#2172=LINE('',#13112,#2832);
#2173=LINE('',#13113,#2833);
#2174=LINE('',#13116,#2834);
#2175=LINE('',#13120,#2835);
#2176=LINE('',#13121,#2836);
#2177=LINE('',#13122,#2837);
#2178=VECTOR('',#8277,10.);
#2179=VECTOR('',#8278,10.);
#2180=VECTOR('',#8279,10.);
#2181=VECTOR('',#8280,10.);
#2182=VECTOR('',#8285,10.);
#2183=VECTOR('',#8290,10.);
#2184=VECTOR('',#8291,10.);
#2185=VECTOR('',#8292,10.);
#2186=VECTOR('',#8297,10.);
#2187=VECTOR('',#8302,10.);
#2188=VECTOR('',#8303,10.);
#2189=VECTOR('',#8304,10.);
#2190=VECTOR('',#8309,10.);
#2191=VECTOR('',#8314,10.);
#2192=VECTOR('',#8315,10.);
#2193=VECTOR('',#8316,10.);
#2194=VECTOR('',#8321,10.);
#2195=VECTOR('',#8326,10.);
#2196=VECTOR('',#8327,10.);
#2197=VECTOR('',#8328,10.);
#2198=VECTOR('',#8337,10.);
#2199=VECTOR('',#8338,10.);
#2200=VECTOR('',#8339,10.);
#2201=VECTOR('',#8342,10.);
#2202=VECTOR('',#8347,10.);
#2203=VECTOR('',#8348,10.);
#2204=VECTOR('',#8351,10.);
#2205=VECTOR('',#8356,10.);
#2206=VECTOR('',#8357,10.);
#2207=VECTOR('',#8360,10.);
#2208=VECTOR('',#8361,10.);
#2209=VECTOR('',#8362,10.);
#2210=VECTOR('',#8363,10.);
#2211=VECTOR('',#8366,10.);
#2212=VECTOR('',#8367,10.);
#2213=VECTOR('',#8368,10.);
#2214=VECTOR('',#8369,10.);
#2215=VECTOR('',#8370,10.);
#2216=VECTOR('',#8373,10.);
#2217=VECTOR('',#8374,10.);
#2218=VECTOR('',#8375,10.);
#2219=VECTOR('',#8376,10.);
#2220=VECTOR('',#8377,10.);
#2221=VECTOR('',#8380,10.);
#2222=VECTOR('',#8381,10.);
#2223=VECTOR('',#8382,10.);
#2224=VECTOR('',#8383,10.);
#2225=VECTOR('',#8384,10.);
#2226=VECTOR('',#8387,10.);
#2227=VECTOR('',#8388,10.);
#2228=VECTOR('',#8389,10.);
#2229=VECTOR('',#8390,10.);
#2230=VECTOR('',#8391,10.);
#2231=VECTOR('',#8394,10.);
#2232=VECTOR('',#8397,10.);
#2233=VECTOR('',#8398,10.);
#2234=VECTOR('',#8399,10.);
#2235=VECTOR('',#8404,10.);
#2236=VECTOR('',#8409,10.);
#2237=VECTOR('',#8410,10.);
#2238=VECTOR('',#8411,10.);
#2239=VECTOR('',#8416,10.);
#2240=VECTOR('',#8421,10.);
#2241=VECTOR('',#8422,10.);
#2242=VECTOR('',#8423,10.);
#2243=VECTOR('',#8428,10.);
#2244=VECTOR('',#8433,10.);
#2245=VECTOR('',#8434,10.);
#2246=VECTOR('',#8437,10.);
#2247=VECTOR('',#8442,10.);
#2248=VECTOR('',#8443,10.);
#2249=VECTOR('',#8450,10.);
#2250=VECTOR('',#8451,10.);
#2251=VECTOR('',#8454,10.);
#2252=VECTOR('',#8457,10.);
#2253=VECTOR('',#8462,10.);
#2254=VECTOR('',#8463,10.);
#2255=VECTOR('',#8466,10.);
#2256=VECTOR('',#8467,10.);
#2257=VECTOR('',#8468,10.);
#2258=VECTOR('',#8469,10.);
#2259=VECTOR('',#8470,10.);
#2260=VECTOR('',#8473,10.);
#2261=VECTOR('',#8474,10.);
#2262=VECTOR('',#8475,10.);
#2263=VECTOR('',#8476,10.);
#2264=VECTOR('',#8477,10.);
#2265=VECTOR('',#8480,10.);
#2266=VECTOR('',#8481,10.);
#2267=VECTOR('',#8482,10.);
#2268=VECTOR('',#8483,10.);
#2269=VECTOR('',#8484,10.);
#2270=VECTOR('',#8487,10.);
#2271=VECTOR('',#8488,10.);
#2272=VECTOR('',#8489,10.);
#2273=VECTOR('',#8490,10.);
#2274=VECTOR('',#8491,10.);
#2275=VECTOR('',#8494,10.);
#2276=VECTOR('',#8495,10.);
#2277=VECTOR('',#8496,10.);
#2278=VECTOR('',#8501,10.);
#2279=VECTOR('',#8506,10.);
#2280=VECTOR('',#8507,10.);
#2281=VECTOR('',#8508,10.);
#2282=VECTOR('',#8531,10.);
#2283=VECTOR('',#8536,10.);
#2284=VECTOR('',#8537,10.);
#2285=VECTOR('',#8538,10.);
#2286=VECTOR('',#8563,10.);
#2287=VECTOR('',#8568,10.);
#2288=VECTOR('',#8573,10.);
#2289=VECTOR('',#8574,10.);
#2290=VECTOR('',#8593,10.);
#2291=VECTOR('',#8598,10.);
#2292=VECTOR('',#8603,10.);
#2293=VECTOR('',#8604,10.);
#2294=VECTOR('',#8623,10.);
#2295=VECTOR('',#8628,10.);
#2296=VECTOR('',#8633,10.);
#2297=VECTOR('',#8634,10.);
#2298=VECTOR('',#8651,10.);
#2299=VECTOR('',#8652,10.);
#2300=VECTOR('',#8659,10.);
#2301=VECTOR('',#8660,10.);
#2302=VECTOR('',#8667,10.);
#2303=VECTOR('',#8668,10.);
#2304=VECTOR('',#8675,10.);
#2305=VECTOR('',#8676,10.);
#2306=VECTOR('',#8683,10.);
#2307=VECTOR('',#8684,10.);
#2308=VECTOR('',#8699,1.5);
#2309=VECTOR('',#8710,1.5);
#2310=VECTOR('',#8721,1.5);
#2311=VECTOR('',#8732,1.5);
#2312=VECTOR('',#8743,1.5);
#2313=VECTOR('',#8748,10.);
#2314=VECTOR('',#8753,10.);
#2315=VECTOR('',#8754,10.);
#2316=VECTOR('',#8755,10.);
#2317=VECTOR('',#8756,10.);
#2318=VECTOR('',#8761,10.);
#2319=VECTOR('',#8766,10.);
#2320=VECTOR('',#8769,10.);
#2321=VECTOR('',#8772,10.);
#2322=VECTOR('',#8773,10.);
#2323=VECTOR('',#8776,10.);
#2324=VECTOR('',#8781,10.);
#2325=VECTOR('',#8784,10.);
#2326=VECTOR('',#8787,10.);
#2327=VECTOR('',#8790,10.);
#2328=VECTOR('',#8793,10.);
#2329=VECTOR('',#8796,10.);
#2330=VECTOR('',#8801,10.);
#2331=VECTOR('',#8804,10.);
#2332=VECTOR('',#8805,10.);
#2333=VECTOR('',#8808,10.);
#2334=VECTOR('',#8809,10.);
#2335=VECTOR('',#8810,10.);
#2336=VECTOR('',#8811,10.);
#2337=VECTOR('',#8812,10.);
#2338=VECTOR('',#8813,10.);
#2339=VECTOR('',#8814,10.);
#2340=VECTOR('',#8817,10.);
#2341=VECTOR('',#8822,10.);
#2342=VECTOR('',#8823,10.);
#2343=VECTOR('',#8826,10.);
#2344=VECTOR('',#8827,1.5);
#2345=VECTOR('',#8832,10.);
#2346=VECTOR('',#8833,10.);
#2347=VECTOR('',#8836,10.);
#2348=VECTOR('',#8841,1.5);
#2349=VECTOR('',#8846,10.);
#2350=VECTOR('',#8849,10.);
#2351=VECTOR('',#8850,10.);
#2352=VECTOR('',#8851,10.);
#2353=VECTOR('',#8852,10.);
#2354=VECTOR('',#8853,10.);
#2355=VECTOR('',#8854,10.);
#2356=VECTOR('',#8857,10.);
#2357=VECTOR('',#8860,10.);
#2358=VECTOR('',#8863,10.);
#2359=VECTOR('',#8868,10.);
#2360=VECTOR('',#8869,10.);
#2361=VECTOR('',#8872,10.);
#2362=VECTOR('',#8877,10.);
#2363=VECTOR('',#8878,10.);
#2364=VECTOR('',#8881,10.);
#2365=VECTOR('',#8882,10.);
#2366=VECTOR('',#8883,10.);
#2367=VECTOR('',#8884,10.);
#2368=VECTOR('',#8885,10.);
#2369=VECTOR('',#8890,10.);
#2370=VECTOR('',#8895,10.);
#2371=VECTOR('',#8896,10.);
#2372=VECTOR('',#8897,10.);
#2373=VECTOR('',#8902,10.);
#2374=VECTOR('',#8911,10.);
#2375=VECTOR('',#8912,10.);
#2376=VECTOR('',#8915,10.);
#2377=VECTOR('',#8918,10.);
#2378=VECTOR('',#8919,10.);
#2379=VECTOR('',#8922,10.);
#2380=VECTOR('',#8925,10.);
#2381=VECTOR('',#8932,10.);
#2382=VECTOR('',#8935,10.);
#2383=VECTOR('',#8938,10.);
#2384=VECTOR('',#8941,10.);
#2385=VECTOR('',#8944,10.);
#2386=VECTOR('',#8945,10.);
#2387=VECTOR('',#8948,10.);
#2388=VECTOR('',#8949,10.);
#2389=VECTOR('',#8952,10.);
#2390=VECTOR('',#8953,10.);
#2391=VECTOR('',#8954,10.);
#2392=VECTOR('',#8971,10.);
#2393=VECTOR('',#8974,10.);
#2394=VECTOR('',#8987,10.);
#2395=VECTOR('',#8990,10.);
#2396=VECTOR('',#8999,10.);
#2397=VECTOR('',#9004,10.);
#2398=VECTOR('',#9005,10.);
#2399=VECTOR('',#9012,10.);
#2400=VECTOR('',#9013,10.);
#2401=VECTOR('',#9018,10.);
#2402=VECTOR('',#9029,10.);
#2403=VECTOR('',#9032,10.);
#2404=VECTOR('',#9035,10.);
#2405=VECTOR('',#9036,10.);
#2406=VECTOR('',#9041,10.);
#2407=VECTOR('',#9044,10.);
#2408=VECTOR('',#9045,10.);
#2409=VECTOR('',#9050,2.);
#2410=VECTOR('',#9057,2.5);
#2411=VECTOR('',#9068,10.);
#2412=VECTOR('',#9069,10.);
#2413=VECTOR('',#9070,10.);
#2414=VECTOR('',#9073,10.);
#2415=VECTOR('',#9078,10.);
#2416=VECTOR('',#9079,10.);
#2417=VECTOR('',#9080,10.);
#2418=VECTOR('',#9093,10.);
#2419=VECTOR('',#9098,10.);
#2420=VECTOR('',#9099,10.);
#2421=VECTOR('',#9100,10.);
#2422=VECTOR('',#9101,10.);
#2423=VECTOR('',#9106,10.);
#2424=VECTOR('',#9111,10.);
#2425=VECTOR('',#9114,10.);
#2426=VECTOR('',#9117,10.);
#2427=VECTOR('',#9118,10.);
#2428=VECTOR('',#9121,10.);
#2429=VECTOR('',#9126,10.);
#2430=VECTOR('',#9129,10.);
#2431=VECTOR('',#9132,10.);
#2432=VECTOR('',#9135,10.);
#2433=VECTOR('',#9138,10.);
#2434=VECTOR('',#9141,10.);
#2435=VECTOR('',#9146,10.);
#2436=VECTOR('',#9149,10.);
#2437=VECTOR('',#9150,10.);
#2438=VECTOR('',#9153,10.);
#2439=VECTOR('',#9154,10.);
#2440=VECTOR('',#9155,10.);
#2441=VECTOR('',#9156,10.);
#2442=VECTOR('',#9157,10.);
#2443=VECTOR('',#9158,10.);
#2444=VECTOR('',#9159,10.);
#2445=VECTOR('',#9162,10.);
#2446=VECTOR('',#9165,1.5);
#2447=VECTOR('',#9168,1.5);
#2448=VECTOR('',#9171,10.);
#2449=VECTOR('',#9172,10.);
#2450=VECTOR('',#9173,10.);
#2451=VECTOR('',#9174,10.);
#2452=VECTOR('',#9175,10.);
#2453=VECTOR('',#9176,10.);
#2454=VECTOR('',#9179,10.);
#2455=VECTOR('',#9184,10.);
#2456=VECTOR('',#9185,10.);
#2457=VECTOR('',#9190,10.);
#2458=VECTOR('',#9191,10.);
#2459=VECTOR('',#9194,10.);
#2460=VECTOR('',#9195,10.);
#2461=VECTOR('',#9200,10.);
#2462=VECTOR('',#9203,10.);
#2463=VECTOR('',#9204,10.);
#2464=VECTOR('',#9209,10.);
#2465=VECTOR('',#9212,10.);
#2466=VECTOR('',#9213,10.);
#2467=VECTOR('',#9222,10.);
#2468=VECTOR('',#9225,10.);
#2469=VECTOR('',#9228,10.);
#2470=VECTOR('',#9229,10.);
#2471=VECTOR('',#9230,10.);
#2472=VECTOR('',#9235,10.);
#2473=VECTOR('',#9246,10.);
#2474=VECTOR('',#9247,10.);
#2475=VECTOR('',#9250,10.);
#2476=VECTOR('',#9251,10.);
#2477=VECTOR('',#9252,10.);
#2478=VECTOR('',#9253,10.);
#2479=VECTOR('',#9256,10.);
#2480=VECTOR('',#9257,10.);
#2481=VECTOR('',#9258,10.);
#2482=VECTOR('',#9261,10.);
#2483=VECTOR('',#9264,10.);
#2484=VECTOR('',#9265,10.);
#2485=VECTOR('',#9268,10.);
#2486=VECTOR('',#9271,10.);
#2487=VECTOR('',#9278,10.);
#2488=VECTOR('',#9281,10.);
#2489=VECTOR('',#9284,10.);
#2490=VECTOR('',#9285,10.);
#2491=VECTOR('',#9286,10.);
#2492=VECTOR('',#9289,10.);
#2493=VECTOR('',#9294,10.);
#2494=VECTOR('',#9301,10.);
#2495=VECTOR('',#9312,10.);
#2496=VECTOR('',#9315,10.);
#2497=VECTOR('',#9316,10.);
#2498=VECTOR('',#9317,10.);
#2499=VECTOR('',#9322,10.);
#2500=VECTOR('',#9335,10.);
#2501=VECTOR('',#9350,10.);
#2502=VECTOR('',#9351,10.);
#2503=VECTOR('',#9354,10.);
#2504=VECTOR('',#9357,10.);
#2505=VECTOR('',#9368,10.);
#2506=VECTOR('',#9369,10.);
#2507=VECTOR('',#9372,10.);
#2508=VECTOR('',#9373,10.);
#2509=VECTOR('',#9374,10.);
#2510=VECTOR('',#9375,10.);
#2511=VECTOR('',#9378,10.);
#2512=VECTOR('',#9379,10.);
#2513=VECTOR('',#9384,10.);
#2514=VECTOR('',#9395,2.);
#2515=VECTOR('',#9402,2.5);
#2516=VECTOR('',#9413,10.);
#2517=VECTOR('',#9414,10.);
#2518=VECTOR('',#9415,10.);
#2519=VECTOR('',#9418,10.);
#2520=VECTOR('',#9423,10.);
#2521=VECTOR('',#9424,10.);
#2522=VECTOR('',#9425,10.);
#2523=VECTOR('',#9438,10.);
#2524=VECTOR('',#9443,10.);
#2525=VECTOR('',#9444,10.);
#2526=VECTOR('',#9445,10.);
#2527=VECTOR('',#9446,10.);
#2528=VECTOR('',#9451,10.);
#2529=VECTOR('',#9456,10.);
#2530=VECTOR('',#9459,10.);
#2531=VECTOR('',#9462,10.);
#2532=VECTOR('',#9463,10.);
#2533=VECTOR('',#9466,10.);
#2534=VECTOR('',#9471,10.);
#2535=VECTOR('',#9474,10.);
#2536=VECTOR('',#9477,10.);
#2537=VECTOR('',#9480,10.);
#2538=VECTOR('',#9483,10.);
#2539=VECTOR('',#9486,10.);
#2540=VECTOR('',#9491,10.);
#2541=VECTOR('',#9494,10.);
#2542=VECTOR('',#9495,10.);
#2543=VECTOR('',#9498,10.);
#2544=VECTOR('',#9499,10.);
#2545=VECTOR('',#9500,10.);
#2546=VECTOR('',#9501,10.);
#2547=VECTOR('',#9502,10.);
#2548=VECTOR('',#9503,10.);
#2549=VECTOR('',#9504,10.);
#2550=VECTOR('',#9507,10.);
#2551=VECTOR('',#9512,10.);
#2552=VECTOR('',#9513,10.);
#2553=VECTOR('',#9516,10.);
#2554=VECTOR('',#9517,10.);
#2555=VECTOR('',#9522,10.);
#2556=VECTOR('',#9523,10.);
#2557=VECTOR('',#9526,10.);
#2558=VECTOR('',#9527,10.);
#2559=VECTOR('',#9532,10.);
#2560=VECTOR('',#9535,1.5);
#2561=VECTOR('',#9538,1.5);
#2562=VECTOR('',#9541,10.);
#2563=VECTOR('',#9542,10.);
#2564=VECTOR('',#9543,10.);
#2565=VECTOR('',#9544,10.);
#2566=VECTOR('',#9545,10.);
#2567=VECTOR('',#9546,10.);
#2568=VECTOR('',#9549,10.);
#2569=VECTOR('',#9556,10.);
#2570=VECTOR('',#9559,10.);
#2571=VECTOR('',#9564,10.);
#2572=VECTOR('',#9565,10.);
#2573=VECTOR('',#9568,10.);
#2574=VECTOR('',#9569,10.);
#2575=VECTOR('',#9570,10.);
#2576=VECTOR('',#9571,10.);
#2577=VECTOR('',#9572,10.);
#2578=VECTOR('',#9577,10.);
#2579=VECTOR('',#9582,10.);
#2580=VECTOR('',#9583,10.);
#2581=VECTOR('',#9584,10.);
#2582=VECTOR('',#9589,10.);
#2583=VECTOR('',#9598,10.);
#2584=VECTOR('',#9601,10.);
#2585=VECTOR('',#9602,10.);
#2586=VECTOR('',#9603,10.);
#2587=VECTOR('',#9606,10.);
#2588=VECTOR('',#9609,10.);
#2589=VECTOR('',#9610,10.);
#2590=VECTOR('',#9613,10.);
#2591=VECTOR('',#9616,10.);
#2592=VECTOR('',#9621,10.);
#2593=VECTOR('',#9622,10.);
#2594=VECTOR('',#9623,10.);
#2595=VECTOR('',#9628,10.);
#2596=VECTOR('',#9631,10.);
#2597=VECTOR('',#9634,10.);
#2598=VECTOR('',#9639,10.);
#2599=VECTOR('',#9646,10.);
#2600=VECTOR('',#9657,10.);
#2601=VECTOR('',#9660,10.);
#2602=VECTOR('',#9661,10.);
#2603=VECTOR('',#9662,10.);
#2604=VECTOR('',#9667,10.);
#2605=VECTOR('',#9680,10.);
#2606=VECTOR('',#9695,10.);
#2607=VECTOR('',#9696,10.);
#2608=VECTOR('',#9699,10.);
#2609=VECTOR('',#9702,10.);
#2610=VECTOR('',#9713,10.);
#2611=VECTOR('',#9714,10.);
#2612=VECTOR('',#9717,10.);
#2613=VECTOR('',#9718,10.);
#2614=VECTOR('',#9719,10.);
#2615=VECTOR('',#9720,10.);
#2616=VECTOR('',#9723,10.);
#2617=VECTOR('',#9724,10.);
#2618=VECTOR('',#9729,10.);
#2619=VECTOR('',#9740,2.);
#2620=VECTOR('',#9747,2.5);
#2621=VECTOR('',#9758,10.);
#2622=VECTOR('',#9759,10.);
#2623=VECTOR('',#9760,10.);
#2624=VECTOR('',#9763,10.);
#2625=VECTOR('',#9768,10.);
#2626=VECTOR('',#9769,10.);
#2627=VECTOR('',#9770,10.);
#2628=VECTOR('',#9783,10.);
#2629=VECTOR('',#9788,10.);
#2630=VECTOR('',#9789,10.);
#2631=VECTOR('',#9790,10.);
#2632=VECTOR('',#9791,10.);
#2633=VECTOR('',#9796,10.);
#2634=VECTOR('',#9801,10.);
#2635=VECTOR('',#9804,10.);
#2636=VECTOR('',#9807,10.);
#2637=VECTOR('',#9808,10.);
#2638=VECTOR('',#9811,10.);
#2639=VECTOR('',#9816,10.);
#2640=VECTOR('',#9819,10.);
#2641=VECTOR('',#9822,10.);
#2642=VECTOR('',#9825,10.);
#2643=VECTOR('',#9828,10.);
#2644=VECTOR('',#9831,10.);
#2645=VECTOR('',#9836,10.);
#2646=VECTOR('',#9839,10.);
#2647=VECTOR('',#9840,10.);
#2648=VECTOR('',#9843,10.);
#2649=VECTOR('',#9844,10.);
#2650=VECTOR('',#9845,10.);
#2651=VECTOR('',#9846,10.);
#2652=VECTOR('',#9847,10.);
#2653=VECTOR('',#9848,10.);
#2654=VECTOR('',#9849,10.);
#2655=VECTOR('',#9852,10.);
#2656=VECTOR('',#9857,10.);
#2657=VECTOR('',#9858,10.);
#2658=VECTOR('',#9861,10.);
#2659=VECTOR('',#9862,10.);
#2660=VECTOR('',#9867,10.);
#2661=VECTOR('',#9868,10.);
#2662=VECTOR('',#9871,10.);
#2663=VECTOR('',#9872,10.);
#2664=VECTOR('',#9877,10.);
#2665=VECTOR('',#9880,1.5);
#2666=VECTOR('',#9883,1.5);
#2667=VECTOR('',#9886,10.);
#2668=VECTOR('',#9887,10.);
#2669=VECTOR('',#9888,10.);
#2670=VECTOR('',#9889,10.);
#2671=VECTOR('',#9890,10.);
#2672=VECTOR('',#9891,10.);
#2673=VECTOR('',#9894,10.);
#2674=VECTOR('',#9901,10.);
#2675=VECTOR('',#9904,10.);
#2676=VECTOR('',#9909,10.);
#2677=VECTOR('',#9910,10.);
#2678=VECTOR('',#9913,10.);
#2679=VECTOR('',#9914,10.);
#2680=VECTOR('',#9915,10.);
#2681=VECTOR('',#9916,10.);
#2682=VECTOR('',#9917,10.);
#2683=VECTOR('',#9922,10.);
#2684=VECTOR('',#9927,10.);
#2685=VECTOR('',#9928,10.);
#2686=VECTOR('',#9929,10.);
#2687=VECTOR('',#9934,10.);
#2688=VECTOR('',#9943,10.);
#2689=VECTOR('',#9946,10.);
#2690=VECTOR('',#9947,10.);
#2691=VECTOR('',#9948,10.);
#2692=VECTOR('',#9951,10.);
#2693=VECTOR('',#9954,10.);
#2694=VECTOR('',#9955,10.);
#2695=VECTOR('',#9958,10.);
#2696=VECTOR('',#9961,10.);
#2697=VECTOR('',#9968,10.);
#2698=VECTOR('',#9971,10.);
#2699=VECTOR('',#9974,10.);
#2700=VECTOR('',#9975,10.);
#2701=VECTOR('',#9976,10.);
#2702=VECTOR('',#9979,10.);
#2703=VECTOR('',#9984,10.);
#2704=VECTOR('',#9991,10.);
#2705=VECTOR('',#10002,10.);
#2706=VECTOR('',#10005,10.);
#2707=VECTOR('',#10006,10.);
#2708=VECTOR('',#10007,10.);
#2709=VECTOR('',#10012,10.);
#2710=VECTOR('',#10025,10.);
#2711=VECTOR('',#10028,10.);
#2712=VECTOR('',#10039,10.);
#2713=VECTOR('',#10040,10.);
#2714=VECTOR('',#10043,10.);
#2715=VECTOR('',#10046,10.);
#2716=VECTOR('',#10047,10.);
#2717=VECTOR('',#10054,10.);
#2718=VECTOR('',#10055,10.);
#2719=VECTOR('',#10070,10.);
#2720=VECTOR('',#10071,10.);
#2721=VECTOR('',#10074,10.);
#2722=VECTOR('',#10075,10.);
#2723=VECTOR('',#10076,10.);
#2724=VECTOR('',#10085,2.);
#2725=VECTOR('',#10092,2.5);
#2726=VECTOR('',#10103,10.);
#2727=VECTOR('',#10104,10.);
#2728=VECTOR('',#10105,10.);
#2729=VECTOR('',#10108,10.);
#2730=VECTOR('',#10113,10.);
#2731=VECTOR('',#10114,10.);
#2732=VECTOR('',#10115,10.);
#2733=VECTOR('',#10128,10.);
#2734=VECTOR('',#10133,10.);
#2735=VECTOR('',#10134,10.);
#2736=VECTOR('',#10135,10.);
#2737=VECTOR('',#10136,10.);
#2738=VECTOR('',#10141,10.);
#2739=VECTOR('',#10146,10.);
#2740=VECTOR('',#10149,10.);
#2741=VECTOR('',#10152,10.);
#2742=VECTOR('',#10153,10.);
#2743=VECTOR('',#10156,10.);
#2744=VECTOR('',#10161,10.);
#2745=VECTOR('',#10164,10.);
#2746=VECTOR('',#10167,10.);
#2747=VECTOR('',#10170,10.);
#2748=VECTOR('',#10173,10.);
#2749=VECTOR('',#10176,10.);
#2750=VECTOR('',#10181,10.);
#2751=VECTOR('',#10184,10.);
#2752=VECTOR('',#10185,10.);
#2753=VECTOR('',#10188,10.);
#2754=VECTOR('',#10189,10.);
#2755=VECTOR('',#10190,10.);
#2756=VECTOR('',#10191,10.);
#2757=VECTOR('',#10192,10.);
#2758=VECTOR('',#10193,10.);
#2759=VECTOR('',#10194,10.);
#2760=VECTOR('',#10197,10.);
#2761=VECTOR('',#10200,1.5);
#2762=VECTOR('',#10203,1.5);
#2763=VECTOR('',#10206,10.);
#2764=VECTOR('',#10207,10.);
#2765=VECTOR('',#10208,10.);
#2766=VECTOR('',#10209,10.);
#2767=VECTOR('',#10210,10.);
#2768=VECTOR('',#10211,10.);
#2769=VECTOR('',#10214,10.);
#2770=VECTOR('',#10219,10.);
#2771=VECTOR('',#10220,10.);
#2772=VECTOR('',#10221,10.);
#2773=VECTOR('',#10222,10.);
#2774=VECTOR('',#10223,10.);
#2775=VECTOR('',#10224,10.);
#2776=VECTOR('',#10225,10.);
#2777=VECTOR('',#10228,10.);
#2778=VECTOR('',#10231,10.);
#2779=VECTOR('',#10234,10.);
#2780=VECTOR('',#10237,10.);
#2781=VECTOR('',#10240,10.);
#2782=VECTOR('',#10243,10.);
#2783=VECTOR('',#10246,10.);
#2784=VECTOR('',#10251,10.);
#2785=VECTOR('',#10254,10.);
#2786=VECTOR('',#10257,10.);
#2787=VECTOR('',#10258,10.);
#2788=VECTOR('',#10263,10.);
#2789=VECTOR('',#10264,10.);
#2790=VECTOR('',#10269,10.);
#2791=VECTOR('',#10270,10.);
#2792=VECTOR('',#10277,10.);
#2793=VECTOR('',#10282,10.);
#2794=VECTOR('',#10287,10.);
#2795=VECTOR('',#10288,10.);
#2796=VECTOR('',#10291,10.);
#2797=VECTOR('',#10292,10.);
#2798=VECTOR('',#10293,10.);
#2799=VECTOR('',#10294,10.);
#2800=VECTOR('',#10299,10.);
#2801=VECTOR('',#10302,10.);
#2802=VECTOR('',#10305,10.);
#2803=VECTOR('',#10306,10.);
#2804=VECTOR('',#10309,10.);
#2805=VECTOR('',#10312,10.);
#2806=VECTOR('',#10313,10.);
#2807=VECTOR('',#10316,10.);
#2808=VECTOR('',#10319,10.);
#2809=VECTOR('',#10326,10.);
#2810=VECTOR('',#10329,10.);
#2811=VECTOR('',#10332,10.);
#2812=VECTOR('',#10335,10.);
#2813=VECTOR('',#10338,10.);
#2814=VECTOR('',#10339,10.);
#2815=VECTOR('',#10342,10.);
#2816=VECTOR('',#10343,10.);
#2817=VECTOR('',#10346,10.);
#2818=VECTOR('',#10347,10.);
#2819=VECTOR('',#10348,10.);
#2820=VECTOR('',#10367,10.);
#2821=VECTOR('',#10378,10.);
#2822=VECTOR('',#10381,10.);
#2823=VECTOR('',#10390,10.);
#2824=VECTOR('',#10395,10.);
#2825=VECTOR('',#10396,10.);
#2826=VECTOR('',#10403,10.);
#2827=VECTOR('',#10418,10.);
#2828=VECTOR('',#10421,10.);
#2829=VECTOR('',#10430,2.);
#2830=VECTOR('',#10437,2.5);
#2831=VECTOR('',#10448,10.);
#2832=VECTOR('',#10449,10.);
#2833=VECTOR('',#10450,10.);
#2834=VECTOR('',#10453,10.);
#2835=VECTOR('',#10458,10.);
#2836=VECTOR('',#10459,10.);
#2837=VECTOR('',#10460,10.);
#2838=VERTEX_POINT('',#10471);
#2839=VERTEX_POINT('',#10472);
#2840=VERTEX_POINT('',#10474);
#2841=VERTEX_POINT('',#10476);
#2842=VERTEX_POINT('',#10480);
#2843=VERTEX_POINT('',#10482);
#2844=VERTEX_POINT('',#10486);
#2845=VERTEX_POINT('',#10487);
#2846=VERTEX_POINT('',#10492);
#2847=VERTEX_POINT('',#10494);
#2848=VERTEX_POINT('',#10498);
#2849=VERTEX_POINT('',#10499);
#2850=VERTEX_POINT('',#10504);
#2851=VERTEX_POINT('',#10506);
#2852=VERTEX_POINT('',#10510);
#2853=VERTEX_POINT('',#10511);
#2854=VERTEX_POINT('',#10516);
#2855=VERTEX_POINT('',#10518);
#2856=VERTEX_POINT('',#10522);
#2857=VERTEX_POINT('',#10523);
#2858=VERTEX_POINT('',#10531);
#2859=VERTEX_POINT('',#10533);
#2860=VERTEX_POINT('',#10537);
#2861=VERTEX_POINT('',#10541);
#2862=VERTEX_POINT('',#10545);
#2863=VERTEX_POINT('',#10549);
#2864=VERTEX_POINT('',#10553);
#2865=VERTEX_POINT('',#10554);
#2866=VERTEX_POINT('',#10556);
#2867=VERTEX_POINT('',#10558);
#2868=VERTEX_POINT('',#10560);
#2869=VERTEX_POINT('',#10562);
#2870=VERTEX_POINT('',#10564);
#2871=VERTEX_POINT('',#10566);
#2872=VERTEX_POINT('',#10568);
#2873=VERTEX_POINT('',#10570);
#2874=VERTEX_POINT('',#10572);
#2875=VERTEX_POINT('',#10574);
#2876=VERTEX_POINT('',#10576);
#2877=VERTEX_POINT('',#10578);
#2878=VERTEX_POINT('',#10580);
#2879=VERTEX_POINT('',#10582);
#2880=VERTEX_POINT('',#10584);
#2881=VERTEX_POINT('',#10586);
#2882=VERTEX_POINT('',#10588);
#2883=VERTEX_POINT('',#10590);
#2884=VERTEX_POINT('',#10592);
#2885=VERTEX_POINT('',#10594);
#2886=VERTEX_POINT('',#10596);
#2887=VERTEX_POINT('',#10598);
#2888=VERTEX_POINT('',#10600);
#2889=VERTEX_POINT('',#10602);
#2890=VERTEX_POINT('',#10604);
#2891=VERTEX_POINT('',#10606);
#2892=VERTEX_POINT('',#10608);
#2893=VERTEX_POINT('',#10610);
#2894=VERTEX_POINT('',#10614);
#2895=VERTEX_POINT('',#10616);
#2896=VERTEX_POINT('',#10620);
#2897=VERTEX_POINT('',#10622);
#2898=VERTEX_POINT('',#10626);
#2899=VERTEX_POINT('',#10627);
#2900=VERTEX_POINT('',#10632);
#2901=VERTEX_POINT('',#10634);
#2902=VERTEX_POINT('',#10638);
#2903=VERTEX_POINT('',#10639);
#2904=VERTEX_POINT('',#10645);
#2905=VERTEX_POINT('',#10649);
#2906=VERTEX_POINT('',#10653);
#2907=VERTEX_POINT('',#10657);
#2908=VERTEX_POINT('',#10671);
#2909=VERTEX_POINT('',#10672);
#2910=VERTEX_POINT('',#10674);
#2911=VERTEX_POINT('',#10676);
#2912=VERTEX_POINT('',#10678);
#2913=VERTEX_POINT('',#10680);
#2914=VERTEX_POINT('',#10682);
#2915=VERTEX_POINT('',#10684);
#2916=VERTEX_POINT('',#10686);
#2917=VERTEX_POINT('',#10688);
#2918=VERTEX_POINT('',#10690);
#2919=VERTEX_POINT('',#10692);
#2920=VERTEX_POINT('',#10694);
#2921=VERTEX_POINT('',#10696);
#2922=VERTEX_POINT('',#10698);
#2923=VERTEX_POINT('',#10700);
#2924=VERTEX_POINT('',#10702);
#2925=VERTEX_POINT('',#10704);
#2926=VERTEX_POINT('',#10706);
#2927=VERTEX_POINT('',#10708);
#2928=VERTEX_POINT('',#10710);
#2929=VERTEX_POINT('',#10712);
#2930=VERTEX_POINT('',#10714);
#2931=VERTEX_POINT('',#10716);
#2932=VERTEX_POINT('',#10718);
#2933=VERTEX_POINT('',#10720);
#2934=VERTEX_POINT('',#10722);
#2935=VERTEX_POINT('',#10724);
#2936=VERTEX_POINT('',#10726);
#2937=VERTEX_POINT('',#10728);
#2938=VERTEX_POINT('',#10732);
#2939=VERTEX_POINT('',#10734);
#2940=VERTEX_POINT('',#10738);
#2941=VERTEX_POINT('',#10740);
#2942=VERTEX_POINT('',#10748);
#2943=VERTEX_POINT('',#10752);
#2944=VERTEX_POINT('',#10755);
#2945=VERTEX_POINT('',#10757);
#2946=VERTEX_POINT('',#10761);
#2947=VERTEX_POINT('',#10763);
#2948=VERTEX_POINT('',#10771);
#2949=VERTEX_POINT('',#10775);
#2950=VERTEX_POINT('',#10778);
#2951=VERTEX_POINT('',#10780);
#2952=VERTEX_POINT('',#10784);
#2953=VERTEX_POINT('',#10786);
#2954=VERTEX_POINT('',#10794);
#2955=VERTEX_POINT('',#10798);
#2956=VERTEX_POINT('',#10801);
#2957=VERTEX_POINT('',#10803);
#2958=VERTEX_POINT('',#10807);
#2959=VERTEX_POINT('',#10809);
#2960=VERTEX_POINT('',#10817);
#2961=VERTEX_POINT('',#10821);
#2962=VERTEX_POINT('',#10824);
#2963=VERTEX_POINT('',#10826);
#2964=VERTEX_POINT('',#10830);
#2965=VERTEX_POINT('',#10832);
#2966=VERTEX_POINT('',#10840);
#2967=VERTEX_POINT('',#10844);
#2968=VERTEX_POINT('',#10848);
#2969=VERTEX_POINT('',#10857);
#2970=VERTEX_POINT('',#10867);
#2971=VERTEX_POINT('',#10876);
#2972=VERTEX_POINT('',#10889);
#2973=VERTEX_POINT('',#10898);
#2974=VERTEX_POINT('',#10908);
#2975=VERTEX_POINT('',#10917);
#2976=VERTEX_POINT('',#10930);
#2977=VERTEX_POINT('',#10939);
#2978=VERTEX_POINT('',#10949);
#2979=VERTEX_POINT('',#10958);
#2980=VERTEX_POINT('',#10971);
#2981=VERTEX_POINT('',#10980);
#2982=VERTEX_POINT('',#10990);
#2983=VERTEX_POINT('',#10999);
#2984=VERTEX_POINT('',#11012);
#2985=VERTEX_POINT('',#11021);
#2986=VERTEX_POINT('',#11031);
#2987=VERTEX_POINT('',#11040);
#2988=VERTEX_POINT('',#11083);
#2989=VERTEX_POINT('',#11084);
#2990=VERTEX_POINT('',#11088);
#2991=VERTEX_POINT('',#11090);
#2992=VERTEX_POINT('',#11094);
#2993=VERTEX_POINT('',#11095);
#2994=VERTEX_POINT('',#11097);
#2995=VERTEX_POINT('',#11099);
#2996=VERTEX_POINT('',#11127);
#2997=VERTEX_POINT('',#11128);
#2998=VERTEX_POINT('',#11132);
#2999=VERTEX_POINT('',#11134);
#3000=VERTEX_POINT('',#11162);
#3001=VERTEX_POINT('',#11164);
#3002=VERTEX_POINT('',#11168);
#3003=VERTEX_POINT('',#11172);
#3004=VERTEX_POINT('',#11176);
#3005=VERTEX_POINT('',#11178);
#3006=VERTEX_POINT('',#11180);
#3007=VERTEX_POINT('',#11182);
#3008=VERTEX_POINT('',#11184);
#3009=VERTEX_POINT('',#11186);
#3010=VERTEX_POINT('',#11188);
#3011=VERTEX_POINT('',#11190);
#3012=VERTEX_POINT('',#11192);
#3013=VERTEX_POINT('',#11194);
#3014=VERTEX_POINT('',#11196);
#3015=VERTEX_POINT('',#11198);
#3016=VERTEX_POINT('',#11200);
#3017=VERTEX_POINT('',#11202);
#3018=VERTEX_POINT('',#11204);
#3019=VERTEX_POINT('',#11207);
#3020=VERTEX_POINT('',#11209);
#3021=VERTEX_POINT('',#11211);
#3022=VERTEX_POINT('',#11213);
#3023=VERTEX_POINT('',#11215);
#3024=VERTEX_POINT('',#11217);
#3025=VERTEX_POINT('',#11219);
#3026=VERTEX_POINT('',#11221);
#3027=VERTEX_POINT('',#11223);
#3028=VERTEX_POINT('',#11225);
#3029=VERTEX_POINT('',#11229);
#3030=VERTEX_POINT('',#11230);
#3031=VERTEX_POINT('',#11235);
#3032=VERTEX_POINT('',#11239);
#3033=VERTEX_POINT('',#11240);
#3034=VERTEX_POINT('',#11247);
#3035=VERTEX_POINT('',#11251);
#3036=VERTEX_POINT('',#11255);
#3037=VERTEX_POINT('',#11257);
#3038=VERTEX_POINT('',#11259);
#3039=VERTEX_POINT('',#11261);
#3040=VERTEX_POINT('',#11263);
#3041=VERTEX_POINT('',#11267);
#3042=VERTEX_POINT('',#11269);
#3043=VERTEX_POINT('',#11275);
#3044=VERTEX_POINT('',#11276);
#3045=VERTEX_POINT('',#11283);
#3046=VERTEX_POINT('',#11284);
#3047=VERTEX_POINT('',#11289);
#3048=VERTEX_POINT('',#11291);
#3049=VERTEX_POINT('',#11293);
#3050=VERTEX_POINT('',#11295);
#3051=VERTEX_POINT('',#11299);
#3052=VERTEX_POINT('',#11301);
#3053=VERTEX_POINT('',#11305);
#3054=VERTEX_POINT('',#11307);
#3055=VERTEX_POINT('',#11311);
#3056=VERTEX_POINT('',#11318);
#3057=VERTEX_POINT('',#11320);
#3058=VERTEX_POINT('',#11322);
#3059=VERTEX_POINT('',#11324);
#3060=VERTEX_POINT('',#11326);
#3061=VERTEX_POINT('',#11328);
#3062=VERTEX_POINT('',#11332);
#3063=VERTEX_POINT('',#11334);
#3064=VERTEX_POINT('',#11336);
#3065=VERTEX_POINT('',#11340);
#3066=VERTEX_POINT('',#11342);
#3067=VERTEX_POINT('',#11344);
#3068=VERTEX_POINT('',#11348);
#3069=VERTEX_POINT('',#11350);
#3070=VERTEX_POINT('',#11352);
#3071=VERTEX_POINT('',#11354);
#3072=VERTEX_POINT('',#11359);
#3073=VERTEX_POINT('',#11364);
#3074=VERTEX_POINT('',#11370);
#3075=VERTEX_POINT('',#11375);
#3076=VERTEX_POINT('',#11382);
#3077=VERTEX_POINT('',#11384);
#3078=VERTEX_POINT('',#11391);
#3079=VERTEX_POINT('',#11395);
#3080=VERTEX_POINT('',#11397);
#3081=VERTEX_POINT('',#11399);
#3082=VERTEX_POINT('',#11403);
#3083=VERTEX_POINT('',#11405);
#3084=VERTEX_POINT('',#11409);
#3085=VERTEX_POINT('',#11418);
#3086=VERTEX_POINT('',#11422);
#3087=VERTEX_POINT('',#11428);
#3088=VERTEX_POINT('',#11430);
#3089=VERTEX_POINT('',#11434);
#3090=VERTEX_POINT('',#11438);
#3091=VERTEX_POINT('',#11446);
#3092=VERTEX_POINT('',#11450);
#3093=VERTEX_POINT('',#11454);
#3094=VERTEX_POINT('',#11458);
#3095=VERTEX_POINT('',#11460);
#3096=VERTEX_POINT('',#11464);
#3097=VERTEX_POINT('',#11466);
#3098=VERTEX_POINT('',#11473);
#3099=VERTEX_POINT('',#11475);
#3100=VERTEX_POINT('',#11479);
#3101=VERTEX_POINT('',#11483);
#3102=VERTEX_POINT('',#11492);
#3103=VERTEX_POINT('',#11493);
#3104=VERTEX_POINT('',#11497);
#3105=VERTEX_POINT('',#11499);
#3106=VERTEX_POINT('',#11503);
#3107=VERTEX_POINT('',#11504);
#3108=VERTEX_POINT('',#11506);
#3109=VERTEX_POINT('',#11508);
#3110=VERTEX_POINT('',#11536);
#3111=VERTEX_POINT('',#11537);
#3112=VERTEX_POINT('',#11541);
#3113=VERTEX_POINT('',#11543);
#3114=VERTEX_POINT('',#11571);
#3115=VERTEX_POINT('',#11573);
#3116=VERTEX_POINT('',#11577);
#3117=VERTEX_POINT('',#11581);
#3118=VERTEX_POINT('',#11585);
#3119=VERTEX_POINT('',#11587);
#3120=VERTEX_POINT('',#11589);
#3121=VERTEX_POINT('',#11591);
#3122=VERTEX_POINT('',#11593);
#3123=VERTEX_POINT('',#11595);
#3124=VERTEX_POINT('',#11597);
#3125=VERTEX_POINT('',#11599);
#3126=VERTEX_POINT('',#11601);
#3127=VERTEX_POINT('',#11603);
#3128=VERTEX_POINT('',#11605);
#3129=VERTEX_POINT('',#11607);
#3130=VERTEX_POINT('',#11609);
#3131=VERTEX_POINT('',#11611);
#3132=VERTEX_POINT('',#11613);
#3133=VERTEX_POINT('',#11616);
#3134=VERTEX_POINT('',#11618);
#3135=VERTEX_POINT('',#11620);
#3136=VERTEX_POINT('',#11622);
#3137=VERTEX_POINT('',#11624);
#3138=VERTEX_POINT('',#11626);
#3139=VERTEX_POINT('',#11628);
#3140=VERTEX_POINT('',#11630);
#3141=VERTEX_POINT('',#11632);
#3142=VERTEX_POINT('',#11634);
#3143=VERTEX_POINT('',#11638);
#3144=VERTEX_POINT('',#11640);
#3145=VERTEX_POINT('',#11644);
#3146=VERTEX_POINT('',#11646);
#3147=VERTEX_POINT('',#11648);
#3148=VERTEX_POINT('',#11650);
#3149=VERTEX_POINT('',#11652);
#3150=VERTEX_POINT('',#11656);
#3151=VERTEX_POINT('',#11660);
#3152=VERTEX_POINT('',#11664);
#3153=VERTEX_POINT('',#11665);
#3154=VERTEX_POINT('',#11670);
#3155=VERTEX_POINT('',#11674);
#3156=VERTEX_POINT('',#11678);
#3157=VERTEX_POINT('',#11682);
#3158=VERTEX_POINT('',#11686);
#3159=VERTEX_POINT('',#11692);
#3160=VERTEX_POINT('',#11693);
#3161=VERTEX_POINT('',#11695);
#3162=VERTEX_POINT('',#11697);
#3163=VERTEX_POINT('',#11701);
#3164=VERTEX_POINT('',#11703);
#3165=VERTEX_POINT('',#11707);
#3166=VERTEX_POINT('',#11714);
#3167=VERTEX_POINT('',#11715);
#3168=VERTEX_POINT('',#11720);
#3169=VERTEX_POINT('',#11722);
#3170=VERTEX_POINT('',#11728);
#3171=VERTEX_POINT('',#11730);
#3172=VERTEX_POINT('',#11732);
#3173=VERTEX_POINT('',#11734);
#3174=VERTEX_POINT('',#11736);
#3175=VERTEX_POINT('',#11738);
#3176=VERTEX_POINT('',#11742);
#3177=VERTEX_POINT('',#11744);
#3178=VERTEX_POINT('',#11746);
#3179=VERTEX_POINT('',#11750);
#3180=VERTEX_POINT('',#11752);
#3181=VERTEX_POINT('',#11754);
#3182=VERTEX_POINT('',#11758);
#3183=VERTEX_POINT('',#11763);
#3184=VERTEX_POINT('',#11768);
#3185=VERTEX_POINT('',#11770);
#3186=VERTEX_POINT('',#11775);
#3187=VERTEX_POINT('',#11777);
#3188=VERTEX_POINT('',#11784);
#3189=VERTEX_POINT('',#11787);
#3190=VERTEX_POINT('',#11792);
#3191=VERTEX_POINT('',#11796);
#3192=VERTEX_POINT('',#11800);
#3193=VERTEX_POINT('',#11804);
#3194=VERTEX_POINT('',#11806);
#3195=VERTEX_POINT('',#11810);
#3196=VERTEX_POINT('',#11812);
#3197=VERTEX_POINT('',#11816);
#3198=VERTEX_POINT('',#11818);
#3199=VERTEX_POINT('',#11822);
#3200=VERTEX_POINT('',#11831);
#3201=VERTEX_POINT('',#11835);
#3202=VERTEX_POINT('',#11837);
#3203=VERTEX_POINT('',#11839);
#3204=VERTEX_POINT('',#11843);
#3205=VERTEX_POINT('',#11850);
#3206=VERTEX_POINT('',#11852);
#3207=VERTEX_POINT('',#11854);
#3208=VERTEX_POINT('',#11867);
#3209=VERTEX_POINT('',#11869);
#3210=VERTEX_POINT('',#11873);
#3211=VERTEX_POINT('',#11875);
#3212=VERTEX_POINT('',#11882);
#3213=VERTEX_POINT('',#11884);
#3214=VERTEX_POINT('',#11888);
#3215=VERTEX_POINT('',#11892);
#3216=VERTEX_POINT('',#11901);
#3217=VERTEX_POINT('',#11902);
#3218=VERTEX_POINT('',#11906);
#3219=VERTEX_POINT('',#11908);
#3220=VERTEX_POINT('',#11912);
#3221=VERTEX_POINT('',#11913);
#3222=VERTEX_POINT('',#11915);
#3223=VERTEX_POINT('',#11917);
#3224=VERTEX_POINT('',#11945);
#3225=VERTEX_POINT('',#11946);
#3226=VERTEX_POINT('',#11950);
#3227=VERTEX_POINT('',#11952);
#3228=VERTEX_POINT('',#11980);
#3229=VERTEX_POINT('',#11982);
#3230=VERTEX_POINT('',#11986);
#3231=VERTEX_POINT('',#11990);
#3232=VERTEX_POINT('',#11994);
#3233=VERTEX_POINT('',#11996);
#3234=VERTEX_POINT('',#11998);
#3235=VERTEX_POINT('',#12000);
#3236=VERTEX_POINT('',#12002);
#3237=VERTEX_POINT('',#12004);
#3238=VERTEX_POINT('',#12006);
#3239=VERTEX_POINT('',#12008);
#3240=VERTEX_POINT('',#12010);
#3241=VERTEX_POINT('',#12012);
#3242=VERTEX_POINT('',#12014);
#3243=VERTEX_POINT('',#12016);
#3244=VERTEX_POINT('',#12018);
#3245=VERTEX_POINT('',#12020);
#3246=VERTEX_POINT('',#12022);
#3247=VERTEX_POINT('',#12025);
#3248=VERTEX_POINT('',#12027);
#3249=VERTEX_POINT('',#12029);
#3250=VERTEX_POINT('',#12031);
#3251=VERTEX_POINT('',#12033);
#3252=VERTEX_POINT('',#12035);
#3253=VERTEX_POINT('',#12037);
#3254=VERTEX_POINT('',#12039);
#3255=VERTEX_POINT('',#12041);
#3256=VERTEX_POINT('',#12043);
#3257=VERTEX_POINT('',#12047);
#3258=VERTEX_POINT('',#12048);
#3259=VERTEX_POINT('',#12053);
#3260=VERTEX_POINT('',#12057);
#3261=VERTEX_POINT('',#12058);
#3262=VERTEX_POINT('',#12063);
#3263=VERTEX_POINT('',#12067);
#3264=VERTEX_POINT('',#12071);
#3265=VERTEX_POINT('',#12073);
#3266=VERTEX_POINT('',#12077);
#3267=VERTEX_POINT('',#12079);
#3268=VERTEX_POINT('',#12081);
#3269=VERTEX_POINT('',#12083);
#3270=VERTEX_POINT('',#12085);
#3271=VERTEX_POINT('',#12089);
#3272=VERTEX_POINT('',#12093);
#3273=VERTEX_POINT('',#12099);
#3274=VERTEX_POINT('',#12100);
#3275=VERTEX_POINT('',#12105);
#3276=VERTEX_POINT('',#12107);
#3277=VERTEX_POINT('',#12109);
#3278=VERTEX_POINT('',#12111);
#3279=VERTEX_POINT('',#12115);
#3280=VERTEX_POINT('',#12117);
#3281=VERTEX_POINT('',#12121);
#3282=VERTEX_POINT('',#12123);
#3283=VERTEX_POINT('',#12127);
#3284=VERTEX_POINT('',#12137);
#3285=VERTEX_POINT('',#12139);
#3286=VERTEX_POINT('',#12141);
#3287=VERTEX_POINT('',#12143);
#3288=VERTEX_POINT('',#12145);
#3289=VERTEX_POINT('',#12147);
#3290=VERTEX_POINT('',#12151);
#3291=VERTEX_POINT('',#12153);
#3292=VERTEX_POINT('',#12155);
#3293=VERTEX_POINT('',#12159);
#3294=VERTEX_POINT('',#12164);
#3295=VERTEX_POINT('',#12169);
#3296=VERTEX_POINT('',#12171);
#3297=VERTEX_POINT('',#12176);
#3298=VERTEX_POINT('',#12178);
#3299=VERTEX_POINT('',#12185);
#3300=VERTEX_POINT('',#12187);
#3301=VERTEX_POINT('',#12189);
#3302=VERTEX_POINT('',#12193);
#3303=VERTEX_POINT('',#12196);
#3304=VERTEX_POINT('',#12201);
#3305=VERTEX_POINT('',#12205);
#3306=VERTEX_POINT('',#12209);
#3307=VERTEX_POINT('',#12213);
#3308=VERTEX_POINT('',#12215);
#3309=VERTEX_POINT('',#12219);
#3310=VERTEX_POINT('',#12221);
#3311=VERTEX_POINT('',#12225);
#3312=VERTEX_POINT('',#12227);
#3313=VERTEX_POINT('',#12231);
#3314=VERTEX_POINT('',#12240);
#3315=VERTEX_POINT('',#12244);
#3316=VERTEX_POINT('',#12246);
#3317=VERTEX_POINT('',#12248);
#3318=VERTEX_POINT('',#12252);
#3319=VERTEX_POINT('',#12259);
#3320=VERTEX_POINT('',#12261);
#3321=VERTEX_POINT('',#12263);
#3322=VERTEX_POINT('',#12276);
#3323=VERTEX_POINT('',#12278);
#3324=VERTEX_POINT('',#12282);
#3325=VERTEX_POINT('',#12284);
#3326=VERTEX_POINT('',#12291);
#3327=VERTEX_POINT('',#12293);
#3328=VERTEX_POINT('',#12297);
#3329=VERTEX_POINT('',#12301);
#3330=VERTEX_POINT('',#12310);
#3331=VERTEX_POINT('',#12311);
#3332=VERTEX_POINT('',#12315);
#3333=VERTEX_POINT('',#12317);
#3334=VERTEX_POINT('',#12321);
#3335=VERTEX_POINT('',#12322);
#3336=VERTEX_POINT('',#12324);
#3337=VERTEX_POINT('',#12326);
#3338=VERTEX_POINT('',#12354);
#3339=VERTEX_POINT('',#12355);
#3340=VERTEX_POINT('',#12359);
#3341=VERTEX_POINT('',#12361);
#3342=VERTEX_POINT('',#12389);
#3343=VERTEX_POINT('',#12391);
#3344=VERTEX_POINT('',#12395);
#3345=VERTEX_POINT('',#12399);
#3346=VERTEX_POINT('',#12403);
#3347=VERTEX_POINT('',#12405);
#3348=VERTEX_POINT('',#12407);
#3349=VERTEX_POINT('',#12409);
#3350=VERTEX_POINT('',#12411);
#3351=VERTEX_POINT('',#12413);
#3352=VERTEX_POINT('',#12415);
#3353=VERTEX_POINT('',#12417);
#3354=VERTEX_POINT('',#12419);
#3355=VERTEX_POINT('',#12421);
#3356=VERTEX_POINT('',#12423);
#3357=VERTEX_POINT('',#12425);
#3358=VERTEX_POINT('',#12427);
#3359=VERTEX_POINT('',#12429);
#3360=VERTEX_POINT('',#12431);
#3361=VERTEX_POINT('',#12434);
#3362=VERTEX_POINT('',#12436);
#3363=VERTEX_POINT('',#12438);
#3364=VERTEX_POINT('',#12440);
#3365=VERTEX_POINT('',#12442);
#3366=VERTEX_POINT('',#12444);
#3367=VERTEX_POINT('',#12446);
#3368=VERTEX_POINT('',#12448);
#3369=VERTEX_POINT('',#12450);
#3370=VERTEX_POINT('',#12452);
#3371=VERTEX_POINT('',#12456);
#3372=VERTEX_POINT('',#12457);
#3373=VERTEX_POINT('',#12462);
#3374=VERTEX_POINT('',#12466);
#3375=VERTEX_POINT('',#12467);
#3376=VERTEX_POINT('',#12472);
#3377=VERTEX_POINT('',#12476);
#3378=VERTEX_POINT('',#12480);
#3379=VERTEX_POINT('',#12482);
#3380=VERTEX_POINT('',#12486);
#3381=VERTEX_POINT('',#12488);
#3382=VERTEX_POINT('',#12490);
#3383=VERTEX_POINT('',#12492);
#3384=VERTEX_POINT('',#12494);
#3385=VERTEX_POINT('',#12498);
#3386=VERTEX_POINT('',#12502);
#3387=VERTEX_POINT('',#12508);
#3388=VERTEX_POINT('',#12509);
#3389=VERTEX_POINT('',#12514);
#3390=VERTEX_POINT('',#12516);
#3391=VERTEX_POINT('',#12518);
#3392=VERTEX_POINT('',#12520);
#3393=VERTEX_POINT('',#12524);
#3394=VERTEX_POINT('',#12526);
#3395=VERTEX_POINT('',#12530);
#3396=VERTEX_POINT('',#12532);
#3397=VERTEX_POINT('',#12536);
#3398=VERTEX_POINT('',#12546);
#3399=VERTEX_POINT('',#12548);
#3400=VERTEX_POINT('',#12550);
#3401=VERTEX_POINT('',#12552);
#3402=VERTEX_POINT('',#12554);
#3403=VERTEX_POINT('',#12556);
#3404=VERTEX_POINT('',#12560);
#3405=VERTEX_POINT('',#12562);
#3406=VERTEX_POINT('',#12564);
#3407=VERTEX_POINT('',#12568);
#3408=VERTEX_POINT('',#12570);
#3409=VERTEX_POINT('',#12572);
#3410=VERTEX_POINT('',#12576);
#3411=VERTEX_POINT('',#12581);
#3412=VERTEX_POINT('',#12586);
#3413=VERTEX_POINT('',#12588);
#3414=VERTEX_POINT('',#12593);
#3415=VERTEX_POINT('',#12595);
#3416=VERTEX_POINT('',#12602);
#3417=VERTEX_POINT('',#12605);
#3418=VERTEX_POINT('',#12610);
#3419=VERTEX_POINT('',#12614);
#3420=VERTEX_POINT('',#12618);
#3421=VERTEX_POINT('',#12622);
#3422=VERTEX_POINT('',#12624);
#3423=VERTEX_POINT('',#12628);
#3424=VERTEX_POINT('',#12630);
#3425=VERTEX_POINT('',#12634);
#3426=VERTEX_POINT('',#12636);
#3427=VERTEX_POINT('',#12640);
#3428=VERTEX_POINT('',#12642);
#3429=VERTEX_POINT('',#12644);
#3430=VERTEX_POINT('',#12648);
#3431=VERTEX_POINT('',#12657);
#3432=VERTEX_POINT('',#12663);
#3433=VERTEX_POINT('',#12673);
#3434=VERTEX_POINT('',#12677);
#3435=VERTEX_POINT('',#12679);
#3436=VERTEX_POINT('',#12685);
#3437=VERTEX_POINT('',#12687);
#3438=VERTEX_POINT('',#12691);
#3439=VERTEX_POINT('',#12693);
#3440=VERTEX_POINT('',#12700);
#3441=VERTEX_POINT('',#12702);
#3442=VERTEX_POINT('',#12706);
#3443=VERTEX_POINT('',#12710);
#3444=VERTEX_POINT('',#12719);
#3445=VERTEX_POINT('',#12720);
#3446=VERTEX_POINT('',#12724);
#3447=VERTEX_POINT('',#12726);
#3448=VERTEX_POINT('',#12730);
#3449=VERTEX_POINT('',#12731);
#3450=VERTEX_POINT('',#12733);
#3451=VERTEX_POINT('',#12735);
#3452=VERTEX_POINT('',#12763);
#3453=VERTEX_POINT('',#12764);
#3454=VERTEX_POINT('',#12768);
#3455=VERTEX_POINT('',#12770);
#3456=VERTEX_POINT('',#12798);
#3457=VERTEX_POINT('',#12800);
#3458=VERTEX_POINT('',#12804);
#3459=VERTEX_POINT('',#12808);
#3460=VERTEX_POINT('',#12812);
#3461=VERTEX_POINT('',#12814);
#3462=VERTEX_POINT('',#12816);
#3463=VERTEX_POINT('',#12818);
#3464=VERTEX_POINT('',#12820);
#3465=VERTEX_POINT('',#12822);
#3466=VERTEX_POINT('',#12824);
#3467=VERTEX_POINT('',#12826);
#3468=VERTEX_POINT('',#12828);
#3469=VERTEX_POINT('',#12830);
#3470=VERTEX_POINT('',#12832);
#3471=VERTEX_POINT('',#12834);
#3472=VERTEX_POINT('',#12836);
#3473=VERTEX_POINT('',#12838);
#3474=VERTEX_POINT('',#12840);
#3475=VERTEX_POINT('',#12843);
#3476=VERTEX_POINT('',#12845);
#3477=VERTEX_POINT('',#12847);
#3478=VERTEX_POINT('',#12849);
#3479=VERTEX_POINT('',#12851);
#3480=VERTEX_POINT('',#12853);
#3481=VERTEX_POINT('',#12855);
#3482=VERTEX_POINT('',#12857);
#3483=VERTEX_POINT('',#12859);
#3484=VERTEX_POINT('',#12861);
#3485=VERTEX_POINT('',#12865);
#3486=VERTEX_POINT('',#12867);
#3487=VERTEX_POINT('',#12871);
#3488=VERTEX_POINT('',#12873);
#3489=VERTEX_POINT('',#12875);
#3490=VERTEX_POINT('',#12877);
#3491=VERTEX_POINT('',#12879);
#3492=VERTEX_POINT('',#12883);
#3493=VERTEX_POINT('',#12887);
#3494=VERTEX_POINT('',#12888);
#3495=VERTEX_POINT('',#12890);
#3496=VERTEX_POINT('',#12892);
#3497=VERTEX_POINT('',#12894);
#3498=VERTEX_POINT('',#12896);
#3499=VERTEX_POINT('',#12898);
#3500=VERTEX_POINT('',#12900);
#3501=VERTEX_POINT('',#12902);
#3502=VERTEX_POINT('',#12904);
#3503=VERTEX_POINT('',#12907);
#3504=VERTEX_POINT('',#12909);
#3505=VERTEX_POINT('',#12911);
#3506=VERTEX_POINT('',#12913);
#3507=VERTEX_POINT('',#12915);
#3508=VERTEX_POINT('',#12917);
#3509=VERTEX_POINT('',#12919);
#3510=VERTEX_POINT('',#12921);
#3511=VERTEX_POINT('',#12923);
#3512=VERTEX_POINT('',#12925);
#3513=VERTEX_POINT('',#12927);
#3514=VERTEX_POINT('',#12947);
#3515=VERTEX_POINT('',#12951);
#3516=VERTEX_POINT('',#12955);
#3517=VERTEX_POINT('',#12956);
#3518=VERTEX_POINT('',#12961);
#3519=VERTEX_POINT('',#12963);
#3520=VERTEX_POINT('',#12965);
#3521=VERTEX_POINT('',#12969);
#3522=VERTEX_POINT('',#12975);
#3523=VERTEX_POINT('',#12977);
#3524=VERTEX_POINT('',#12979);
#3525=VERTEX_POINT('',#12981);
#3526=VERTEX_POINT('',#12983);
#3527=VERTEX_POINT('',#12985);
#3528=VERTEX_POINT('',#12989);
#3529=VERTEX_POINT('',#12991);
#3530=VERTEX_POINT('',#12993);
#3531=VERTEX_POINT('',#12997);
#3532=VERTEX_POINT('',#12999);
#3533=VERTEX_POINT('',#13001);
#3534=VERTEX_POINT('',#13005);
#3535=VERTEX_POINT('',#13007);
#3536=VERTEX_POINT('',#13009);
#3537=VERTEX_POINT('',#13011);
#3538=VERTEX_POINT('',#13016);
#3539=VERTEX_POINT('',#13021);
#3540=VERTEX_POINT('',#13027);
#3541=VERTEX_POINT('',#13032);
#3542=VERTEX_POINT('',#13039);
#3543=VERTEX_POINT('',#13041);
#3544=VERTEX_POINT('',#13048);
#3545=VERTEX_POINT('',#13053);
#3546=VERTEX_POINT('',#13057);
#3547=VERTEX_POINT('',#13061);
#3548=VERTEX_POINT('',#13070);
#3549=VERTEX_POINT('',#13074);
#3550=VERTEX_POINT('',#13094);
#3551=VERTEX_POINT('',#13096);
#3552=VERTEX_POINT('',#13100);
#3553=VERTEX_POINT('',#13102);
#3554=VERTEX_POINT('',#13109);
#3555=VERTEX_POINT('',#13111);
#3556=VERTEX_POINT('',#13115);
#3557=VERTEX_POINT('',#13119);
#3558=EDGE_CURVE('',#2838,#2839,#1518,.T.);
#3559=EDGE_CURVE('',#2839,#2840,#1519,.T.);
#3560=EDGE_CURVE('',#2840,#2841,#1520,.T.);
#3561=EDGE_CURVE('',#2841,#2838,#1521,.T.);
#3562=EDGE_CURVE('',#2838,#2842,#337,.T.);
#3563=EDGE_CURVE('',#2842,#2843,#1522,.T.);
#3564=EDGE_CURVE('',#2843,#2839,#338,.T.);
#3565=EDGE_CURVE('',#2844,#2845,#1523,.T.);
#3566=EDGE_CURVE('',#2845,#2843,#1524,.T.);
#3567=EDGE_CURVE('',#2842,#2844,#1525,.T.);
#3568=EDGE_CURVE('',#2844,#2846,#339,.T.);
#3569=EDGE_CURVE('',#2846,#2847,#1526,.T.);
#3570=EDGE_CURVE('',#2847,#2845,#340,.T.);
#3571=EDGE_CURVE('',#2848,#2849,#1527,.T.);
#3572=EDGE_CURVE('',#2849,#2847,#1528,.T.);
#3573=EDGE_CURVE('',#2846,#2848,#1529,.T.);
#3574=EDGE_CURVE('',#2848,#2850,#341,.T.);
#3575=EDGE_CURVE('',#2850,#2851,#1530,.T.);
#3576=EDGE_CURVE('',#2851,#2849,#342,.T.);
#3577=EDGE_CURVE('',#2852,#2853,#1531,.T.);
#3578=EDGE_CURVE('',#2853,#2851,#1532,.T.);
#3579=EDGE_CURVE('',#2850,#2852,#1533,.T.);
#3580=EDGE_CURVE('',#2852,#2854,#343,.T.);
#3581=EDGE_CURVE('',#2854,#2855,#1534,.T.);
#3582=EDGE_CURVE('',#2855,#2853,#344,.T.);
#3583=EDGE_CURVE('',#2856,#2857,#1535,.T.);
#3584=EDGE_CURVE('',#2857,#2855,#1536,.T.);
#3585=EDGE_CURVE('',#2854,#2856,#1537,.T.);
#3586=EDGE_CURVE('',#2856,#2841,#345,.T.);
#3587=EDGE_CURVE('',#2840,#2857,#346,.T.);
#3588=EDGE_CURVE('',#2858,#2846,#1538,.T.);
#3589=EDGE_CURVE('',#2859,#2858,#1539,.T.);
#3590=EDGE_CURVE('',#2848,#2859,#1540,.T.);
#3591=EDGE_CURVE('',#2844,#2860,#1541,.T.);
#3592=EDGE_CURVE('',#2858,#2860,#347,.T.);
#3593=EDGE_CURVE('',#2861,#2842,#1542,.T.);
#3594=EDGE_CURVE('',#2860,#2861,#1543,.T.);
#3595=EDGE_CURVE('',#2838,#2862,#1544,.T.);
#3596=EDGE_CURVE('',#2861,#2862,#348,.T.);
#3597=EDGE_CURVE('',#2863,#2841,#1545,.T.);
#3598=EDGE_CURVE('',#2862,#2863,#1546,.T.);
#3599=EDGE_CURVE('',#2864,#2865,#1547,.T.);
#3600=EDGE_CURVE('',#2866,#2864,#1548,.T.);
#3601=EDGE_CURVE('',#2866,#2867,#1549,.T.);
#3602=EDGE_CURVE('',#2867,#2868,#1550,.T.);
#3603=EDGE_CURVE('',#2868,#2869,#349,.F.);
#3604=EDGE_CURVE('',#2869,#2870,#1551,.T.);
#3605=EDGE_CURVE('',#2871,#2870,#1552,.T.);
#3606=EDGE_CURVE('',#2872,#2871,#1553,.T.);
#3607=EDGE_CURVE('',#2872,#2873,#1554,.T.);
#3608=EDGE_CURVE('',#2873,#2874,#1555,.T.);
#3609=EDGE_CURVE('',#2874,#2875,#350,.F.);
#3610=EDGE_CURVE('',#2875,#2876,#1556,.T.);
#3611=EDGE_CURVE('',#2877,#2876,#1557,.T.);
#3612=EDGE_CURVE('',#2878,#2877,#1558,.T.);
#3613=EDGE_CURVE('',#2878,#2879,#1559,.T.);
#3614=EDGE_CURVE('',#2879,#2880,#1560,.T.);
#3615=EDGE_CURVE('',#2880,#2881,#351,.F.);
#3616=EDGE_CURVE('',#2881,#2882,#1561,.T.);
#3617=EDGE_CURVE('',#2883,#2882,#1562,.T.);
#3618=EDGE_CURVE('',#2884,#2883,#1563,.T.);
#3619=EDGE_CURVE('',#2884,#2885,#1564,.T.);
#3620=EDGE_CURVE('',#2885,#2886,#1565,.T.);
#3621=EDGE_CURVE('',#2886,#2887,#352,.F.);
#3622=EDGE_CURVE('',#2887,#2888,#1566,.T.);
#3623=EDGE_CURVE('',#2889,#2888,#1567,.T.);
#3624=EDGE_CURVE('',#2890,#2889,#1568,.T.);
#3625=EDGE_CURVE('',#2890,#2891,#1569,.T.);
#3626=EDGE_CURVE('',#2891,#2892,#1570,.T.);
#3627=EDGE_CURVE('',#2892,#2893,#353,.F.);
#3628=EDGE_CURVE('',#2893,#2865,#1571,.T.);
#3629=EDGE_CURVE('',#2863,#2894,#1572,.T.);
#3630=EDGE_CURVE('',#2894,#2895,#1573,.T.);
#3631=EDGE_CURVE('',#2895,#2862,#1574,.T.);
#3632=EDGE_CURVE('',#2863,#2896,#354,.T.);
#3633=EDGE_CURVE('',#2896,#2897,#1575,.T.);
#3634=EDGE_CURVE('',#2897,#2894,#355,.T.);
#3635=EDGE_CURVE('',#2898,#2899,#1576,.T.);
#3636=EDGE_CURVE('',#2899,#2897,#1577,.T.);
#3637=EDGE_CURVE('',#2896,#2898,#1578,.T.);
#3638=EDGE_CURVE('',#2898,#2900,#356,.T.);
#3639=EDGE_CURVE('',#2900,#2901,#1579,.T.);
#3640=EDGE_CURVE('',#2901,#2899,#357,.T.);
#3641=EDGE_CURVE('',#2902,#2903,#1580,.T.);
#3642=EDGE_CURVE('',#2903,#2901,#1581,.T.);
#3643=EDGE_CURVE('',#2900,#2902,#1582,.T.);
#3644=EDGE_CURVE('',#2902,#2859,#358,.T.);
#3645=EDGE_CURVE('',#2859,#2904,#1583,.T.);
#3646=EDGE_CURVE('',#2904,#2903,#359,.T.);
#3647=EDGE_CURVE('',#2858,#2905,#1584,.T.);
#3648=EDGE_CURVE('',#2905,#2904,#1585,.T.);
#3649=EDGE_CURVE('',#2860,#2906,#1586,.T.);
#3650=EDGE_CURVE('',#2906,#2905,#360,.T.);
#3651=EDGE_CURVE('',#2861,#2907,#1587,.T.);
#3652=EDGE_CURVE('',#2907,#2906,#1588,.T.);
#3653=EDGE_CURVE('',#2895,#2907,#361,.T.);
#3654=EDGE_CURVE('',#2902,#2850,#1589,.T.);
#3655=EDGE_CURVE('',#2852,#2900,#1590,.T.);
#3656=EDGE_CURVE('',#2898,#2854,#1591,.T.);
#3657=EDGE_CURVE('',#2856,#2896,#1592,.T.);
#3658=EDGE_CURVE('',#2908,#2909,#1593,.T.);
#3659=EDGE_CURVE('',#2910,#2908,#1594,.T.);
#3660=EDGE_CURVE('',#2911,#2910,#362,.T.);
#3661=EDGE_CURVE('',#2912,#2911,#1595,.T.);
#3662=EDGE_CURVE('',#2912,#2913,#1596,.T.);
#3663=EDGE_CURVE('',#2914,#2913,#1597,.T.);
#3664=EDGE_CURVE('',#2915,#2914,#1598,.T.);
#3665=EDGE_CURVE('',#2916,#2915,#1599,.T.);
#3666=EDGE_CURVE('',#2917,#2916,#363,.T.);
#3667=EDGE_CURVE('',#2918,#2917,#1600,.T.);
#3668=EDGE_CURVE('',#2918,#2919,#1601,.T.);
#3669=EDGE_CURVE('',#2920,#2919,#1602,.T.);
#3670=EDGE_CURVE('',#2921,#2920,#1603,.T.);
#3671=EDGE_CURVE('',#2922,#2921,#1604,.T.);
#3672=EDGE_CURVE('',#2923,#2922,#364,.T.);
#3673=EDGE_CURVE('',#2924,#2923,#1605,.T.);
#3674=EDGE_CURVE('',#2924,#2925,#1606,.T.);
#3675=EDGE_CURVE('',#2926,#2925,#1607,.T.);
#3676=EDGE_CURVE('',#2927,#2926,#1608,.T.);
#3677=EDGE_CURVE('',#2928,#2927,#1609,.T.);
#3678=EDGE_CURVE('',#2929,#2928,#365,.T.);
#3679=EDGE_CURVE('',#2930,#2929,#1610,.T.);
#3680=EDGE_CURVE('',#2930,#2931,#1611,.T.);
#3681=EDGE_CURVE('',#2932,#2931,#1612,.T.);
#3682=EDGE_CURVE('',#2933,#2932,#1613,.T.);
#3683=EDGE_CURVE('',#2934,#2933,#1614,.T.);
#3684=EDGE_CURVE('',#2935,#2934,#366,.T.);
#3685=EDGE_CURVE('',#2936,#2935,#1615,.T.);
#3686=EDGE_CURVE('',#2936,#2937,#1616,.T.);
#3687=EDGE_CURVE('',#2909,#2937,#1617,.T.);
#3688=EDGE_CURVE('',#2937,#2938,#367,.F.);
#3689=EDGE_CURVE('',#2938,#2939,#1618,.T.);
#3690=EDGE_CURVE('',#2939,#2909,#368,.F.);
#3691=EDGE_CURVE('',#2938,#2940,#1619,.F.);
#3692=EDGE_CURVE('',#2941,#2940,#1620,.T.);
#3693=EDGE_CURVE('',#2941,#2939,#1621,.F.);
#3694=EDGE_CURVE('',#2940,#2866,#369,.F.);
#3695=EDGE_CURVE('',#2864,#2941,#370,.F.);
#3696=EDGE_CURVE('',#2867,#2936,#371,.T.);
#3697=EDGE_CURVE('',#2942,#2942,#372,.T.);
#3698=EDGE_CURVE('',#2865,#2908,#373,.T.);
#3699=EDGE_CURVE('',#2943,#2943,#374,.T.);
#3700=EDGE_CURVE('',#2913,#2944,#375,.F.);
#3701=EDGE_CURVE('',#2944,#2945,#1622,.T.);
#3702=EDGE_CURVE('',#2945,#2914,#376,.F.);
#3703=EDGE_CURVE('',#2944,#2946,#1623,.F.);
#3704=EDGE_CURVE('',#2947,#2946,#1624,.T.);
#3705=EDGE_CURVE('',#2947,#2945,#1625,.F.);
#3706=EDGE_CURVE('',#2946,#2890,#377,.F.);
#3707=EDGE_CURVE('',#2889,#2947,#378,.F.);
#3708=EDGE_CURVE('',#2891,#2912,#379,.T.);
#3709=EDGE_CURVE('',#2948,#2948,#380,.T.);
#3710=EDGE_CURVE('',#2888,#2915,#381,.T.);
#3711=EDGE_CURVE('',#2949,#2949,#382,.T.);
#3712=EDGE_CURVE('',#2950,#2884,#383,.F.);
#3713=EDGE_CURVE('',#2883,#2951,#384,.F.);
#3714=EDGE_CURVE('',#2951,#2950,#1626,.T.);
#3715=EDGE_CURVE('',#2919,#2952,#385,.F.);
#3716=EDGE_CURVE('',#2952,#2953,#1627,.T.);
#3717=EDGE_CURVE('',#2953,#2920,#386,.F.);
#3718=EDGE_CURVE('',#2951,#2953,#1628,.F.);
#3719=EDGE_CURVE('',#2952,#2950,#1629,.F.);
#3720=EDGE_CURVE('',#2885,#2918,#387,.T.);
#3721=EDGE_CURVE('',#2954,#2954,#388,.T.);
#3722=EDGE_CURVE('',#2882,#2921,#389,.T.);
#3723=EDGE_CURVE('',#2955,#2955,#390,.T.);
#3724=EDGE_CURVE('',#2956,#2872,#391,.F.);
#3725=EDGE_CURVE('',#2871,#2957,#392,.F.);
#3726=EDGE_CURVE('',#2957,#2956,#1630,.T.);
#3727=EDGE_CURVE('',#2931,#2958,#393,.F.);
#3728=EDGE_CURVE('',#2958,#2959,#1631,.T.);
#3729=EDGE_CURVE('',#2959,#2932,#394,.F.);
#3730=EDGE_CURVE('',#2957,#2959,#1632,.F.);
#3731=EDGE_CURVE('',#2958,#2956,#1633,.F.);
#3732=EDGE_CURVE('',#2873,#2930,#395,.T.);
#3733=EDGE_CURVE('',#2960,#2960,#396,.T.);
#3734=EDGE_CURVE('',#2870,#2933,#397,.T.);
#3735=EDGE_CURVE('',#2961,#2961,#398,.T.);
#3736=EDGE_CURVE('',#2962,#2878,#399,.F.);
#3737=EDGE_CURVE('',#2877,#2963,#400,.F.);
#3738=EDGE_CURVE('',#2963,#2962,#1634,.T.);
#3739=EDGE_CURVE('',#2925,#2964,#401,.F.);
#3740=EDGE_CURVE('',#2964,#2965,#1635,.T.);
#3741=EDGE_CURVE('',#2965,#2926,#402,.F.);
#3742=EDGE_CURVE('',#2963,#2965,#1636,.F.);
#3743=EDGE_CURVE('',#2964,#2962,#1637,.F.);
#3744=EDGE_CURVE('',#2879,#2924,#403,.T.);
#3745=EDGE_CURVE('',#2966,#2966,#404,.T.);
#3746=EDGE_CURVE('',#2876,#2927,#405,.T.);
#3747=EDGE_CURVE('',#2967,#2967,#406,.T.);
#3748=EDGE_CURVE('',#2968,#2874,#105,.F.);
#3749=EDGE_CURVE('',#2968,#2969,#1638,.T.);
#3750=EDGE_CURVE('',#2969,#2929,#106,.T.);
#3751=EDGE_CURVE('',#2970,#2928,#107,.F.);
#3752=EDGE_CURVE('',#2970,#2971,#1639,.T.);
#3753=EDGE_CURVE('',#2971,#2875,#108,.T.);
#3754=EDGE_CURVE('',#2971,#2970,#407,.T.);
#3755=EDGE_CURVE('',#2972,#2868,#109,.F.);
#3756=EDGE_CURVE('',#2972,#2973,#1640,.T.);
#3757=EDGE_CURVE('',#2973,#2935,#110,.T.);
#3758=EDGE_CURVE('',#2974,#2934,#111,.F.);
#3759=EDGE_CURVE('',#2974,#2975,#1641,.T.);
#3760=EDGE_CURVE('',#2975,#2869,#112,.T.);
#3761=EDGE_CURVE('',#2975,#2974,#408,.T.);
#3762=EDGE_CURVE('',#2976,#2892,#113,.F.);
#3763=EDGE_CURVE('',#2976,#2977,#1642,.T.);
#3764=EDGE_CURVE('',#2977,#2911,#114,.T.);
#3765=EDGE_CURVE('',#2978,#2910,#115,.F.);
#3766=EDGE_CURVE('',#2978,#2979,#1643,.T.);
#3767=EDGE_CURVE('',#2979,#2893,#116,.T.);
#3768=EDGE_CURVE('',#2979,#2978,#409,.T.);
#3769=EDGE_CURVE('',#2980,#2886,#117,.F.);
#3770=EDGE_CURVE('',#2980,#2981,#1644,.T.);
#3771=EDGE_CURVE('',#2981,#2917,#118,.T.);
#3772=EDGE_CURVE('',#2982,#2916,#119,.F.);
#3773=EDGE_CURVE('',#2982,#2983,#1645,.T.);
#3774=EDGE_CURVE('',#2983,#2887,#120,.T.);
#3775=EDGE_CURVE('',#2983,#2982,#410,.T.);
#3776=EDGE_CURVE('',#2984,#2880,#121,.F.);
#3777=EDGE_CURVE('',#2984,#2985,#1646,.T.);
#3778=EDGE_CURVE('',#2985,#2923,#122,.T.);
#3779=EDGE_CURVE('',#2986,#2922,#123,.F.);
#3780=EDGE_CURVE('',#2986,#2987,#1647,.T.);
#3781=EDGE_CURVE('',#2987,#2881,#124,.T.);
#3782=EDGE_CURVE('',#2987,#2986,#411,.T.);
#3783=EDGE_CURVE('',#2968,#2969,#412,.T.);
#3784=EDGE_CURVE('',#2961,#2960,#1648,.T.);
#3785=EDGE_CURVE('',#2972,#2973,#413,.T.);
#3786=EDGE_CURVE('',#2943,#2942,#1649,.T.);
#3787=EDGE_CURVE('',#2976,#2977,#414,.T.);
#3788=EDGE_CURVE('',#2949,#2948,#1650,.T.);
#3789=EDGE_CURVE('',#2980,#2981,#415,.T.);
#3790=EDGE_CURVE('',#2955,#2954,#1651,.T.);
#3791=EDGE_CURVE('',#2984,#2985,#416,.T.);
#3792=EDGE_CURVE('',#2967,#2966,#1652,.T.);
#3793=EDGE_CURVE('',#2988,#2989,#83,.T.);
#3794=EDGE_CURVE('',#2989,#2990,#417,.T.);
#3795=EDGE_CURVE('',#2990,#2991,#1653,.T.);
#3796=EDGE_CURVE('',#2991,#2988,#418,.T.);
#3797=EDGE_CURVE('',#2992,#2993,#1654,.T.);
#3798=EDGE_CURVE('',#2993,#2994,#1655,.T.);
#3799=EDGE_CURVE('',#2994,#2995,#1656,.T.);
#3800=EDGE_CURVE('',#2995,#2992,#1657,.T.);
#3801=EDGE_CURVE('',#2992,#2991,#125,.T.);
#3802=EDGE_CURVE('',#2990,#2993,#126,.T.);
#3803=EDGE_CURVE('',#2996,#2997,#84,.F.);
#3804=EDGE_CURVE('',#2996,#2998,#419,.T.);
#3805=EDGE_CURVE('',#2998,#2999,#1658,.T.);
#3806=EDGE_CURVE('',#2999,#2997,#420,.T.);
#3807=EDGE_CURVE('',#2998,#2995,#127,.T.);
#3808=EDGE_CURVE('',#2994,#2999,#128,.T.);
#3809=EDGE_CURVE('',#2992,#3000,#1659,.T.);
#3810=EDGE_CURVE('',#3001,#3000,#421,.T.);
#3811=EDGE_CURVE('',#3001,#2988,#1660,.T.);
#3812=EDGE_CURVE('',#3002,#2995,#1661,.T.);
#3813=EDGE_CURVE('',#3000,#3002,#1662,.T.);
#3814=EDGE_CURVE('',#2996,#3003,#1663,.T.);
#3815=EDGE_CURVE('',#3002,#3003,#422,.T.);
#3816=EDGE_CURVE('',#2989,#3004,#1664,.T.);
#3817=EDGE_CURVE('',#3005,#3004,#423,.T.);
#3818=EDGE_CURVE('',#3005,#3006,#1665,.T.);
#3819=EDGE_CURVE('',#3007,#3006,#424,.T.);
#3820=EDGE_CURVE('',#3007,#3008,#1666,.T.);
#3821=EDGE_CURVE('',#3009,#3008,#425,.T.);
#3822=EDGE_CURVE('',#3009,#3010,#1667,.T.);
#3823=EDGE_CURVE('',#3011,#3010,#426,.T.);
#3824=EDGE_CURVE('',#3011,#3012,#1668,.T.);
#3825=EDGE_CURVE('',#3013,#3012,#427,.T.);
#3826=EDGE_CURVE('',#3013,#3014,#1669,.T.);
#3827=EDGE_CURVE('',#3015,#3014,#428,.T.);
#3828=EDGE_CURVE('',#3016,#3015,#429,.T.);
#3829=EDGE_CURVE('',#3016,#3017,#1670,.T.);
#3830=EDGE_CURVE('',#3018,#3017,#430,.T.);
#3831=EDGE_CURVE('',#3018,#2997,#1671,.T.);
#3832=EDGE_CURVE('',#3019,#2999,#1672,.T.);
#3833=EDGE_CURVE('',#3020,#3019,#431,.T.);
#3834=EDGE_CURVE('',#3021,#3020,#1673,.T.);
#3835=EDGE_CURVE('',#3021,#3022,#1674,.T.);
#3836=EDGE_CURVE('',#3023,#3022,#1675,.T.);
#3837=EDGE_CURVE('',#3024,#3023,#1676,.T.);
#3838=EDGE_CURVE('',#3025,#3024,#1677,.T.);
#3839=EDGE_CURVE('',#3025,#3026,#1678,.T.);
#3840=EDGE_CURVE('',#3027,#3026,#1679,.T.);
#3841=EDGE_CURVE('',#3028,#3027,#432,.T.);
#3842=EDGE_CURVE('',#2990,#3028,#1680,.T.);
#3843=EDGE_CURVE('',#3029,#3030,#433,.T.);
#3844=EDGE_CURVE('',#3030,#3013,#1681,.T.);
#3845=EDGE_CURVE('',#3012,#3029,#1682,.T.);
#3846=EDGE_CURVE('',#3031,#3030,#1683,.T.);
#3847=EDGE_CURVE('',#3014,#3031,#1684,.T.);
#3848=EDGE_CURVE('',#3032,#3033,#434,.T.);
#3849=EDGE_CURVE('',#3033,#3011,#1685,.T.);
#3850=EDGE_CURVE('',#3010,#3032,#1686,.T.);
#3851=EDGE_CURVE('',#3029,#3033,#1687,.T.);
#3852=EDGE_CURVE('',#3031,#3034,#435,.T.);
#3853=EDGE_CURVE('',#3034,#3015,#1688,.T.);
#3854=EDGE_CURVE('',#3034,#3035,#436,.T.);
#3855=EDGE_CURVE('',#3035,#3016,#1689,.T.);
#3856=EDGE_CURVE('',#3036,#3035,#1690,.T.);
#3857=EDGE_CURVE('',#3037,#3036,#1691,.T.);
#3858=EDGE_CURVE('',#3038,#3037,#1692,.T.);
#3859=EDGE_CURVE('',#3039,#3038,#1693,.T.);
#3860=EDGE_CURVE('',#3040,#3039,#1694,.T.);
#3861=EDGE_CURVE('',#3017,#3040,#1695,.T.);
#3862=EDGE_CURVE('',#3008,#3041,#1696,.T.);
#3863=EDGE_CURVE('',#3041,#3042,#437,.T.);
#3864=EDGE_CURVE('',#3042,#3009,#1697,.T.);
#3865=EDGE_CURVE('',#3032,#3042,#1698,.T.);
#3866=EDGE_CURVE('',#3043,#3044,#438,.T.);
#3867=EDGE_CURVE('',#3044,#3007,#1699,.T.);
#3868=EDGE_CURVE('',#3006,#3043,#1700,.T.);
#3869=EDGE_CURVE('',#3041,#3044,#1701,.T.);
#3870=EDGE_CURVE('',#3045,#3046,#439,.T.);
#3871=EDGE_CURVE('',#3046,#3005,#1702,.T.);
#3872=EDGE_CURVE('',#3004,#3045,#1703,.T.);
#3873=EDGE_CURVE('',#3047,#3046,#1704,.T.);
#3874=EDGE_CURVE('',#3048,#3047,#1705,.T.);
#3875=EDGE_CURVE('',#3049,#3048,#1706,.T.);
#3876=EDGE_CURVE('',#3050,#3049,#1707,.T.);
#3877=EDGE_CURVE('',#3043,#3050,#1708,.T.);
#3878=EDGE_CURVE('',#3049,#3051,#440,.T.);
#3879=EDGE_CURVE('',#3051,#3052,#1709,.T.);
#3880=EDGE_CURVE('',#3052,#3050,#441,.T.);
#3881=EDGE_CURVE('',#3053,#3051,#1710,.T.);
#3882=EDGE_CURVE('',#3054,#3053,#1711,.T.);
#3883=EDGE_CURVE('',#3052,#3054,#1712,.T.);
#3884=EDGE_CURVE('',#3040,#3055,#442,.T.);
#3885=EDGE_CURVE('',#3055,#3018,#1713,.T.);
#3886=EDGE_CURVE('',#3053,#3037,#443,.T.);
#3887=EDGE_CURVE('',#3036,#3054,#444,.T.);
#3888=EDGE_CURVE('',#3048,#3056,#1714,.T.);
#3889=EDGE_CURVE('',#3057,#3056,#1715,.T.);
#3890=EDGE_CURVE('',#3058,#3057,#445,.T.);
#3891=EDGE_CURVE('',#3058,#3059,#1716,.T.);
#3892=EDGE_CURVE('',#3060,#3059,#446,.T.);
#3893=EDGE_CURVE('',#3061,#3060,#1717,.T.);
#3894=EDGE_CURVE('',#3061,#3038,#1718,.T.);
#3895=EDGE_CURVE('',#3047,#3062,#1719,.T.);
#3896=EDGE_CURVE('',#3063,#3062,#33,.T.);
#3897=EDGE_CURVE('',#3064,#3063,#1720,.T.);
#3898=EDGE_CURVE('',#3056,#3064,#34,.T.);
#3899=EDGE_CURVE('',#3065,#3061,#35,.T.);
#3900=EDGE_CURVE('',#3066,#3065,#1721,.T.);
#3901=EDGE_CURVE('',#3067,#3066,#36,.T.);
#3902=EDGE_CURVE('',#3067,#3039,#1722,.T.);
#3903=EDGE_CURVE('',#3068,#3067,#1723,.T.);
#3904=EDGE_CURVE('',#3069,#3068,#447,.T.);
#3905=EDGE_CURVE('',#3070,#3069,#1724,.T.);
#3906=EDGE_CURVE('',#3071,#3070,#448,.T.);
#3907=EDGE_CURVE('',#3062,#3071,#1725,.T.);
#3908=EDGE_CURVE('',#3045,#3055,#1726,.T.);
#3909=EDGE_CURVE('',#3072,#3058,#129,.T.);
#3910=EDGE_CURVE('',#3073,#3072,#1727,.T.);
#3911=EDGE_CURVE('',#3070,#3073,#130,.T.);
#3912=EDGE_CURVE('',#3074,#3069,#131,.T.);
#3913=EDGE_CURVE('',#3075,#3074,#1728,.T.);
#3914=EDGE_CURVE('',#3059,#3075,#132,.T.);
#3915=EDGE_CURVE('',#3076,#3063,#1729,.T.);
#3916=EDGE_CURVE('',#3077,#3076,#1730,.T.);
#3917=EDGE_CURVE('',#3064,#3077,#1731,.T.);
#3918=EDGE_CURVE('',#3071,#3027,#449,.T.);
#3919=EDGE_CURVE('',#3026,#3076,#37,.T.);
#3920=EDGE_CURVE('',#3073,#3078,#450,.T.);
#3921=EDGE_CURVE('',#3078,#3028,#451,.T.);
#3922=EDGE_CURVE('',#3079,#3060,#452,.T.);
#3923=EDGE_CURVE('',#3079,#3080,#1732,.T.);
#3924=EDGE_CURVE('',#3080,#3081,#38,.T.);
#3925=EDGE_CURVE('',#3081,#3065,#1733,.T.);
#3926=EDGE_CURVE('',#3075,#3082,#453,.T.);
#3927=EDGE_CURVE('',#3083,#3082,#454,.T.);
#3928=EDGE_CURVE('',#3083,#3079,#455,.T.);
#3929=EDGE_CURVE('',#3084,#3074,#456,.T.);
#3930=EDGE_CURVE('',#3084,#3082,#1734,.T.);
#3931=EDGE_CURVE('',#3078,#3084,#1735,.T.);
#3932=EDGE_CURVE('',#3084,#3019,#457,.T.);
#3933=EDGE_CURVE('',#3068,#3020,#458,.T.);
#3934=EDGE_CURVE('',#3066,#3085,#1736,.T.);
#3935=EDGE_CURVE('',#3085,#3021,#39,.T.);
#3936=EDGE_CURVE('',#3086,#3078,#1737,.T.);
#3937=EDGE_CURVE('',#3082,#3086,#1738,.T.);
#3938=EDGE_CURVE('',#3086,#3072,#459,.T.);
#3939=EDGE_CURVE('',#3087,#3025,#1739,.T.);
#3940=EDGE_CURVE('',#3087,#3088,#1740,.T.);
#3941=EDGE_CURVE('',#3077,#3088,#40,.T.);
#3942=EDGE_CURVE('',#3088,#3089,#1741,.T.);
#3943=EDGE_CURVE('',#3089,#3057,#460,.T.);
#3944=EDGE_CURVE('',#3089,#3090,#461,.T.);
#3945=EDGE_CURVE('',#3090,#3086,#462,.T.);
#3946=EDGE_CURVE('',#3090,#3083,#1742,.T.);
#3947=EDGE_CURVE('',#3081,#3085,#1743,.T.);
#3948=EDGE_CURVE('',#3080,#3091,#1744,.T.);
#3949=EDGE_CURVE('',#3022,#3091,#1745,.T.);
#3950=EDGE_CURVE('',#3092,#3024,#463,.T.);
#3951=EDGE_CURVE('',#3092,#3087,#1746,.T.);
#3952=EDGE_CURVE('',#3092,#3093,#1747,.T.);
#3953=EDGE_CURVE('',#3093,#3091,#1748,.T.);
#3954=EDGE_CURVE('',#3094,#3094,#464,.T.);
#3955=EDGE_CURVE('',#3094,#3095,#1749,.T.);
#3956=EDGE_CURVE('',#3095,#3095,#465,.T.);
#3957=EDGE_CURVE('',#3096,#3023,#466,.T.);
#3958=EDGE_CURVE('',#3096,#3097,#1750,.T.);
#3959=EDGE_CURVE('',#3097,#3097,#467,.T.);
#3960=EDGE_CURVE('',#3093,#3096,#468,.T.);
#3961=EDGE_CURVE('',#3002,#3098,#1751,.T.);
#3962=EDGE_CURVE('',#3098,#3099,#1752,.T.);
#3963=EDGE_CURVE('',#3099,#3000,#1753,.T.);
#3964=EDGE_CURVE('',#3003,#3100,#1754,.T.);
#3965=EDGE_CURVE('',#3100,#3098,#469,.T.);
#3966=EDGE_CURVE('',#3001,#3101,#1755,.T.);
#3967=EDGE_CURVE('',#3101,#3100,#1756,.T.);
#3968=EDGE_CURVE('',#3003,#3001,#1757,.T.);
#3969=EDGE_CURVE('',#3099,#3101,#470,.T.);
#3970=EDGE_CURVE('',#3102,#3103,#85,.T.);
#3971=EDGE_CURVE('',#3103,#3104,#471,.T.);
#3972=EDGE_CURVE('',#3104,#3105,#1758,.T.);
#3973=EDGE_CURVE('',#3105,#3102,#472,.T.);
#3974=EDGE_CURVE('',#3106,#3107,#1759,.T.);
#3975=EDGE_CURVE('',#3107,#3108,#1760,.T.);
#3976=EDGE_CURVE('',#3108,#3109,#1761,.T.);
#3977=EDGE_CURVE('',#3109,#3106,#1762,.T.);
#3978=EDGE_CURVE('',#3106,#3105,#133,.T.);
#3979=EDGE_CURVE('',#3104,#3107,#134,.T.);
#3980=EDGE_CURVE('',#3110,#3111,#86,.F.);
#3981=EDGE_CURVE('',#3110,#3112,#473,.T.);
#3982=EDGE_CURVE('',#3112,#3113,#1763,.T.);
#3983=EDGE_CURVE('',#3113,#3111,#474,.T.);
#3984=EDGE_CURVE('',#3112,#3109,#135,.T.);
#3985=EDGE_CURVE('',#3108,#3113,#136,.T.);
#3986=EDGE_CURVE('',#3106,#3114,#1764,.T.);
#3987=EDGE_CURVE('',#3115,#3114,#475,.T.);
#3988=EDGE_CURVE('',#3115,#3102,#1765,.T.);
#3989=EDGE_CURVE('',#3116,#3109,#1766,.T.);
#3990=EDGE_CURVE('',#3114,#3116,#1767,.T.);
#3991=EDGE_CURVE('',#3110,#3117,#1768,.T.);
#3992=EDGE_CURVE('',#3116,#3117,#476,.T.);
#3993=EDGE_CURVE('',#3103,#3118,#1769,.T.);
#3994=EDGE_CURVE('',#3119,#3118,#477,.T.);
#3995=EDGE_CURVE('',#3119,#3120,#1770,.T.);
#3996=EDGE_CURVE('',#3121,#3120,#478,.T.);
#3997=EDGE_CURVE('',#3121,#3122,#1771,.T.);
#3998=EDGE_CURVE('',#3123,#3122,#479,.T.);
#3999=EDGE_CURVE('',#3123,#3124,#1772,.T.);
#4000=EDGE_CURVE('',#3125,#3124,#480,.T.);
#4001=EDGE_CURVE('',#3125,#3126,#1773,.T.);
#4002=EDGE_CURVE('',#3127,#3126,#481,.T.);
#4003=EDGE_CURVE('',#3127,#3128,#1774,.T.);
#4004=EDGE_CURVE('',#3129,#3128,#482,.T.);
#4005=EDGE_CURVE('',#3130,#3129,#483,.T.);
#4006=EDGE_CURVE('',#3130,#3131,#1775,.T.);
#4007=EDGE_CURVE('',#3132,#3131,#484,.T.);
#4008=EDGE_CURVE('',#3132,#3111,#1776,.T.);
#4009=EDGE_CURVE('',#3133,#3113,#1777,.T.);
#4010=EDGE_CURVE('',#3134,#3133,#485,.T.);
#4011=EDGE_CURVE('',#3135,#3134,#1778,.T.);
#4012=EDGE_CURVE('',#3135,#3136,#1779,.T.);
#4013=EDGE_CURVE('',#3137,#3136,#1780,.T.);
#4014=EDGE_CURVE('',#3138,#3137,#1781,.T.);
#4015=EDGE_CURVE('',#3139,#3138,#1782,.T.);
#4016=EDGE_CURVE('',#3139,#3140,#1783,.T.);
#4017=EDGE_CURVE('',#3141,#3140,#1784,.T.);
#4018=EDGE_CURVE('',#3142,#3141,#486,.T.);
#4019=EDGE_CURVE('',#3104,#3142,#1785,.T.);
#4020=EDGE_CURVE('',#3129,#3143,#1786,.T.);
#4021=EDGE_CURVE('',#3144,#3143,#487,.F.);
#4022=EDGE_CURVE('',#3144,#3130,#1787,.T.);
#4023=EDGE_CURVE('',#3145,#3144,#1788,.T.);
#4024=EDGE_CURVE('',#3146,#3145,#1789,.T.);
#4025=EDGE_CURVE('',#3147,#3146,#1790,.T.);
#4026=EDGE_CURVE('',#3148,#3147,#1791,.T.);
#4027=EDGE_CURVE('',#3149,#3148,#1792,.T.);
#4028=EDGE_CURVE('',#3131,#3149,#1793,.T.);
#4029=EDGE_CURVE('',#3128,#3150,#1794,.T.);
#4030=EDGE_CURVE('',#3150,#3143,#488,.T.);
#4031=EDGE_CURVE('',#3151,#3127,#1795,.T.);
#4032=EDGE_CURVE('',#3150,#3151,#1796,.T.);
#4033=EDGE_CURVE('',#3152,#3153,#489,.T.);
#4034=EDGE_CURVE('',#3153,#3121,#1797,.T.);
#4035=EDGE_CURVE('',#3120,#3152,#1798,.T.);
#4036=EDGE_CURVE('',#3154,#3153,#1799,.T.);
#4037=EDGE_CURVE('',#3122,#3154,#1800,.T.);
#4038=EDGE_CURVE('',#3154,#3155,#490,.T.);
#4039=EDGE_CURVE('',#3155,#3123,#1801,.T.);
#4040=EDGE_CURVE('',#3156,#3155,#1802,.T.);
#4041=EDGE_CURVE('',#3124,#3156,#1803,.T.);
#4042=EDGE_CURVE('',#3156,#3157,#491,.T.);
#4043=EDGE_CURVE('',#3157,#3125,#1804,.T.);
#4044=EDGE_CURVE('',#3158,#3157,#1805,.T.);
#4045=EDGE_CURVE('',#3126,#3158,#1806,.T.);
#4046=EDGE_CURVE('',#3158,#3151,#492,.T.);
#4047=EDGE_CURVE('',#3159,#3160,#493,.T.);
#4048=EDGE_CURVE('',#3160,#3161,#1807,.T.);
#4049=EDGE_CURVE('',#3161,#3162,#494,.T.);
#4050=EDGE_CURVE('',#3162,#3159,#1808,.T.);
#4051=EDGE_CURVE('',#3163,#3160,#1809,.T.);
#4052=EDGE_CURVE('',#3164,#3163,#1810,.T.);
#4053=EDGE_CURVE('',#3161,#3164,#1811,.T.);
#4054=EDGE_CURVE('',#3149,#3165,#495,.T.);
#4055=EDGE_CURVE('',#3165,#3132,#1812,.T.);
#4056=EDGE_CURVE('',#3163,#3146,#496,.T.);
#4057=EDGE_CURVE('',#3145,#3164,#497,.T.);
#4058=EDGE_CURVE('',#3166,#3167,#498,.T.);
#4059=EDGE_CURVE('',#3167,#3119,#1813,.T.);
#4060=EDGE_CURVE('',#3118,#3166,#1814,.T.);
#4061=EDGE_CURVE('',#3168,#3167,#1815,.T.);
#4062=EDGE_CURVE('',#3169,#3168,#1816,.T.);
#4063=EDGE_CURVE('',#3159,#3169,#1817,.T.);
#4064=EDGE_CURVE('',#3152,#3162,#1818,.T.);
#4065=EDGE_CURVE('',#3166,#3165,#1819,.T.);
#4066=EDGE_CURVE('',#3170,#3148,#1820,.T.);
#4067=EDGE_CURVE('',#3171,#3170,#1821,.T.);
#4068=EDGE_CURVE('',#3172,#3171,#499,.T.);
#4069=EDGE_CURVE('',#3173,#3172,#1822,.T.);
#4070=EDGE_CURVE('',#3174,#3173,#500,.T.);
#4071=EDGE_CURVE('',#3175,#3174,#1823,.T.);
#4072=EDGE_CURVE('',#3168,#3175,#1824,.T.);
#4073=EDGE_CURVE('',#3176,#3147,#1825,.T.);
#4074=EDGE_CURVE('',#3177,#3176,#41,.T.);
#4075=EDGE_CURVE('',#3178,#3177,#1826,.T.);
#4076=EDGE_CURVE('',#3170,#3178,#42,.T.);
#4077=EDGE_CURVE('',#3179,#3175,#43,.T.);
#4078=EDGE_CURVE('',#3180,#3179,#1827,.T.);
#4079=EDGE_CURVE('',#3181,#3180,#44,.T.);
#4080=EDGE_CURVE('',#3169,#3181,#1828,.T.);
#4081=EDGE_CURVE('',#3173,#3182,#137,.T.);
#4082=EDGE_CURVE('',#3183,#3172,#138,.T.);
#4083=EDGE_CURVE('',#3184,#3183,#1829,.T.);
#4084=EDGE_CURVE('',#3185,#3184,#139,.T.);
#4085=EDGE_CURVE('',#3186,#3185,#1830,.T.);
#4086=EDGE_CURVE('',#3187,#3186,#140,.T.);
#4087=EDGE_CURVE('',#3182,#3187,#1831,.T.);
#4088=EDGE_CURVE('',#3188,#3181,#1832,.T.);
#4089=EDGE_CURVE('',#3186,#3188,#501,.T.);
#4090=EDGE_CURVE('',#3189,#3185,#502,.T.);
#4091=EDGE_CURVE('',#3176,#3189,#1833,.T.);
#4092=EDGE_CURVE('',#3174,#3141,#503,.T.);
#4093=EDGE_CURVE('',#3140,#3190,#45,.T.);
#4094=EDGE_CURVE('',#3190,#3179,#1834,.T.);
#4095=EDGE_CURVE('',#3182,#3191,#504,.T.);
#4096=EDGE_CURVE('',#3191,#3142,#505,.T.);
#4097=EDGE_CURVE('',#3192,#3187,#506,.T.);
#4098=EDGE_CURVE('',#3192,#3191,#1835,.T.);
#4099=EDGE_CURVE('',#3193,#3177,#1836,.T.);
#4100=EDGE_CURVE('',#3193,#3194,#1837,.T.);
#4101=EDGE_CURVE('',#3178,#3194,#1838,.T.);
#4102=EDGE_CURVE('',#3195,#3189,#507,.T.);
#4103=EDGE_CURVE('',#3195,#3196,#1839,.T.);
#4104=EDGE_CURVE('',#3196,#3193,#46,.T.);
#4105=EDGE_CURVE('',#3184,#3197,#508,.T.);
#4106=EDGE_CURVE('',#3198,#3197,#509,.T.);
#4107=EDGE_CURVE('',#3198,#3195,#510,.T.);
#4108=EDGE_CURVE('',#3191,#3199,#1840,.T.);
#4109=EDGE_CURVE('',#3199,#3133,#511,.T.);
#4110=EDGE_CURVE('',#3171,#3134,#512,.T.);
#4111=EDGE_CURVE('',#3199,#3183,#513,.T.);
#4112=EDGE_CURVE('',#3194,#3135,#47,.T.);
#4113=EDGE_CURVE('',#3196,#3200,#1841,.T.);
#4114=EDGE_CURVE('',#3136,#3200,#1842,.T.);
#4115=EDGE_CURVE('',#3180,#3201,#1843,.T.);
#4116=EDGE_CURVE('',#3201,#3202,#48,.T.);
#4117=EDGE_CURVE('',#3202,#3203,#1844,.T.);
#4118=EDGE_CURVE('',#3203,#3188,#514,.T.);
#4119=EDGE_CURVE('',#3203,#3204,#515,.T.);
#4120=EDGE_CURVE('',#3204,#3192,#516,.T.);
#4121=EDGE_CURVE('',#3197,#3192,#1845,.T.);
#4122=EDGE_CURVE('',#3204,#3198,#1846,.T.);
#4123=EDGE_CURVE('',#3205,#3202,#1847,.T.);
#4124=EDGE_CURVE('',#3206,#3205,#1848,.T.);
#4125=EDGE_CURVE('',#3206,#3207,#1849,.T.);
#4126=EDGE_CURVE('',#3207,#3200,#1850,.T.);
#4127=EDGE_CURVE('',#3205,#3139,#1851,.T.);
#4128=EDGE_CURVE('',#3201,#3190,#1852,.T.);
#4129=EDGE_CURVE('',#3199,#3197,#1853,.T.);
#4130=EDGE_CURVE('',#3206,#3138,#517,.T.);
#4131=EDGE_CURVE('',#3208,#3208,#518,.T.);
#4132=EDGE_CURVE('',#3208,#3209,#1854,.T.);
#4133=EDGE_CURVE('',#3209,#3209,#519,.T.);
#4134=EDGE_CURVE('',#3210,#3137,#520,.T.);
#4135=EDGE_CURVE('',#3210,#3211,#1855,.T.);
#4136=EDGE_CURVE('',#3211,#3211,#521,.T.);
#4137=EDGE_CURVE('',#3207,#3210,#522,.T.);
#4138=EDGE_CURVE('',#3116,#3212,#1856,.T.);
#4139=EDGE_CURVE('',#3212,#3213,#1857,.T.);
#4140=EDGE_CURVE('',#3213,#3114,#1858,.T.);
#4141=EDGE_CURVE('',#3117,#3214,#1859,.T.);
#4142=EDGE_CURVE('',#3214,#3212,#523,.T.);
#4143=EDGE_CURVE('',#3115,#3215,#1860,.T.);
#4144=EDGE_CURVE('',#3215,#3214,#1861,.T.);
#4145=EDGE_CURVE('',#3117,#3115,#1862,.T.);
#4146=EDGE_CURVE('',#3213,#3215,#524,.T.);
#4147=EDGE_CURVE('',#3216,#3217,#87,.T.);
#4148=EDGE_CURVE('',#3217,#3218,#525,.T.);
#4149=EDGE_CURVE('',#3218,#3219,#1863,.T.);
#4150=EDGE_CURVE('',#3219,#3216,#526,.T.);
#4151=EDGE_CURVE('',#3220,#3221,#1864,.T.);
#4152=EDGE_CURVE('',#3221,#3222,#1865,.T.);
#4153=EDGE_CURVE('',#3222,#3223,#1866,.T.);
#4154=EDGE_CURVE('',#3223,#3220,#1867,.T.);
#4155=EDGE_CURVE('',#3220,#3219,#141,.T.);
#4156=EDGE_CURVE('',#3218,#3221,#142,.T.);
#4157=EDGE_CURVE('',#3224,#3225,#88,.F.);
#4158=EDGE_CURVE('',#3224,#3226,#527,.T.);
#4159=EDGE_CURVE('',#3226,#3227,#1868,.T.);
#4160=EDGE_CURVE('',#3227,#3225,#528,.T.);
#4161=EDGE_CURVE('',#3226,#3223,#143,.T.);
#4162=EDGE_CURVE('',#3222,#3227,#144,.T.);
#4163=EDGE_CURVE('',#3220,#3228,#1869,.T.);
#4164=EDGE_CURVE('',#3229,#3228,#529,.T.);
#4165=EDGE_CURVE('',#3229,#3216,#1870,.T.);
#4166=EDGE_CURVE('',#3230,#3223,#1871,.T.);
#4167=EDGE_CURVE('',#3228,#3230,#1872,.T.);
#4168=EDGE_CURVE('',#3224,#3231,#1873,.T.);
#4169=EDGE_CURVE('',#3230,#3231,#530,.T.);
#4170=EDGE_CURVE('',#3217,#3232,#1874,.T.);
#4171=EDGE_CURVE('',#3233,#3232,#531,.T.);
#4172=EDGE_CURVE('',#3233,#3234,#1875,.T.);
#4173=EDGE_CURVE('',#3235,#3234,#532,.T.);
#4174=EDGE_CURVE('',#3235,#3236,#1876,.T.);
#4175=EDGE_CURVE('',#3237,#3236,#533,.T.);
#4176=EDGE_CURVE('',#3237,#3238,#1877,.T.);
#4177=EDGE_CURVE('',#3239,#3238,#534,.T.);
#4178=EDGE_CURVE('',#3239,#3240,#1878,.T.);
#4179=EDGE_CURVE('',#3241,#3240,#535,.T.);
#4180=EDGE_CURVE('',#3241,#3242,#1879,.T.);
#4181=EDGE_CURVE('',#3243,#3242,#536,.T.);
#4182=EDGE_CURVE('',#3244,#3243,#537,.T.);
#4183=EDGE_CURVE('',#3244,#3245,#1880,.T.);
#4184=EDGE_CURVE('',#3246,#3245,#538,.T.);
#4185=EDGE_CURVE('',#3246,#3225,#1881,.T.);
#4186=EDGE_CURVE('',#3247,#3227,#1882,.T.);
#4187=EDGE_CURVE('',#3248,#3247,#539,.T.);
#4188=EDGE_CURVE('',#3249,#3248,#1883,.T.);
#4189=EDGE_CURVE('',#3249,#3250,#1884,.T.);
#4190=EDGE_CURVE('',#3251,#3250,#1885,.T.);
#4191=EDGE_CURVE('',#3252,#3251,#1886,.T.);
#4192=EDGE_CURVE('',#3253,#3252,#1887,.T.);
#4193=EDGE_CURVE('',#3253,#3254,#1888,.T.);
#4194=EDGE_CURVE('',#3255,#3254,#1889,.T.);
#4195=EDGE_CURVE('',#3256,#3255,#540,.T.);
#4196=EDGE_CURVE('',#3218,#3256,#1890,.T.);
#4197=EDGE_CURVE('',#3257,#3258,#541,.T.);
#4198=EDGE_CURVE('',#3258,#3235,#1891,.T.);
#4199=EDGE_CURVE('',#3234,#3257,#1892,.T.);
#4200=EDGE_CURVE('',#3259,#3258,#1893,.T.);
#4201=EDGE_CURVE('',#3236,#3259,#1894,.T.);
#4202=EDGE_CURVE('',#3260,#3261,#542,.T.);
#4203=EDGE_CURVE('',#3261,#3239,#1895,.T.);
#4204=EDGE_CURVE('',#3238,#3260,#1896,.T.);
#4205=EDGE_CURVE('',#3262,#3261,#1897,.T.);
#4206=EDGE_CURVE('',#3240,#3262,#1898,.T.);
#4207=EDGE_CURVE('',#3259,#3263,#543,.T.);
#4208=EDGE_CURVE('',#3263,#3237,#1899,.T.);
#4209=EDGE_CURVE('',#3243,#3264,#1900,.T.);
#4210=EDGE_CURVE('',#3265,#3264,#544,.F.);
#4211=EDGE_CURVE('',#3265,#3244,#1901,.T.);
#4212=EDGE_CURVE('',#3266,#3265,#1902,.T.);
#4213=EDGE_CURVE('',#3267,#3266,#1903,.T.);
#4214=EDGE_CURVE('',#3268,#3267,#1904,.T.);
#4215=EDGE_CURVE('',#3269,#3268,#1905,.T.);
#4216=EDGE_CURVE('',#3270,#3269,#1906,.T.);
#4217=EDGE_CURVE('',#3245,#3270,#1907,.T.);
#4218=EDGE_CURVE('',#3242,#3271,#1908,.T.);
#4219=EDGE_CURVE('',#3271,#3264,#545,.T.);
#4220=EDGE_CURVE('',#3262,#3272,#546,.T.);
#4221=EDGE_CURVE('',#3272,#3241,#1909,.T.);
#4222=EDGE_CURVE('',#3271,#3272,#1910,.T.);
#4223=EDGE_CURVE('',#3273,#3274,#547,.T.);
#4224=EDGE_CURVE('',#3274,#3233,#1911,.T.);
#4225=EDGE_CURVE('',#3232,#3273,#1912,.T.);
#4226=EDGE_CURVE('',#3275,#3274,#1913,.T.);
#4227=EDGE_CURVE('',#3276,#3275,#1914,.T.);
#4228=EDGE_CURVE('',#3277,#3276,#1915,.T.);
#4229=EDGE_CURVE('',#3278,#3277,#1916,.T.);
#4230=EDGE_CURVE('',#3257,#3278,#1917,.T.);
#4231=EDGE_CURVE('',#3277,#3279,#548,.T.);
#4232=EDGE_CURVE('',#3279,#3280,#1918,.T.);
#4233=EDGE_CURVE('',#3280,#3278,#549,.T.);
#4234=EDGE_CURVE('',#3281,#3279,#1919,.T.);
#4235=EDGE_CURVE('',#3282,#3281,#1920,.T.);
#4236=EDGE_CURVE('',#3280,#3282,#1921,.T.);
#4237=EDGE_CURVE('',#3270,#3283,#550,.T.);
#4238=EDGE_CURVE('',#3283,#3246,#1922,.T.);
#4239=EDGE_CURVE('',#3281,#3267,#551,.T.);
#4240=EDGE_CURVE('',#3266,#3282,#552,.T.);
#4241=EDGE_CURVE('',#3260,#3263,#1923,.T.);
#4242=EDGE_CURVE('',#3273,#3283,#1924,.T.);
#4243=EDGE_CURVE('',#3284,#3269,#1925,.T.);
#4244=EDGE_CURVE('',#3285,#3284,#1926,.T.);
#4245=EDGE_CURVE('',#3286,#3285,#553,.T.);
#4246=EDGE_CURVE('',#3287,#3286,#1927,.T.);
#4247=EDGE_CURVE('',#3288,#3287,#554,.T.);
#4248=EDGE_CURVE('',#3289,#3288,#1928,.T.);
#4249=EDGE_CURVE('',#3275,#3289,#1929,.T.);
#4250=EDGE_CURVE('',#3290,#3268,#1930,.T.);
#4251=EDGE_CURVE('',#3291,#3290,#49,.T.);
#4252=EDGE_CURVE('',#3292,#3291,#1931,.T.);
#4253=EDGE_CURVE('',#3284,#3292,#50,.T.);
#4254=EDGE_CURVE('',#3287,#3293,#145,.T.);
#4255=EDGE_CURVE('',#3294,#3286,#146,.T.);
#4256=EDGE_CURVE('',#3295,#3294,#1932,.T.);
#4257=EDGE_CURVE('',#3296,#3295,#147,.T.);
#4258=EDGE_CURVE('',#3297,#3296,#1933,.T.);
#4259=EDGE_CURVE('',#3298,#3297,#148,.T.);
#4260=EDGE_CURVE('',#3293,#3298,#1934,.T.);
#4261=EDGE_CURVE('',#3299,#3289,#51,.T.);
#4262=EDGE_CURVE('',#3300,#3299,#1935,.T.);
#4263=EDGE_CURVE('',#3301,#3300,#52,.T.);
#4264=EDGE_CURVE('',#3276,#3301,#1936,.T.);
#4265=EDGE_CURVE('',#3302,#3301,#1937,.T.);
#4266=EDGE_CURVE('',#3297,#3302,#555,.T.);
#4267=EDGE_CURVE('',#3303,#3296,#556,.T.);
#4268=EDGE_CURVE('',#3290,#3303,#1938,.T.);
#4269=EDGE_CURVE('',#3288,#3255,#557,.T.);
#4270=EDGE_CURVE('',#3254,#3304,#53,.T.);
#4271=EDGE_CURVE('',#3304,#3299,#1939,.T.);
#4272=EDGE_CURVE('',#3293,#3305,#558,.T.);
#4273=EDGE_CURVE('',#3305,#3256,#559,.T.);
#4274=EDGE_CURVE('',#3306,#3298,#560,.T.);
#4275=EDGE_CURVE('',#3306,#3305,#1940,.T.);
#4276=EDGE_CURVE('',#3307,#3291,#1941,.T.);
#4277=EDGE_CURVE('',#3307,#3308,#1942,.T.);
#4278=EDGE_CURVE('',#3292,#3308,#1943,.T.);
#4279=EDGE_CURVE('',#3309,#3303,#561,.T.);
#4280=EDGE_CURVE('',#3309,#3310,#1944,.T.);
#4281=EDGE_CURVE('',#3310,#3307,#54,.T.);
#4282=EDGE_CURVE('',#3295,#3311,#562,.T.);
#4283=EDGE_CURVE('',#3312,#3311,#563,.T.);
#4284=EDGE_CURVE('',#3312,#3309,#564,.T.);
#4285=EDGE_CURVE('',#3305,#3313,#1945,.T.);
#4286=EDGE_CURVE('',#3313,#3247,#565,.T.);
#4287=EDGE_CURVE('',#3285,#3248,#566,.T.);
#4288=EDGE_CURVE('',#3313,#3294,#567,.T.);
#4289=EDGE_CURVE('',#3308,#3249,#55,.T.);
#4290=EDGE_CURVE('',#3310,#3314,#1946,.T.);
#4291=EDGE_CURVE('',#3250,#3314,#1947,.T.);
#4292=EDGE_CURVE('',#3300,#3315,#1948,.T.);
#4293=EDGE_CURVE('',#3315,#3316,#56,.T.);
#4294=EDGE_CURVE('',#3316,#3317,#1949,.T.);
#4295=EDGE_CURVE('',#3317,#3302,#568,.T.);
#4296=EDGE_CURVE('',#3317,#3318,#569,.T.);
#4297=EDGE_CURVE('',#3318,#3306,#570,.T.);
#4298=EDGE_CURVE('',#3311,#3306,#1950,.T.);
#4299=EDGE_CURVE('',#3318,#3312,#1951,.T.);
#4300=EDGE_CURVE('',#3319,#3316,#1952,.T.);
#4301=EDGE_CURVE('',#3320,#3319,#1953,.T.);
#4302=EDGE_CURVE('',#3320,#3321,#1954,.T.);
#4303=EDGE_CURVE('',#3321,#3314,#1955,.T.);
#4304=EDGE_CURVE('',#3319,#3253,#1956,.T.);
#4305=EDGE_CURVE('',#3315,#3304,#1957,.T.);
#4306=EDGE_CURVE('',#3313,#3311,#1958,.T.);
#4307=EDGE_CURVE('',#3320,#3252,#571,.T.);
#4308=EDGE_CURVE('',#3322,#3322,#572,.T.);
#4309=EDGE_CURVE('',#3322,#3323,#1959,.T.);
#4310=EDGE_CURVE('',#3323,#3323,#573,.T.);
#4311=EDGE_CURVE('',#3324,#3251,#574,.T.);
#4312=EDGE_CURVE('',#3324,#3325,#1960,.T.);
#4313=EDGE_CURVE('',#3325,#3325,#575,.T.);
#4314=EDGE_CURVE('',#3321,#3324,#576,.T.);
#4315=EDGE_CURVE('',#3230,#3326,#1961,.T.);
#4316=EDGE_CURVE('',#3326,#3327,#1962,.T.);
#4317=EDGE_CURVE('',#3327,#3228,#1963,.T.);
#4318=EDGE_CURVE('',#3231,#3328,#1964,.T.);
#4319=EDGE_CURVE('',#3328,#3326,#577,.T.);
#4320=EDGE_CURVE('',#3229,#3329,#1965,.T.);
#4321=EDGE_CURVE('',#3329,#3328,#1966,.T.);
#4322=EDGE_CURVE('',#3231,#3229,#1967,.T.);
#4323=EDGE_CURVE('',#3327,#3329,#578,.T.);
#4324=EDGE_CURVE('',#3330,#3331,#89,.T.);
#4325=EDGE_CURVE('',#3331,#3332,#579,.T.);
#4326=EDGE_CURVE('',#3332,#3333,#1968,.T.);
#4327=EDGE_CURVE('',#3333,#3330,#580,.T.);
#4328=EDGE_CURVE('',#3334,#3335,#1969,.T.);
#4329=EDGE_CURVE('',#3335,#3336,#1970,.T.);
#4330=EDGE_CURVE('',#3336,#3337,#1971,.T.);
#4331=EDGE_CURVE('',#3337,#3334,#1972,.T.);
#4332=EDGE_CURVE('',#3334,#3333,#149,.T.);
#4333=EDGE_CURVE('',#3332,#3335,#150,.T.);
#4334=EDGE_CURVE('',#3338,#3339,#90,.F.);
#4335=EDGE_CURVE('',#3338,#3340,#581,.T.);
#4336=EDGE_CURVE('',#3340,#3341,#1973,.T.);
#4337=EDGE_CURVE('',#3341,#3339,#582,.T.);
#4338=EDGE_CURVE('',#3340,#3337,#151,.T.);
#4339=EDGE_CURVE('',#3336,#3341,#152,.T.);
#4340=EDGE_CURVE('',#3334,#3342,#1974,.T.);
#4341=EDGE_CURVE('',#3343,#3342,#583,.T.);
#4342=EDGE_CURVE('',#3343,#3330,#1975,.T.);
#4343=EDGE_CURVE('',#3344,#3337,#1976,.T.);
#4344=EDGE_CURVE('',#3342,#3344,#1977,.T.);
#4345=EDGE_CURVE('',#3338,#3345,#1978,.T.);
#4346=EDGE_CURVE('',#3344,#3345,#584,.T.);
#4347=EDGE_CURVE('',#3331,#3346,#1979,.T.);
#4348=EDGE_CURVE('',#3347,#3346,#585,.T.);
#4349=EDGE_CURVE('',#3347,#3348,#1980,.T.);
#4350=EDGE_CURVE('',#3349,#3348,#586,.T.);
#4351=EDGE_CURVE('',#3349,#3350,#1981,.T.);
#4352=EDGE_CURVE('',#3351,#3350,#587,.T.);
#4353=EDGE_CURVE('',#3351,#3352,#1982,.T.);
#4354=EDGE_CURVE('',#3353,#3352,#588,.T.);
#4355=EDGE_CURVE('',#3353,#3354,#1983,.T.);
#4356=EDGE_CURVE('',#3355,#3354,#589,.T.);
#4357=EDGE_CURVE('',#3355,#3356,#1984,.T.);
#4358=EDGE_CURVE('',#3357,#3356,#590,.T.);
#4359=EDGE_CURVE('',#3358,#3357,#591,.T.);
#4360=EDGE_CURVE('',#3358,#3359,#1985,.T.);
#4361=EDGE_CURVE('',#3360,#3359,#592,.T.);
#4362=EDGE_CURVE('',#3360,#3339,#1986,.T.);
#4363=EDGE_CURVE('',#3361,#3341,#1987,.T.);
#4364=EDGE_CURVE('',#3362,#3361,#593,.T.);
#4365=EDGE_CURVE('',#3363,#3362,#1988,.T.);
#4366=EDGE_CURVE('',#3363,#3364,#1989,.T.);
#4367=EDGE_CURVE('',#3365,#3364,#1990,.T.);
#4368=EDGE_CURVE('',#3366,#3365,#1991,.T.);
#4369=EDGE_CURVE('',#3367,#3366,#1992,.T.);
#4370=EDGE_CURVE('',#3367,#3368,#1993,.T.);
#4371=EDGE_CURVE('',#3369,#3368,#1994,.T.);
#4372=EDGE_CURVE('',#3370,#3369,#594,.T.);
#4373=EDGE_CURVE('',#3332,#3370,#1995,.T.);
#4374=EDGE_CURVE('',#3371,#3372,#595,.T.);
#4375=EDGE_CURVE('',#3372,#3353,#1996,.T.);
#4376=EDGE_CURVE('',#3352,#3371,#1997,.T.);
#4377=EDGE_CURVE('',#3373,#3372,#1998,.T.);
#4378=EDGE_CURVE('',#3354,#3373,#1999,.T.);
#4379=EDGE_CURVE('',#3374,#3375,#596,.T.);
#4380=EDGE_CURVE('',#3375,#3349,#2000,.T.);
#4381=EDGE_CURVE('',#3348,#3374,#2001,.T.);
#4382=EDGE_CURVE('',#3376,#3375,#2002,.T.);
#4383=EDGE_CURVE('',#3350,#3376,#2003,.T.);
#4384=EDGE_CURVE('',#3376,#3377,#597,.T.);
#4385=EDGE_CURVE('',#3377,#3351,#2004,.T.);
#4386=EDGE_CURVE('',#3357,#3378,#2005,.T.);
#4387=EDGE_CURVE('',#3379,#3378,#598,.F.);
#4388=EDGE_CURVE('',#3379,#3358,#2006,.T.);
#4389=EDGE_CURVE('',#3380,#3379,#2007,.T.);
#4390=EDGE_CURVE('',#3381,#3380,#2008,.T.);
#4391=EDGE_CURVE('',#3382,#3381,#2009,.T.);
#4392=EDGE_CURVE('',#3383,#3382,#2010,.T.);
#4393=EDGE_CURVE('',#3384,#3383,#2011,.T.);
#4394=EDGE_CURVE('',#3359,#3384,#2012,.T.);
#4395=EDGE_CURVE('',#3356,#3385,#2013,.T.);
#4396=EDGE_CURVE('',#3385,#3378,#599,.T.);
#4397=EDGE_CURVE('',#3373,#3386,#600,.T.);
#4398=EDGE_CURVE('',#3386,#3355,#2014,.T.);
#4399=EDGE_CURVE('',#3385,#3386,#2015,.T.);
#4400=EDGE_CURVE('',#3387,#3388,#601,.T.);
#4401=EDGE_CURVE('',#3388,#3347,#2016,.T.);
#4402=EDGE_CURVE('',#3346,#3387,#2017,.T.);
#4403=EDGE_CURVE('',#3389,#3388,#2018,.T.);
#4404=EDGE_CURVE('',#3390,#3389,#2019,.T.);
#4405=EDGE_CURVE('',#3391,#3390,#2020,.T.);
#4406=EDGE_CURVE('',#3392,#3391,#2021,.T.);
#4407=EDGE_CURVE('',#3374,#3392,#2022,.T.);
#4408=EDGE_CURVE('',#3391,#3393,#602,.T.);
#4409=EDGE_CURVE('',#3393,#3394,#2023,.T.);
#4410=EDGE_CURVE('',#3394,#3392,#603,.T.);
#4411=EDGE_CURVE('',#3395,#3393,#2024,.T.);
#4412=EDGE_CURVE('',#3396,#3395,#2025,.T.);
#4413=EDGE_CURVE('',#3394,#3396,#2026,.T.);
#4414=EDGE_CURVE('',#3384,#3397,#604,.T.);
#4415=EDGE_CURVE('',#3397,#3360,#2027,.T.);
#4416=EDGE_CURVE('',#3395,#3381,#605,.T.);
#4417=EDGE_CURVE('',#3380,#3396,#606,.T.);
#4418=EDGE_CURVE('',#3371,#3377,#2028,.T.);
#4419=EDGE_CURVE('',#3387,#3397,#2029,.T.);
#4420=EDGE_CURVE('',#3398,#3383,#2030,.T.);
#4421=EDGE_CURVE('',#3399,#3398,#2031,.T.);
#4422=EDGE_CURVE('',#3400,#3399,#607,.T.);
#4423=EDGE_CURVE('',#3401,#3400,#2032,.T.);
#4424=EDGE_CURVE('',#3402,#3401,#608,.T.);
#4425=EDGE_CURVE('',#3403,#3402,#2033,.T.);
#4426=EDGE_CURVE('',#3389,#3403,#2034,.T.);
#4427=EDGE_CURVE('',#3404,#3382,#2035,.T.);
#4428=EDGE_CURVE('',#3405,#3404,#57,.T.);
#4429=EDGE_CURVE('',#3406,#3405,#2036,.T.);
#4430=EDGE_CURVE('',#3398,#3406,#58,.T.);
#4431=EDGE_CURVE('',#3407,#3403,#59,.T.);
#4432=EDGE_CURVE('',#3408,#3407,#2037,.T.);
#4433=EDGE_CURVE('',#3409,#3408,#60,.T.);
#4434=EDGE_CURVE('',#3390,#3409,#2038,.T.);
#4435=EDGE_CURVE('',#3401,#3410,#153,.T.);
#4436=EDGE_CURVE('',#3411,#3400,#154,.T.);
#4437=EDGE_CURVE('',#3412,#3411,#2039,.T.);
#4438=EDGE_CURVE('',#3413,#3412,#155,.T.);
#4439=EDGE_CURVE('',#3414,#3413,#2040,.T.);
#4440=EDGE_CURVE('',#3415,#3414,#156,.T.);
#4441=EDGE_CURVE('',#3410,#3415,#2041,.T.);
#4442=EDGE_CURVE('',#3416,#3409,#2042,.T.);
#4443=EDGE_CURVE('',#3414,#3416,#609,.T.);
#4444=EDGE_CURVE('',#3417,#3413,#610,.T.);
#4445=EDGE_CURVE('',#3404,#3417,#2043,.T.);
#4446=EDGE_CURVE('',#3402,#3369,#611,.T.);
#4447=EDGE_CURVE('',#3368,#3418,#61,.T.);
#4448=EDGE_CURVE('',#3418,#3407,#2044,.T.);
#4449=EDGE_CURVE('',#3410,#3419,#612,.T.);
#4450=EDGE_CURVE('',#3419,#3370,#613,.T.);
#4451=EDGE_CURVE('',#3420,#3415,#614,.T.);
#4452=EDGE_CURVE('',#3420,#3419,#2045,.T.);
#4453=EDGE_CURVE('',#3421,#3405,#2046,.T.);
#4454=EDGE_CURVE('',#3421,#3422,#2047,.T.);
#4455=EDGE_CURVE('',#3406,#3422,#2048,.T.);
#4456=EDGE_CURVE('',#3423,#3417,#615,.T.);
#4457=EDGE_CURVE('',#3423,#3424,#2049,.T.);
#4458=EDGE_CURVE('',#3424,#3421,#62,.T.);
#4459=EDGE_CURVE('',#3412,#3425,#616,.T.);
#4460=EDGE_CURVE('',#3426,#3425,#617,.T.);
#4461=EDGE_CURVE('',#3426,#3423,#618,.T.);
#4462=EDGE_CURVE('',#3408,#3427,#2050,.T.);
#4463=EDGE_CURVE('',#3427,#3428,#63,.T.);
#4464=EDGE_CURVE('',#3428,#3429,#2051,.T.);
#4465=EDGE_CURVE('',#3429,#3416,#619,.T.);
#4466=EDGE_CURVE('',#3429,#3430,#620,.T.);
#4467=EDGE_CURVE('',#3430,#3420,#621,.T.);
#4468=EDGE_CURVE('',#3425,#3420,#2052,.T.);
#4469=EDGE_CURVE('',#3430,#3426,#2053,.T.);
#4470=EDGE_CURVE('',#3427,#3418,#2054,.T.);
#4471=EDGE_CURVE('',#3431,#3425,#2055,.T.);
#4472=EDGE_CURVE('',#3419,#3431,#2056,.T.);
#4473=EDGE_CURVE('',#3431,#3411,#622,.T.);
#4474=EDGE_CURVE('',#3424,#3432,#2057,.T.);
#4475=EDGE_CURVE('',#3364,#3432,#2058,.T.);
#4476=EDGE_CURVE('',#3422,#3363,#64,.T.);
#4477=EDGE_CURVE('',#3431,#3361,#623,.T.);
#4478=EDGE_CURVE('',#3399,#3362,#624,.T.);
#4479=EDGE_CURVE('',#3433,#3367,#2059,.T.);
#4480=EDGE_CURVE('',#3433,#3428,#2060,.T.);
#4481=EDGE_CURVE('',#3434,#3433,#2061,.T.);
#4482=EDGE_CURVE('',#3434,#3435,#2062,.T.);
#4483=EDGE_CURVE('',#3435,#3432,#2063,.T.);
#4484=EDGE_CURVE('',#3434,#3366,#625,.T.);
#4485=EDGE_CURVE('',#3436,#3436,#626,.T.);
#4486=EDGE_CURVE('',#3436,#3437,#2064,.T.);
#4487=EDGE_CURVE('',#3437,#3437,#627,.T.);
#4488=EDGE_CURVE('',#3438,#3365,#628,.T.);
#4489=EDGE_CURVE('',#3438,#3439,#2065,.T.);
#4490=EDGE_CURVE('',#3439,#3439,#629,.T.);
#4491=EDGE_CURVE('',#3435,#3438,#630,.T.);
#4492=EDGE_CURVE('',#3344,#3440,#2066,.T.);
#4493=EDGE_CURVE('',#3440,#3441,#2067,.T.);
#4494=EDGE_CURVE('',#3441,#3342,#2068,.T.);
#4495=EDGE_CURVE('',#3345,#3442,#2069,.T.);
#4496=EDGE_CURVE('',#3442,#3440,#631,.T.);
#4497=EDGE_CURVE('',#3343,#3443,#2070,.T.);
#4498=EDGE_CURVE('',#3443,#3442,#2071,.T.);
#4499=EDGE_CURVE('',#3345,#3343,#2072,.T.);
#4500=EDGE_CURVE('',#3441,#3443,#632,.T.);
#4501=EDGE_CURVE('',#3444,#3445,#91,.T.);
#4502=EDGE_CURVE('',#3445,#3446,#633,.T.);
#4503=EDGE_CURVE('',#3446,#3447,#2073,.T.);
#4504=EDGE_CURVE('',#3447,#3444,#634,.T.);
#4505=EDGE_CURVE('',#3448,#3449,#2074,.T.);
#4506=EDGE_CURVE('',#3449,#3450,#2075,.T.);
#4507=EDGE_CURVE('',#3450,#3451,#2076,.T.);
#4508=EDGE_CURVE('',#3451,#3448,#2077,.T.);
#4509=EDGE_CURVE('',#3448,#3447,#157,.T.);
#4510=EDGE_CURVE('',#3446,#3449,#158,.T.);
#4511=EDGE_CURVE('',#3452,#3453,#92,.F.);
#4512=EDGE_CURVE('',#3452,#3454,#635,.T.);
#4513=EDGE_CURVE('',#3454,#3455,#2078,.T.);
#4514=EDGE_CURVE('',#3455,#3453,#636,.T.);
#4515=EDGE_CURVE('',#3454,#3451,#159,.T.);
#4516=EDGE_CURVE('',#3450,#3455,#160,.T.);
#4517=EDGE_CURVE('',#3448,#3456,#2079,.T.);
#4518=EDGE_CURVE('',#3457,#3456,#637,.T.);
#4519=EDGE_CURVE('',#3457,#3444,#2080,.T.);
#4520=EDGE_CURVE('',#3458,#3451,#2081,.T.);
#4521=EDGE_CURVE('',#3456,#3458,#2082,.T.);
#4522=EDGE_CURVE('',#3452,#3459,#2083,.T.);
#4523=EDGE_CURVE('',#3458,#3459,#638,.T.);
#4524=EDGE_CURVE('',#3445,#3460,#2084,.T.);
#4525=EDGE_CURVE('',#3461,#3460,#639,.T.);
#4526=EDGE_CURVE('',#3461,#3462,#2085,.T.);
#4527=EDGE_CURVE('',#3463,#3462,#640,.T.);
#4528=EDGE_CURVE('',#3463,#3464,#2086,.T.);
#4529=EDGE_CURVE('',#3465,#3464,#641,.T.);
#4530=EDGE_CURVE('',#3465,#3466,#2087,.T.);
#4531=EDGE_CURVE('',#3467,#3466,#642,.T.);
#4532=EDGE_CURVE('',#3467,#3468,#2088,.T.);
#4533=EDGE_CURVE('',#3469,#3468,#643,.T.);
#4534=EDGE_CURVE('',#3469,#3470,#2089,.T.);
#4535=EDGE_CURVE('',#3471,#3470,#644,.T.);
#4536=EDGE_CURVE('',#3472,#3471,#645,.T.);
#4537=EDGE_CURVE('',#3472,#3473,#2090,.T.);
#4538=EDGE_CURVE('',#3474,#3473,#646,.T.);
#4539=EDGE_CURVE('',#3474,#3453,#2091,.T.);
#4540=EDGE_CURVE('',#3475,#3455,#2092,.T.);
#4541=EDGE_CURVE('',#3476,#3475,#647,.T.);
#4542=EDGE_CURVE('',#3477,#3476,#2093,.T.);
#4543=EDGE_CURVE('',#3477,#3478,#2094,.T.);
#4544=EDGE_CURVE('',#3479,#3478,#2095,.T.);
#4545=EDGE_CURVE('',#3480,#3479,#2096,.T.);
#4546=EDGE_CURVE('',#3481,#3480,#2097,.T.);
#4547=EDGE_CURVE('',#3481,#3482,#2098,.T.);
#4548=EDGE_CURVE('',#3483,#3482,#2099,.T.);
#4549=EDGE_CURVE('',#3484,#3483,#648,.T.);
#4550=EDGE_CURVE('',#3446,#3484,#2100,.T.);
#4551=EDGE_CURVE('',#3471,#3485,#2101,.T.);
#4552=EDGE_CURVE('',#3486,#3485,#649,.F.);
#4553=EDGE_CURVE('',#3486,#3472,#2102,.T.);
#4554=EDGE_CURVE('',#3487,#3486,#2103,.T.);
#4555=EDGE_CURVE('',#3488,#3487,#2104,.T.);
#4556=EDGE_CURVE('',#3489,#3488,#2105,.T.);
#4557=EDGE_CURVE('',#3490,#3489,#2106,.T.);
#4558=EDGE_CURVE('',#3491,#3490,#2107,.T.);
#4559=EDGE_CURVE('',#3473,#3491,#2108,.T.);
#4560=EDGE_CURVE('',#3470,#3492,#2109,.T.);
#4561=EDGE_CURVE('',#3492,#3485,#650,.T.);
#4562=EDGE_CURVE('',#3493,#3494,#2110,.T.);
#4563=EDGE_CURVE('',#3495,#3493,#2111,.T.);
#4564=EDGE_CURVE('',#3496,#3495,#2112,.T.);
#4565=EDGE_CURVE('',#3496,#3497,#2113,.T.);
#4566=EDGE_CURVE('',#3497,#3498,#2114,.T.);
#4567=EDGE_CURVE('',#3499,#3498,#2115,.T.);
#4568=EDGE_CURVE('',#3500,#3499,#2116,.T.);
#4569=EDGE_CURVE('',#3501,#3500,#651,.T.);
#4570=EDGE_CURVE('',#3502,#3501,#2117,.T.);
#4571=EDGE_CURVE('',#3494,#3502,#652,.T.);
#4572=EDGE_CURVE('',#3492,#3503,#2118,.T.);
#4573=EDGE_CURVE('',#3504,#3503,#653,.T.);
#4574=EDGE_CURVE('',#3504,#3505,#2119,.T.);
#4575=EDGE_CURVE('',#3506,#3505,#654,.T.);
#4576=EDGE_CURVE('',#3506,#3507,#2120,.T.);
#4577=EDGE_CURVE('',#3508,#3507,#655,.T.);
#4578=EDGE_CURVE('',#3508,#3509,#2121,.T.);
#4579=EDGE_CURVE('',#3510,#3509,#656,.T.);
#4580=EDGE_CURVE('',#3510,#3511,#2122,.T.);
#4581=EDGE_CURVE('',#3512,#3511,#657,.T.);
#4582=EDGE_CURVE('',#3512,#3513,#2123,.T.);
#4583=EDGE_CURVE('',#3487,#3513,#658,.T.);
#4584=EDGE_CURVE('',#3503,#3469,#2124,.T.);
#4585=EDGE_CURVE('',#3468,#3504,#2125,.T.);
#4586=EDGE_CURVE('',#3505,#3467,#2126,.T.);
#4587=EDGE_CURVE('',#3466,#3506,#2127,.T.);
#4588=EDGE_CURVE('',#3464,#3508,#2128,.T.);
#4589=EDGE_CURVE('',#3507,#3465,#2129,.T.);
#4590=EDGE_CURVE('',#3509,#3463,#2130,.T.);
#4591=EDGE_CURVE('',#3462,#3510,#2131,.T.);
#4592=EDGE_CURVE('',#3491,#3514,#659,.T.);
#4593=EDGE_CURVE('',#3514,#3474,#2132,.T.);
#4594=EDGE_CURVE('',#3515,#3488,#660,.T.);
#4595=EDGE_CURVE('',#3513,#3515,#2133,.T.);
#4596=EDGE_CURVE('',#3516,#3517,#661,.T.);
#4597=EDGE_CURVE('',#3517,#3461,#2134,.T.);
#4598=EDGE_CURVE('',#3460,#3516,#2135,.T.);
#4599=EDGE_CURVE('',#3518,#3517,#2136,.T.);
#4600=EDGE_CURVE('',#3519,#3518,#2137,.T.);
#4601=EDGE_CURVE('',#3520,#3519,#2138,.T.);
#4602=EDGE_CURVE('',#3511,#3520,#2139,.T.);
#4603=EDGE_CURVE('',#3520,#3521,#662,.T.);
#4604=EDGE_CURVE('',#3521,#3512,#2140,.T.);
#4605=EDGE_CURVE('',#3515,#3521,#2141,.T.);
#4606=EDGE_CURVE('',#3519,#3522,#2142,.T.);
#4607=EDGE_CURVE('',#3523,#3522,#2143,.T.);
#4608=EDGE_CURVE('',#3524,#3523,#663,.T.);
#4609=EDGE_CURVE('',#3524,#3525,#2144,.T.);
#4610=EDGE_CURVE('',#3526,#3525,#664,.T.);
#4611=EDGE_CURVE('',#3527,#3526,#2145,.T.);
#4612=EDGE_CURVE('',#3527,#3489,#2146,.T.);
#4613=EDGE_CURVE('',#3518,#3528,#2147,.T.);
#4614=EDGE_CURVE('',#3529,#3528,#65,.T.);
#4615=EDGE_CURVE('',#3530,#3529,#2148,.T.);
#4616=EDGE_CURVE('',#3522,#3530,#66,.T.);
#4617=EDGE_CURVE('',#3531,#3527,#67,.T.);
#4618=EDGE_CURVE('',#3532,#3531,#2149,.T.);
#4619=EDGE_CURVE('',#3533,#3532,#68,.T.);
#4620=EDGE_CURVE('',#3533,#3490,#2150,.T.);
#4621=EDGE_CURVE('',#3534,#3533,#2151,.T.);
#4622=EDGE_CURVE('',#3535,#3534,#665,.T.);
#4623=EDGE_CURVE('',#3536,#3535,#2152,.T.);
#4624=EDGE_CURVE('',#3537,#3536,#666,.T.);
#4625=EDGE_CURVE('',#3528,#3537,#2153,.T.);
#4626=EDGE_CURVE('',#3516,#3514,#2154,.T.);
#4627=EDGE_CURVE('',#3538,#3524,#161,.T.);
#4628=EDGE_CURVE('',#3539,#3538,#2155,.T.);
#4629=EDGE_CURVE('',#3536,#3539,#162,.T.);
#4630=EDGE_CURVE('',#3540,#3535,#163,.T.);
#4631=EDGE_CURVE('',#3541,#3540,#2156,.T.);
#4632=EDGE_CURVE('',#3525,#3541,#164,.T.);
#4633=EDGE_CURVE('',#3542,#3529,#2157,.T.);
#4634=EDGE_CURVE('',#3543,#3542,#2158,.T.);
#4635=EDGE_CURVE('',#3530,#3543,#2159,.T.);
#4636=EDGE_CURVE('',#3537,#3483,#667,.T.);
#4637=EDGE_CURVE('',#3482,#3542,#69,.T.);
#4638=EDGE_CURVE('',#3539,#3544,#668,.T.);
#4639=EDGE_CURVE('',#3544,#3484,#669,.T.);
#4640=EDGE_CURVE('',#3500,#3526,#670,.T.);
#4641=EDGE_CURVE('',#3499,#3545,#70,.T.);
#4642=EDGE_CURVE('',#3545,#3531,#2160,.T.);
#4643=EDGE_CURVE('',#3541,#3546,#671,.T.);
#4644=EDGE_CURVE('',#3501,#3546,#672,.T.);
#4645=EDGE_CURVE('',#3547,#3540,#673,.T.);
#4646=EDGE_CURVE('',#3547,#3546,#2161,.T.);
#4647=EDGE_CURVE('',#3544,#3547,#2162,.T.);
#4648=EDGE_CURVE('',#3547,#3475,#674,.T.);
#4649=EDGE_CURVE('',#3534,#3476,#675,.T.);
#4650=EDGE_CURVE('',#3532,#3548,#2163,.T.);
#4651=EDGE_CURVE('',#3548,#3477,#71,.T.);
#4652=EDGE_CURVE('',#3549,#3544,#2164,.T.);
#4653=EDGE_CURVE('',#3546,#3549,#2165,.T.);
#4654=EDGE_CURVE('',#3549,#3538,#676,.T.);
#4655=EDGE_CURVE('',#3495,#3481,#2166,.T.);
#4656=EDGE_CURVE('',#3543,#3493,#72,.T.);
#4657=EDGE_CURVE('',#3494,#3523,#677,.T.);
#4658=EDGE_CURVE('',#3502,#3549,#678,.T.);
#4659=EDGE_CURVE('',#3545,#3548,#2167,.T.);
#4660=EDGE_CURVE('',#3478,#3498,#2168,.T.);
#4661=EDGE_CURVE('',#3496,#3480,#679,.T.);
#4662=EDGE_CURVE('',#3550,#3550,#680,.T.);
#4663=EDGE_CURVE('',#3550,#3551,#2169,.T.);
#4664=EDGE_CURVE('',#3551,#3551,#681,.T.);
#4665=EDGE_CURVE('',#3552,#3479,#682,.T.);
#4666=EDGE_CURVE('',#3552,#3553,#2170,.T.);
#4667=EDGE_CURVE('',#3553,#3553,#683,.T.);
#4668=EDGE_CURVE('',#3497,#3552,#684,.T.);
#4669=EDGE_CURVE('',#3458,#3554,#2171,.T.);
#4670=EDGE_CURVE('',#3554,#3555,#2172,.T.);
#4671=EDGE_CURVE('',#3555,#3456,#2173,.T.);
#4672=EDGE_CURVE('',#3459,#3556,#2174,.T.);
#4673=EDGE_CURVE('',#3556,#3554,#685,.T.);
#4674=EDGE_CURVE('',#3457,#3557,#2175,.T.);
#4675=EDGE_CURVE('',#3557,#3556,#2176,.T.);
#4676=EDGE_CURVE('',#3459,#3457,#2177,.T.);
#4677=EDGE_CURVE('',#3555,#3557,#686,.T.);
#4678=ORIENTED_EDGE('',*,*,#3558,.T.);
#4679=ORIENTED_EDGE('',*,*,#3559,.T.);
#4680=ORIENTED_EDGE('',*,*,#3560,.T.);
#4681=ORIENTED_EDGE('',*,*,#3561,.T.);
#4682=ORIENTED_EDGE('',*,*,#3558,.F.);
#4683=ORIENTED_EDGE('',*,*,#3562,.T.);
#4684=ORIENTED_EDGE('',*,*,#3563,.T.);
#4685=ORIENTED_EDGE('',*,*,#3564,.T.);
#4686=ORIENTED_EDGE('',*,*,#3565,.T.);
#4687=ORIENTED_EDGE('',*,*,#3566,.T.);
#4688=ORIENTED_EDGE('',*,*,#3563,.F.);
#4689=ORIENTED_EDGE('',*,*,#3567,.T.);
#4690=ORIENTED_EDGE('',*,*,#3565,.F.);
#4691=ORIENTED_EDGE('',*,*,#3568,.T.);
#4692=ORIENTED_EDGE('',*,*,#3569,.T.);
#4693=ORIENTED_EDGE('',*,*,#3570,.T.);
#4694=ORIENTED_EDGE('',*,*,#3571,.T.);
#4695=ORIENTED_EDGE('',*,*,#3572,.T.);
#4696=ORIENTED_EDGE('',*,*,#3569,.F.);
#4697=ORIENTED_EDGE('',*,*,#3573,.T.);
#4698=ORIENTED_EDGE('',*,*,#3571,.F.);
#4699=ORIENTED_EDGE('',*,*,#3574,.T.);
#4700=ORIENTED_EDGE('',*,*,#3575,.T.);
#4701=ORIENTED_EDGE('',*,*,#3576,.T.);
#4702=ORIENTED_EDGE('',*,*,#3577,.T.);
#4703=ORIENTED_EDGE('',*,*,#3578,.T.);
#4704=ORIENTED_EDGE('',*,*,#3575,.F.);
#4705=ORIENTED_EDGE('',*,*,#3579,.T.);
#4706=ORIENTED_EDGE('',*,*,#3577,.F.);
#4707=ORIENTED_EDGE('',*,*,#3580,.T.);
#4708=ORIENTED_EDGE('',*,*,#3581,.T.);
#4709=ORIENTED_EDGE('',*,*,#3582,.T.);
#4710=ORIENTED_EDGE('',*,*,#3583,.T.);
#4711=ORIENTED_EDGE('',*,*,#3584,.T.);
#4712=ORIENTED_EDGE('',*,*,#3581,.F.);
#4713=ORIENTED_EDGE('',*,*,#3585,.T.);
#4714=ORIENTED_EDGE('',*,*,#3583,.F.);
#4715=ORIENTED_EDGE('',*,*,#3586,.T.);
#4716=ORIENTED_EDGE('',*,*,#3560,.F.);
#4717=ORIENTED_EDGE('',*,*,#3587,.T.);
#4718=ORIENTED_EDGE('',*,*,#3573,.F.);
#4719=ORIENTED_EDGE('',*,*,#3588,.F.);
#4720=ORIENTED_EDGE('',*,*,#3589,.F.);
#4721=ORIENTED_EDGE('',*,*,#3590,.F.);
#4722=ORIENTED_EDGE('',*,*,#3568,.F.);
#4723=ORIENTED_EDGE('',*,*,#3591,.T.);
#4724=ORIENTED_EDGE('',*,*,#3592,.F.);
#4725=ORIENTED_EDGE('',*,*,#3588,.T.);
#4726=ORIENTED_EDGE('',*,*,#3567,.F.);
#4727=ORIENTED_EDGE('',*,*,#3593,.F.);
#4728=ORIENTED_EDGE('',*,*,#3594,.F.);
#4729=ORIENTED_EDGE('',*,*,#3591,.F.);
#4730=ORIENTED_EDGE('',*,*,#3562,.F.);
#4731=ORIENTED_EDGE('',*,*,#3595,.T.);
#4732=ORIENTED_EDGE('',*,*,#3596,.F.);
#4733=ORIENTED_EDGE('',*,*,#3593,.T.);
#4734=ORIENTED_EDGE('',*,*,#3561,.F.);
#4735=ORIENTED_EDGE('',*,*,#3597,.F.);
#4736=ORIENTED_EDGE('',*,*,#3598,.F.);
#4737=ORIENTED_EDGE('',*,*,#3595,.F.);
#4738=ORIENTED_EDGE('',*,*,#3599,.F.);
#4739=ORIENTED_EDGE('',*,*,#3600,.F.);
#4740=ORIENTED_EDGE('',*,*,#3601,.T.);
#4741=ORIENTED_EDGE('',*,*,#3602,.T.);
#4742=ORIENTED_EDGE('',*,*,#3603,.T.);
#4743=ORIENTED_EDGE('',*,*,#3604,.T.);
#4744=ORIENTED_EDGE('',*,*,#3605,.F.);
#4745=ORIENTED_EDGE('',*,*,#3606,.F.);
#4746=ORIENTED_EDGE('',*,*,#3607,.T.);
#4747=ORIENTED_EDGE('',*,*,#3608,.T.);
#4748=ORIENTED_EDGE('',*,*,#3609,.T.);
#4749=ORIENTED_EDGE('',*,*,#3610,.T.);
#4750=ORIENTED_EDGE('',*,*,#3611,.F.);
#4751=ORIENTED_EDGE('',*,*,#3612,.F.);
#4752=ORIENTED_EDGE('',*,*,#3613,.T.);
#4753=ORIENTED_EDGE('',*,*,#3614,.T.);
#4754=ORIENTED_EDGE('',*,*,#3615,.T.);
#4755=ORIENTED_EDGE('',*,*,#3616,.T.);
#4756=ORIENTED_EDGE('',*,*,#3617,.F.);
#4757=ORIENTED_EDGE('',*,*,#3618,.F.);
#4758=ORIENTED_EDGE('',*,*,#3619,.T.);
#4759=ORIENTED_EDGE('',*,*,#3620,.T.);
#4760=ORIENTED_EDGE('',*,*,#3621,.T.);
#4761=ORIENTED_EDGE('',*,*,#3622,.T.);
#4762=ORIENTED_EDGE('',*,*,#3623,.F.);
#4763=ORIENTED_EDGE('',*,*,#3624,.F.);
#4764=ORIENTED_EDGE('',*,*,#3625,.T.);
#4765=ORIENTED_EDGE('',*,*,#3626,.T.);
#4766=ORIENTED_EDGE('',*,*,#3627,.T.);
#4767=ORIENTED_EDGE('',*,*,#3628,.T.);
#4768=ORIENTED_EDGE('',*,*,#3559,.F.);
#4769=ORIENTED_EDGE('',*,*,#3564,.F.);
#4770=ORIENTED_EDGE('',*,*,#3566,.F.);
#4771=ORIENTED_EDGE('',*,*,#3570,.F.);
#4772=ORIENTED_EDGE('',*,*,#3572,.F.);
#4773=ORIENTED_EDGE('',*,*,#3576,.F.);
#4774=ORIENTED_EDGE('',*,*,#3578,.F.);
#4775=ORIENTED_EDGE('',*,*,#3582,.F.);
#4776=ORIENTED_EDGE('',*,*,#3584,.F.);
#4777=ORIENTED_EDGE('',*,*,#3587,.F.);
#4778=ORIENTED_EDGE('',*,*,#3629,.T.);
#4779=ORIENTED_EDGE('',*,*,#3630,.T.);
#4780=ORIENTED_EDGE('',*,*,#3631,.T.);
#4781=ORIENTED_EDGE('',*,*,#3598,.T.);
#4782=ORIENTED_EDGE('',*,*,#3629,.F.);
#4783=ORIENTED_EDGE('',*,*,#3632,.T.);
#4784=ORIENTED_EDGE('',*,*,#3633,.T.);
#4785=ORIENTED_EDGE('',*,*,#3634,.T.);
#4786=ORIENTED_EDGE('',*,*,#3635,.T.);
#4787=ORIENTED_EDGE('',*,*,#3636,.T.);
#4788=ORIENTED_EDGE('',*,*,#3633,.F.);
#4789=ORIENTED_EDGE('',*,*,#3637,.T.);
#4790=ORIENTED_EDGE('',*,*,#3635,.F.);
#4791=ORIENTED_EDGE('',*,*,#3638,.T.);
#4792=ORIENTED_EDGE('',*,*,#3639,.T.);
#4793=ORIENTED_EDGE('',*,*,#3640,.T.);
#4794=ORIENTED_EDGE('',*,*,#3641,.T.);
#4795=ORIENTED_EDGE('',*,*,#3642,.T.);
#4796=ORIENTED_EDGE('',*,*,#3639,.F.);
#4797=ORIENTED_EDGE('',*,*,#3643,.T.);
#4798=ORIENTED_EDGE('',*,*,#3641,.F.);
#4799=ORIENTED_EDGE('',*,*,#3644,.T.);
#4800=ORIENTED_EDGE('',*,*,#3645,.T.);
#4801=ORIENTED_EDGE('',*,*,#3646,.T.);
#4802=ORIENTED_EDGE('',*,*,#3647,.T.);
#4803=ORIENTED_EDGE('',*,*,#3648,.T.);
#4804=ORIENTED_EDGE('',*,*,#3645,.F.);
#4805=ORIENTED_EDGE('',*,*,#3589,.T.);
#4806=ORIENTED_EDGE('',*,*,#3647,.F.);
#4807=ORIENTED_EDGE('',*,*,#3592,.T.);
#4808=ORIENTED_EDGE('',*,*,#3649,.T.);
#4809=ORIENTED_EDGE('',*,*,#3650,.T.);
#4810=ORIENTED_EDGE('',*,*,#3651,.T.);
#4811=ORIENTED_EDGE('',*,*,#3652,.T.);
#4812=ORIENTED_EDGE('',*,*,#3649,.F.);
#4813=ORIENTED_EDGE('',*,*,#3594,.T.);
#4814=ORIENTED_EDGE('',*,*,#3651,.F.);
#4815=ORIENTED_EDGE('',*,*,#3596,.T.);
#4816=ORIENTED_EDGE('',*,*,#3631,.F.);
#4817=ORIENTED_EDGE('',*,*,#3653,.T.);
#4818=ORIENTED_EDGE('',*,*,#3579,.F.);
#4819=ORIENTED_EDGE('',*,*,#3654,.F.);
#4820=ORIENTED_EDGE('',*,*,#3643,.F.);
#4821=ORIENTED_EDGE('',*,*,#3655,.F.);
#4822=ORIENTED_EDGE('',*,*,#3580,.F.);
#4823=ORIENTED_EDGE('',*,*,#3655,.T.);
#4824=ORIENTED_EDGE('',*,*,#3638,.F.);
#4825=ORIENTED_EDGE('',*,*,#3656,.T.);
#4826=ORIENTED_EDGE('',*,*,#3585,.F.);
#4827=ORIENTED_EDGE('',*,*,#3656,.F.);
#4828=ORIENTED_EDGE('',*,*,#3637,.F.);
#4829=ORIENTED_EDGE('',*,*,#3657,.F.);
#4830=ORIENTED_EDGE('',*,*,#3586,.F.);
#4831=ORIENTED_EDGE('',*,*,#3657,.T.);
#4832=ORIENTED_EDGE('',*,*,#3632,.F.);
#4833=ORIENTED_EDGE('',*,*,#3597,.T.);
#4834=ORIENTED_EDGE('',*,*,#3658,.F.);
#4835=ORIENTED_EDGE('',*,*,#3659,.F.);
#4836=ORIENTED_EDGE('',*,*,#3660,.F.);
#4837=ORIENTED_EDGE('',*,*,#3661,.F.);
#4838=ORIENTED_EDGE('',*,*,#3662,.T.);
#4839=ORIENTED_EDGE('',*,*,#3663,.F.);
#4840=ORIENTED_EDGE('',*,*,#3664,.F.);
#4841=ORIENTED_EDGE('',*,*,#3665,.F.);
#4842=ORIENTED_EDGE('',*,*,#3666,.F.);
#4843=ORIENTED_EDGE('',*,*,#3667,.F.);
#4844=ORIENTED_EDGE('',*,*,#3668,.T.);
#4845=ORIENTED_EDGE('',*,*,#3669,.F.);
#4846=ORIENTED_EDGE('',*,*,#3670,.F.);
#4847=ORIENTED_EDGE('',*,*,#3671,.F.);
#4848=ORIENTED_EDGE('',*,*,#3672,.F.);
#4849=ORIENTED_EDGE('',*,*,#3673,.F.);
#4850=ORIENTED_EDGE('',*,*,#3674,.T.);
#4851=ORIENTED_EDGE('',*,*,#3675,.F.);
#4852=ORIENTED_EDGE('',*,*,#3676,.F.);
#4853=ORIENTED_EDGE('',*,*,#3677,.F.);
#4854=ORIENTED_EDGE('',*,*,#3678,.F.);
#4855=ORIENTED_EDGE('',*,*,#3679,.F.);
#4856=ORIENTED_EDGE('',*,*,#3680,.T.);
#4857=ORIENTED_EDGE('',*,*,#3681,.F.);
#4858=ORIENTED_EDGE('',*,*,#3682,.F.);
#4859=ORIENTED_EDGE('',*,*,#3683,.F.);
#4860=ORIENTED_EDGE('',*,*,#3684,.F.);
#4861=ORIENTED_EDGE('',*,*,#3685,.F.);
#4862=ORIENTED_EDGE('',*,*,#3686,.T.);
#4863=ORIENTED_EDGE('',*,*,#3687,.F.);
#4864=ORIENTED_EDGE('',*,*,#3630,.F.);
#4865=ORIENTED_EDGE('',*,*,#3634,.F.);
#4866=ORIENTED_EDGE('',*,*,#3636,.F.);
#4867=ORIENTED_EDGE('',*,*,#3640,.F.);
#4868=ORIENTED_EDGE('',*,*,#3642,.F.);
#4869=ORIENTED_EDGE('',*,*,#3646,.F.);
#4870=ORIENTED_EDGE('',*,*,#3648,.F.);
#4871=ORIENTED_EDGE('',*,*,#3650,.F.);
#4872=ORIENTED_EDGE('',*,*,#3652,.F.);
#4873=ORIENTED_EDGE('',*,*,#3653,.F.);
#4874=ORIENTED_EDGE('',*,*,#3688,.T.);
#4875=ORIENTED_EDGE('',*,*,#3689,.T.);
#4876=ORIENTED_EDGE('',*,*,#3690,.T.);
#4877=ORIENTED_EDGE('',*,*,#3687,.T.);
#4878=ORIENTED_EDGE('',*,*,#3689,.F.);
#4879=ORIENTED_EDGE('',*,*,#3691,.T.);
#4880=ORIENTED_EDGE('',*,*,#3692,.F.);
#4881=ORIENTED_EDGE('',*,*,#3693,.T.);
#4882=ORIENTED_EDGE('',*,*,#3694,.T.);
#4883=ORIENTED_EDGE('',*,*,#3600,.T.);
#4884=ORIENTED_EDGE('',*,*,#3695,.T.);
#4885=ORIENTED_EDGE('',*,*,#3692,.T.);
#4886=ORIENTED_EDGE('',*,*,#3686,.F.);
#4887=ORIENTED_EDGE('',*,*,#3696,.F.);
#4888=ORIENTED_EDGE('',*,*,#3601,.F.);
#4889=ORIENTED_EDGE('',*,*,#3694,.F.);
#4890=ORIENTED_EDGE('',*,*,#3691,.F.);
#4891=ORIENTED_EDGE('',*,*,#3688,.F.);
#4892=ORIENTED_EDGE('',*,*,#3697,.F.);
#4893=ORIENTED_EDGE('',*,*,#3599,.T.);
#4894=ORIENTED_EDGE('',*,*,#3698,.T.);
#4895=ORIENTED_EDGE('',*,*,#3658,.T.);
#4896=ORIENTED_EDGE('',*,*,#3690,.F.);
#4897=ORIENTED_EDGE('',*,*,#3693,.F.);
#4898=ORIENTED_EDGE('',*,*,#3695,.F.);
#4899=ORIENTED_EDGE('',*,*,#3699,.F.);
#4900=ORIENTED_EDGE('',*,*,#3700,.T.);
#4901=ORIENTED_EDGE('',*,*,#3701,.T.);
#4902=ORIENTED_EDGE('',*,*,#3702,.T.);
#4903=ORIENTED_EDGE('',*,*,#3663,.T.);
#4904=ORIENTED_EDGE('',*,*,#3701,.F.);
#4905=ORIENTED_EDGE('',*,*,#3703,.T.);
#4906=ORIENTED_EDGE('',*,*,#3704,.F.);
#4907=ORIENTED_EDGE('',*,*,#3705,.T.);
#4908=ORIENTED_EDGE('',*,*,#3706,.T.);
#4909=ORIENTED_EDGE('',*,*,#3624,.T.);
#4910=ORIENTED_EDGE('',*,*,#3707,.T.);
#4911=ORIENTED_EDGE('',*,*,#3704,.T.);
#4912=ORIENTED_EDGE('',*,*,#3662,.F.);
#4913=ORIENTED_EDGE('',*,*,#3708,.F.);
#4914=ORIENTED_EDGE('',*,*,#3625,.F.);
#4915=ORIENTED_EDGE('',*,*,#3706,.F.);
#4916=ORIENTED_EDGE('',*,*,#3703,.F.);
#4917=ORIENTED_EDGE('',*,*,#3700,.F.);
#4918=ORIENTED_EDGE('',*,*,#3709,.F.);
#4919=ORIENTED_EDGE('',*,*,#3623,.T.);
#4920=ORIENTED_EDGE('',*,*,#3710,.T.);
#4921=ORIENTED_EDGE('',*,*,#3664,.T.);
#4922=ORIENTED_EDGE('',*,*,#3702,.F.);
#4923=ORIENTED_EDGE('',*,*,#3705,.F.);
#4924=ORIENTED_EDGE('',*,*,#3707,.F.);
#4925=ORIENTED_EDGE('',*,*,#3711,.F.);
#4926=ORIENTED_EDGE('',*,*,#3712,.T.);
#4927=ORIENTED_EDGE('',*,*,#3618,.T.);
#4928=ORIENTED_EDGE('',*,*,#3713,.T.);
#4929=ORIENTED_EDGE('',*,*,#3714,.T.);
#4930=ORIENTED_EDGE('',*,*,#3715,.T.);
#4931=ORIENTED_EDGE('',*,*,#3716,.T.);
#4932=ORIENTED_EDGE('',*,*,#3717,.T.);
#4933=ORIENTED_EDGE('',*,*,#3669,.T.);
#4934=ORIENTED_EDGE('',*,*,#3714,.F.);
#4935=ORIENTED_EDGE('',*,*,#3718,.T.);
#4936=ORIENTED_EDGE('',*,*,#3716,.F.);
#4937=ORIENTED_EDGE('',*,*,#3719,.T.);
#4938=ORIENTED_EDGE('',*,*,#3668,.F.);
#4939=ORIENTED_EDGE('',*,*,#3720,.F.);
#4940=ORIENTED_EDGE('',*,*,#3619,.F.);
#4941=ORIENTED_EDGE('',*,*,#3712,.F.);
#4942=ORIENTED_EDGE('',*,*,#3719,.F.);
#4943=ORIENTED_EDGE('',*,*,#3715,.F.);
#4944=ORIENTED_EDGE('',*,*,#3721,.F.);
#4945=ORIENTED_EDGE('',*,*,#3617,.T.);
#4946=ORIENTED_EDGE('',*,*,#3722,.T.);
#4947=ORIENTED_EDGE('',*,*,#3670,.T.);
#4948=ORIENTED_EDGE('',*,*,#3717,.F.);
#4949=ORIENTED_EDGE('',*,*,#3718,.F.);
#4950=ORIENTED_EDGE('',*,*,#3713,.F.);
#4951=ORIENTED_EDGE('',*,*,#3723,.F.);
#4952=ORIENTED_EDGE('',*,*,#3724,.T.);
#4953=ORIENTED_EDGE('',*,*,#3606,.T.);
#4954=ORIENTED_EDGE('',*,*,#3725,.T.);
#4955=ORIENTED_EDGE('',*,*,#3726,.T.);
#4956=ORIENTED_EDGE('',*,*,#3727,.T.);
#4957=ORIENTED_EDGE('',*,*,#3728,.T.);
#4958=ORIENTED_EDGE('',*,*,#3729,.T.);
#4959=ORIENTED_EDGE('',*,*,#3681,.T.);
#4960=ORIENTED_EDGE('',*,*,#3726,.F.);
#4961=ORIENTED_EDGE('',*,*,#3730,.T.);
#4962=ORIENTED_EDGE('',*,*,#3728,.F.);
#4963=ORIENTED_EDGE('',*,*,#3731,.T.);
#4964=ORIENTED_EDGE('',*,*,#3680,.F.);
#4965=ORIENTED_EDGE('',*,*,#3732,.F.);
#4966=ORIENTED_EDGE('',*,*,#3607,.F.);
#4967=ORIENTED_EDGE('',*,*,#3724,.F.);
#4968=ORIENTED_EDGE('',*,*,#3731,.F.);
#4969=ORIENTED_EDGE('',*,*,#3727,.F.);
#4970=ORIENTED_EDGE('',*,*,#3733,.F.);
#4971=ORIENTED_EDGE('',*,*,#3605,.T.);
#4972=ORIENTED_EDGE('',*,*,#3734,.T.);
#4973=ORIENTED_EDGE('',*,*,#3682,.T.);
#4974=ORIENTED_EDGE('',*,*,#3729,.F.);
#4975=ORIENTED_EDGE('',*,*,#3730,.F.);
#4976=ORIENTED_EDGE('',*,*,#3725,.F.);
#4977=ORIENTED_EDGE('',*,*,#3735,.F.);
#4978=ORIENTED_EDGE('',*,*,#3736,.T.);
#4979=ORIENTED_EDGE('',*,*,#3612,.T.);
#4980=ORIENTED_EDGE('',*,*,#3737,.T.);
#4981=ORIENTED_EDGE('',*,*,#3738,.T.);
#4982=ORIENTED_EDGE('',*,*,#3739,.T.);
#4983=ORIENTED_EDGE('',*,*,#3740,.T.);
#4984=ORIENTED_EDGE('',*,*,#3741,.T.);
#4985=ORIENTED_EDGE('',*,*,#3675,.T.);
#4986=ORIENTED_EDGE('',*,*,#3738,.F.);
#4987=ORIENTED_EDGE('',*,*,#3742,.T.);
#4988=ORIENTED_EDGE('',*,*,#3740,.F.);
#4989=ORIENTED_EDGE('',*,*,#3743,.T.);
#4990=ORIENTED_EDGE('',*,*,#3674,.F.);
#4991=ORIENTED_EDGE('',*,*,#3744,.F.);
#4992=ORIENTED_EDGE('',*,*,#3613,.F.);
#4993=ORIENTED_EDGE('',*,*,#3736,.F.);
#4994=ORIENTED_EDGE('',*,*,#3743,.F.);
#4995=ORIENTED_EDGE('',*,*,#3739,.F.);
#4996=ORIENTED_EDGE('',*,*,#3745,.F.);
#4997=ORIENTED_EDGE('',*,*,#3611,.T.);
#4998=ORIENTED_EDGE('',*,*,#3746,.T.);
#4999=ORIENTED_EDGE('',*,*,#3676,.T.);
#5000=ORIENTED_EDGE('',*,*,#3741,.F.);
#5001=ORIENTED_EDGE('',*,*,#3742,.F.);
#5002=ORIENTED_EDGE('',*,*,#3737,.F.);
#5003=ORIENTED_EDGE('',*,*,#3747,.F.);
#5004=ORIENTED_EDGE('',*,*,#3574,.F.);
#5005=ORIENTED_EDGE('',*,*,#3590,.T.);
#5006=ORIENTED_EDGE('',*,*,#3644,.F.);
#5007=ORIENTED_EDGE('',*,*,#3654,.T.);
#5008=ORIENTED_EDGE('',*,*,#3748,.F.);
#5009=ORIENTED_EDGE('',*,*,#3749,.T.);
#5010=ORIENTED_EDGE('',*,*,#3750,.T.);
#5011=ORIENTED_EDGE('',*,*,#3678,.T.);
#5012=ORIENTED_EDGE('',*,*,#3751,.F.);
#5013=ORIENTED_EDGE('',*,*,#3752,.T.);
#5014=ORIENTED_EDGE('',*,*,#3753,.T.);
#5015=ORIENTED_EDGE('',*,*,#3609,.F.);
#5016=ORIENTED_EDGE('',*,*,#3752,.F.);
#5017=ORIENTED_EDGE('',*,*,#3754,.F.);
#5018=ORIENTED_EDGE('',*,*,#3755,.F.);
#5019=ORIENTED_EDGE('',*,*,#3756,.T.);
#5020=ORIENTED_EDGE('',*,*,#3757,.T.);
#5021=ORIENTED_EDGE('',*,*,#3684,.T.);
#5022=ORIENTED_EDGE('',*,*,#3758,.F.);
#5023=ORIENTED_EDGE('',*,*,#3759,.T.);
#5024=ORIENTED_EDGE('',*,*,#3760,.T.);
#5025=ORIENTED_EDGE('',*,*,#3603,.F.);
#5026=ORIENTED_EDGE('',*,*,#3759,.F.);
#5027=ORIENTED_EDGE('',*,*,#3761,.F.);
#5028=ORIENTED_EDGE('',*,*,#3762,.F.);
#5029=ORIENTED_EDGE('',*,*,#3763,.T.);
#5030=ORIENTED_EDGE('',*,*,#3764,.T.);
#5031=ORIENTED_EDGE('',*,*,#3660,.T.);
#5032=ORIENTED_EDGE('',*,*,#3765,.F.);
#5033=ORIENTED_EDGE('',*,*,#3766,.T.);
#5034=ORIENTED_EDGE('',*,*,#3767,.T.);
#5035=ORIENTED_EDGE('',*,*,#3627,.F.);
#5036=ORIENTED_EDGE('',*,*,#3766,.F.);
#5037=ORIENTED_EDGE('',*,*,#3768,.F.);
#5038=ORIENTED_EDGE('',*,*,#3769,.F.);
#5039=ORIENTED_EDGE('',*,*,#3770,.T.);
#5040=ORIENTED_EDGE('',*,*,#3771,.T.);
#5041=ORIENTED_EDGE('',*,*,#3666,.T.);
#5042=ORIENTED_EDGE('',*,*,#3772,.F.);
#5043=ORIENTED_EDGE('',*,*,#3773,.T.);
#5044=ORIENTED_EDGE('',*,*,#3774,.T.);
#5045=ORIENTED_EDGE('',*,*,#3621,.F.);
#5046=ORIENTED_EDGE('',*,*,#3773,.F.);
#5047=ORIENTED_EDGE('',*,*,#3775,.F.);
#5048=ORIENTED_EDGE('',*,*,#3776,.F.);
#5049=ORIENTED_EDGE('',*,*,#3777,.T.);
#5050=ORIENTED_EDGE('',*,*,#3778,.T.);
#5051=ORIENTED_EDGE('',*,*,#3672,.T.);
#5052=ORIENTED_EDGE('',*,*,#3779,.F.);
#5053=ORIENTED_EDGE('',*,*,#3780,.T.);
#5054=ORIENTED_EDGE('',*,*,#3781,.T.);
#5055=ORIENTED_EDGE('',*,*,#3615,.F.);
#5056=ORIENTED_EDGE('',*,*,#3780,.F.);
#5057=ORIENTED_EDGE('',*,*,#3782,.F.);
#5058=ORIENTED_EDGE('',*,*,#3608,.F.);
#5059=ORIENTED_EDGE('',*,*,#3732,.T.);
#5060=ORIENTED_EDGE('',*,*,#3679,.T.);
#5061=ORIENTED_EDGE('',*,*,#3750,.F.);
#5062=ORIENTED_EDGE('',*,*,#3783,.F.);
#5063=ORIENTED_EDGE('',*,*,#3748,.T.);
#5064=ORIENTED_EDGE('',*,*,#3749,.F.);
#5065=ORIENTED_EDGE('',*,*,#3783,.T.);
#5066=ORIENTED_EDGE('',*,*,#3761,.T.);
#5067=ORIENTED_EDGE('',*,*,#3758,.T.);
#5068=ORIENTED_EDGE('',*,*,#3683,.T.);
#5069=ORIENTED_EDGE('',*,*,#3734,.F.);
#5070=ORIENTED_EDGE('',*,*,#3604,.F.);
#5071=ORIENTED_EDGE('',*,*,#3760,.F.);
#5072=ORIENTED_EDGE('',*,*,#3735,.T.);
#5073=ORIENTED_EDGE('',*,*,#3784,.T.);
#5074=ORIENTED_EDGE('',*,*,#3733,.T.);
#5075=ORIENTED_EDGE('',*,*,#3784,.F.);
#5076=ORIENTED_EDGE('',*,*,#3602,.F.);
#5077=ORIENTED_EDGE('',*,*,#3696,.T.);
#5078=ORIENTED_EDGE('',*,*,#3685,.T.);
#5079=ORIENTED_EDGE('',*,*,#3757,.F.);
#5080=ORIENTED_EDGE('',*,*,#3785,.F.);
#5081=ORIENTED_EDGE('',*,*,#3755,.T.);
#5082=ORIENTED_EDGE('',*,*,#3756,.F.);
#5083=ORIENTED_EDGE('',*,*,#3785,.T.);
#5084=ORIENTED_EDGE('',*,*,#3768,.T.);
#5085=ORIENTED_EDGE('',*,*,#3765,.T.);
#5086=ORIENTED_EDGE('',*,*,#3659,.T.);
#5087=ORIENTED_EDGE('',*,*,#3698,.F.);
#5088=ORIENTED_EDGE('',*,*,#3628,.F.);
#5089=ORIENTED_EDGE('',*,*,#3767,.F.);
#5090=ORIENTED_EDGE('',*,*,#3699,.T.);
#5091=ORIENTED_EDGE('',*,*,#3786,.T.);
#5092=ORIENTED_EDGE('',*,*,#3697,.T.);
#5093=ORIENTED_EDGE('',*,*,#3786,.F.);
#5094=ORIENTED_EDGE('',*,*,#3626,.F.);
#5095=ORIENTED_EDGE('',*,*,#3708,.T.);
#5096=ORIENTED_EDGE('',*,*,#3661,.T.);
#5097=ORIENTED_EDGE('',*,*,#3764,.F.);
#5098=ORIENTED_EDGE('',*,*,#3787,.F.);
#5099=ORIENTED_EDGE('',*,*,#3762,.T.);
#5100=ORIENTED_EDGE('',*,*,#3763,.F.);
#5101=ORIENTED_EDGE('',*,*,#3787,.T.);
#5102=ORIENTED_EDGE('',*,*,#3775,.T.);
#5103=ORIENTED_EDGE('',*,*,#3772,.T.);
#5104=ORIENTED_EDGE('',*,*,#3665,.T.);
#5105=ORIENTED_EDGE('',*,*,#3710,.F.);
#5106=ORIENTED_EDGE('',*,*,#3622,.F.);
#5107=ORIENTED_EDGE('',*,*,#3774,.F.);
#5108=ORIENTED_EDGE('',*,*,#3711,.T.);
#5109=ORIENTED_EDGE('',*,*,#3788,.T.);
#5110=ORIENTED_EDGE('',*,*,#3709,.T.);
#5111=ORIENTED_EDGE('',*,*,#3788,.F.);
#5112=ORIENTED_EDGE('',*,*,#3620,.F.);
#5113=ORIENTED_EDGE('',*,*,#3720,.T.);
#5114=ORIENTED_EDGE('',*,*,#3667,.T.);
#5115=ORIENTED_EDGE('',*,*,#3771,.F.);
#5116=ORIENTED_EDGE('',*,*,#3789,.F.);
#5117=ORIENTED_EDGE('',*,*,#3769,.T.);
#5118=ORIENTED_EDGE('',*,*,#3770,.F.);
#5119=ORIENTED_EDGE('',*,*,#3789,.T.);
#5120=ORIENTED_EDGE('',*,*,#3782,.T.);
#5121=ORIENTED_EDGE('',*,*,#3779,.T.);
#5122=ORIENTED_EDGE('',*,*,#3671,.T.);
#5123=ORIENTED_EDGE('',*,*,#3722,.F.);
#5124=ORIENTED_EDGE('',*,*,#3616,.F.);
#5125=ORIENTED_EDGE('',*,*,#3781,.F.);
#5126=ORIENTED_EDGE('',*,*,#3723,.T.);
#5127=ORIENTED_EDGE('',*,*,#3790,.T.);
#5128=ORIENTED_EDGE('',*,*,#3721,.T.);
#5129=ORIENTED_EDGE('',*,*,#3790,.F.);
#5130=ORIENTED_EDGE('',*,*,#3614,.F.);
#5131=ORIENTED_EDGE('',*,*,#3744,.T.);
#5132=ORIENTED_EDGE('',*,*,#3673,.T.);
#5133=ORIENTED_EDGE('',*,*,#3778,.F.);
#5134=ORIENTED_EDGE('',*,*,#3791,.F.);
#5135=ORIENTED_EDGE('',*,*,#3776,.T.);
#5136=ORIENTED_EDGE('',*,*,#3777,.F.);
#5137=ORIENTED_EDGE('',*,*,#3791,.T.);
#5138=ORIENTED_EDGE('',*,*,#3754,.T.);
#5139=ORIENTED_EDGE('',*,*,#3751,.T.);
#5140=ORIENTED_EDGE('',*,*,#3677,.T.);
#5141=ORIENTED_EDGE('',*,*,#3746,.F.);
#5142=ORIENTED_EDGE('',*,*,#3610,.F.);
#5143=ORIENTED_EDGE('',*,*,#3753,.F.);
#5144=ORIENTED_EDGE('',*,*,#3747,.T.);
#5145=ORIENTED_EDGE('',*,*,#3792,.T.);
#5146=ORIENTED_EDGE('',*,*,#3745,.T.);
#5147=ORIENTED_EDGE('',*,*,#3792,.F.);
#5148=ORIENTED_EDGE('',*,*,#3793,.T.);
#5149=ORIENTED_EDGE('',*,*,#3794,.T.);
#5150=ORIENTED_EDGE('',*,*,#3795,.T.);
#5151=ORIENTED_EDGE('',*,*,#3796,.T.);
#5152=ORIENTED_EDGE('',*,*,#3797,.T.);
#5153=ORIENTED_EDGE('',*,*,#3798,.T.);
#5154=ORIENTED_EDGE('',*,*,#3799,.T.);
#5155=ORIENTED_EDGE('',*,*,#3800,.T.);
#5156=ORIENTED_EDGE('',*,*,#3797,.F.);
#5157=ORIENTED_EDGE('',*,*,#3801,.T.);
#5158=ORIENTED_EDGE('',*,*,#3795,.F.);
#5159=ORIENTED_EDGE('',*,*,#3802,.T.);
#5160=ORIENTED_EDGE('',*,*,#3803,.F.);
#5161=ORIENTED_EDGE('',*,*,#3804,.T.);
#5162=ORIENTED_EDGE('',*,*,#3805,.T.);
#5163=ORIENTED_EDGE('',*,*,#3806,.T.);
#5164=ORIENTED_EDGE('',*,*,#3805,.F.);
#5165=ORIENTED_EDGE('',*,*,#3807,.T.);
#5166=ORIENTED_EDGE('',*,*,#3799,.F.);
#5167=ORIENTED_EDGE('',*,*,#3808,.T.);
#5168=ORIENTED_EDGE('',*,*,#3796,.F.);
#5169=ORIENTED_EDGE('',*,*,#3801,.F.);
#5170=ORIENTED_EDGE('',*,*,#3809,.T.);
#5171=ORIENTED_EDGE('',*,*,#3810,.F.);
#5172=ORIENTED_EDGE('',*,*,#3811,.T.);
#5173=ORIENTED_EDGE('',*,*,#3800,.F.);
#5174=ORIENTED_EDGE('',*,*,#3812,.F.);
#5175=ORIENTED_EDGE('',*,*,#3813,.F.);
#5176=ORIENTED_EDGE('',*,*,#3809,.F.);
#5177=ORIENTED_EDGE('',*,*,#3807,.F.);
#5178=ORIENTED_EDGE('',*,*,#3804,.F.);
#5179=ORIENTED_EDGE('',*,*,#3814,.T.);
#5180=ORIENTED_EDGE('',*,*,#3815,.F.);
#5181=ORIENTED_EDGE('',*,*,#3812,.T.);
#5182=ORIENTED_EDGE('',*,*,#3794,.F.);
#5183=ORIENTED_EDGE('',*,*,#3816,.T.);
#5184=ORIENTED_EDGE('',*,*,#3817,.F.);
#5185=ORIENTED_EDGE('',*,*,#3818,.T.);
#5186=ORIENTED_EDGE('',*,*,#3819,.F.);
#5187=ORIENTED_EDGE('',*,*,#3820,.T.);
#5188=ORIENTED_EDGE('',*,*,#3821,.F.);
#5189=ORIENTED_EDGE('',*,*,#3822,.T.);
#5190=ORIENTED_EDGE('',*,*,#3823,.F.);
#5191=ORIENTED_EDGE('',*,*,#3824,.T.);
#5192=ORIENTED_EDGE('',*,*,#3825,.F.);
#5193=ORIENTED_EDGE('',*,*,#3826,.T.);
#5194=ORIENTED_EDGE('',*,*,#3827,.F.);
#5195=ORIENTED_EDGE('',*,*,#3828,.F.);
#5196=ORIENTED_EDGE('',*,*,#3829,.T.);
#5197=ORIENTED_EDGE('',*,*,#3830,.F.);
#5198=ORIENTED_EDGE('',*,*,#3831,.T.);
#5199=ORIENTED_EDGE('',*,*,#3806,.F.);
#5200=ORIENTED_EDGE('',*,*,#3832,.F.);
#5201=ORIENTED_EDGE('',*,*,#3833,.F.);
#5202=ORIENTED_EDGE('',*,*,#3834,.F.);
#5203=ORIENTED_EDGE('',*,*,#3835,.T.);
#5204=ORIENTED_EDGE('',*,*,#3836,.F.);
#5205=ORIENTED_EDGE('',*,*,#3837,.F.);
#5206=ORIENTED_EDGE('',*,*,#3838,.F.);
#5207=ORIENTED_EDGE('',*,*,#3839,.T.);
#5208=ORIENTED_EDGE('',*,*,#3840,.F.);
#5209=ORIENTED_EDGE('',*,*,#3841,.F.);
#5210=ORIENTED_EDGE('',*,*,#3842,.F.);
#5211=ORIENTED_EDGE('',*,*,#3843,.T.);
#5212=ORIENTED_EDGE('',*,*,#3844,.T.);
#5213=ORIENTED_EDGE('',*,*,#3825,.T.);
#5214=ORIENTED_EDGE('',*,*,#3845,.T.);
#5215=ORIENTED_EDGE('',*,*,#3844,.F.);
#5216=ORIENTED_EDGE('',*,*,#3846,.F.);
#5217=ORIENTED_EDGE('',*,*,#3847,.F.);
#5218=ORIENTED_EDGE('',*,*,#3826,.F.);
#5219=ORIENTED_EDGE('',*,*,#3848,.T.);
#5220=ORIENTED_EDGE('',*,*,#3849,.T.);
#5221=ORIENTED_EDGE('',*,*,#3823,.T.);
#5222=ORIENTED_EDGE('',*,*,#3850,.T.);
#5223=ORIENTED_EDGE('',*,*,#3845,.F.);
#5224=ORIENTED_EDGE('',*,*,#3824,.F.);
#5225=ORIENTED_EDGE('',*,*,#3849,.F.);
#5226=ORIENTED_EDGE('',*,*,#3851,.F.);
#5227=ORIENTED_EDGE('',*,*,#3852,.T.);
#5228=ORIENTED_EDGE('',*,*,#3853,.T.);
#5229=ORIENTED_EDGE('',*,*,#3827,.T.);
#5230=ORIENTED_EDGE('',*,*,#3847,.T.);
#5231=ORIENTED_EDGE('',*,*,#3853,.F.);
#5232=ORIENTED_EDGE('',*,*,#3854,.T.);
#5233=ORIENTED_EDGE('',*,*,#3855,.T.);
#5234=ORIENTED_EDGE('',*,*,#3828,.T.);
#5235=ORIENTED_EDGE('',*,*,#3855,.F.);
#5236=ORIENTED_EDGE('',*,*,#3856,.F.);
#5237=ORIENTED_EDGE('',*,*,#3857,.F.);
#5238=ORIENTED_EDGE('',*,*,#3858,.F.);
#5239=ORIENTED_EDGE('',*,*,#3859,.F.);
#5240=ORIENTED_EDGE('',*,*,#3860,.F.);
#5241=ORIENTED_EDGE('',*,*,#3861,.F.);
#5242=ORIENTED_EDGE('',*,*,#3829,.F.);
#5243=ORIENTED_EDGE('',*,*,#3821,.T.);
#5244=ORIENTED_EDGE('',*,*,#3862,.T.);
#5245=ORIENTED_EDGE('',*,*,#3863,.T.);
#5246=ORIENTED_EDGE('',*,*,#3864,.T.);
#5247=ORIENTED_EDGE('',*,*,#3850,.F.);
#5248=ORIENTED_EDGE('',*,*,#3822,.F.);
#5249=ORIENTED_EDGE('',*,*,#3864,.F.);
#5250=ORIENTED_EDGE('',*,*,#3865,.F.);
#5251=ORIENTED_EDGE('',*,*,#3866,.T.);
#5252=ORIENTED_EDGE('',*,*,#3867,.T.);
#5253=ORIENTED_EDGE('',*,*,#3819,.T.);
#5254=ORIENTED_EDGE('',*,*,#3868,.T.);
#5255=ORIENTED_EDGE('',*,*,#3862,.F.);
#5256=ORIENTED_EDGE('',*,*,#3820,.F.);
#5257=ORIENTED_EDGE('',*,*,#3867,.F.);
#5258=ORIENTED_EDGE('',*,*,#3869,.F.);
#5259=ORIENTED_EDGE('',*,*,#3870,.T.);
#5260=ORIENTED_EDGE('',*,*,#3871,.T.);
#5261=ORIENTED_EDGE('',*,*,#3817,.T.);
#5262=ORIENTED_EDGE('',*,*,#3872,.T.);
#5263=ORIENTED_EDGE('',*,*,#3868,.F.);
#5264=ORIENTED_EDGE('',*,*,#3818,.F.);
#5265=ORIENTED_EDGE('',*,*,#3871,.F.);
#5266=ORIENTED_EDGE('',*,*,#3873,.F.);
#5267=ORIENTED_EDGE('',*,*,#3874,.F.);
#5268=ORIENTED_EDGE('',*,*,#3875,.F.);
#5269=ORIENTED_EDGE('',*,*,#3876,.F.);
#5270=ORIENTED_EDGE('',*,*,#3877,.F.);
#5271=ORIENTED_EDGE('',*,*,#3878,.T.);
#5272=ORIENTED_EDGE('',*,*,#3879,.T.);
#5273=ORIENTED_EDGE('',*,*,#3880,.T.);
#5274=ORIENTED_EDGE('',*,*,#3876,.T.);
#5275=ORIENTED_EDGE('',*,*,#3879,.F.);
#5276=ORIENTED_EDGE('',*,*,#3881,.F.);
#5277=ORIENTED_EDGE('',*,*,#3882,.F.);
#5278=ORIENTED_EDGE('',*,*,#3883,.F.);
#5279=ORIENTED_EDGE('',*,*,#3884,.T.);
#5280=ORIENTED_EDGE('',*,*,#3885,.T.);
#5281=ORIENTED_EDGE('',*,*,#3830,.T.);
#5282=ORIENTED_EDGE('',*,*,#3861,.T.);
#5283=ORIENTED_EDGE('',*,*,#3886,.T.);
#5284=ORIENTED_EDGE('',*,*,#3857,.T.);
#5285=ORIENTED_EDGE('',*,*,#3887,.T.);
#5286=ORIENTED_EDGE('',*,*,#3882,.T.);
#5287=ORIENTED_EDGE('',*,*,#3858,.T.);
#5288=ORIENTED_EDGE('',*,*,#3886,.F.);
#5289=ORIENTED_EDGE('',*,*,#3881,.T.);
#5290=ORIENTED_EDGE('',*,*,#3878,.F.);
#5291=ORIENTED_EDGE('',*,*,#3875,.T.);
#5292=ORIENTED_EDGE('',*,*,#3888,.T.);
#5293=ORIENTED_EDGE('',*,*,#3889,.F.);
#5294=ORIENTED_EDGE('',*,*,#3890,.F.);
#5295=ORIENTED_EDGE('',*,*,#3891,.T.);
#5296=ORIENTED_EDGE('',*,*,#3892,.F.);
#5297=ORIENTED_EDGE('',*,*,#3893,.F.);
#5298=ORIENTED_EDGE('',*,*,#3894,.T.);
#5299=ORIENTED_EDGE('',*,*,#3874,.T.);
#5300=ORIENTED_EDGE('',*,*,#3895,.T.);
#5301=ORIENTED_EDGE('',*,*,#3896,.F.);
#5302=ORIENTED_EDGE('',*,*,#3897,.F.);
#5303=ORIENTED_EDGE('',*,*,#3898,.F.);
#5304=ORIENTED_EDGE('',*,*,#3888,.F.);
#5305=ORIENTED_EDGE('',*,*,#3859,.T.);
#5306=ORIENTED_EDGE('',*,*,#3894,.F.);
#5307=ORIENTED_EDGE('',*,*,#3899,.F.);
#5308=ORIENTED_EDGE('',*,*,#3900,.F.);
#5309=ORIENTED_EDGE('',*,*,#3901,.F.);
#5310=ORIENTED_EDGE('',*,*,#3902,.T.);
#5311=ORIENTED_EDGE('',*,*,#3860,.T.);
#5312=ORIENTED_EDGE('',*,*,#3902,.F.);
#5313=ORIENTED_EDGE('',*,*,#3903,.F.);
#5314=ORIENTED_EDGE('',*,*,#3904,.F.);
#5315=ORIENTED_EDGE('',*,*,#3905,.F.);
#5316=ORIENTED_EDGE('',*,*,#3906,.F.);
#5317=ORIENTED_EDGE('',*,*,#3907,.F.);
#5318=ORIENTED_EDGE('',*,*,#3895,.F.);
#5319=ORIENTED_EDGE('',*,*,#3873,.T.);
#5320=ORIENTED_EDGE('',*,*,#3870,.F.);
#5321=ORIENTED_EDGE('',*,*,#3908,.T.);
#5322=ORIENTED_EDGE('',*,*,#3884,.F.);
#5323=ORIENTED_EDGE('',*,*,#3909,.F.);
#5324=ORIENTED_EDGE('',*,*,#3910,.F.);
#5325=ORIENTED_EDGE('',*,*,#3911,.F.);
#5326=ORIENTED_EDGE('',*,*,#3905,.T.);
#5327=ORIENTED_EDGE('',*,*,#3912,.F.);
#5328=ORIENTED_EDGE('',*,*,#3913,.F.);
#5329=ORIENTED_EDGE('',*,*,#3914,.F.);
#5330=ORIENTED_EDGE('',*,*,#3891,.F.);
#5331=ORIENTED_EDGE('',*,*,#3897,.T.);
#5332=ORIENTED_EDGE('',*,*,#3915,.F.);
#5333=ORIENTED_EDGE('',*,*,#3916,.F.);
#5334=ORIENTED_EDGE('',*,*,#3917,.F.);
#5335=ORIENTED_EDGE('',*,*,#3896,.T.);
#5336=ORIENTED_EDGE('',*,*,#3907,.T.);
#5337=ORIENTED_EDGE('',*,*,#3918,.T.);
#5338=ORIENTED_EDGE('',*,*,#3840,.T.);
#5339=ORIENTED_EDGE('',*,*,#3919,.T.);
#5340=ORIENTED_EDGE('',*,*,#3915,.T.);
#5341=ORIENTED_EDGE('',*,*,#3906,.T.);
#5342=ORIENTED_EDGE('',*,*,#3911,.T.);
#5343=ORIENTED_EDGE('',*,*,#3920,.T.);
#5344=ORIENTED_EDGE('',*,*,#3921,.T.);
#5345=ORIENTED_EDGE('',*,*,#3841,.T.);
#5346=ORIENTED_EDGE('',*,*,#3918,.F.);
#5347=ORIENTED_EDGE('',*,*,#3899,.T.);
#5348=ORIENTED_EDGE('',*,*,#3893,.T.);
#5349=ORIENTED_EDGE('',*,*,#3922,.F.);
#5350=ORIENTED_EDGE('',*,*,#3923,.T.);
#5351=ORIENTED_EDGE('',*,*,#3924,.T.);
#5352=ORIENTED_EDGE('',*,*,#3925,.T.);
#5353=ORIENTED_EDGE('',*,*,#3892,.T.);
#5354=ORIENTED_EDGE('',*,*,#3914,.T.);
#5355=ORIENTED_EDGE('',*,*,#3926,.T.);
#5356=ORIENTED_EDGE('',*,*,#3927,.F.);
#5357=ORIENTED_EDGE('',*,*,#3928,.T.);
#5358=ORIENTED_EDGE('',*,*,#3922,.T.);
#5359=ORIENTED_EDGE('',*,*,#3913,.T.);
#5360=ORIENTED_EDGE('',*,*,#3929,.F.);
#5361=ORIENTED_EDGE('',*,*,#3930,.T.);
#5362=ORIENTED_EDGE('',*,*,#3926,.F.);
#5363=ORIENTED_EDGE('',*,*,#3802,.F.);
#5364=ORIENTED_EDGE('',*,*,#3842,.T.);
#5365=ORIENTED_EDGE('',*,*,#3921,.F.);
#5366=ORIENTED_EDGE('',*,*,#3931,.T.);
#5367=ORIENTED_EDGE('',*,*,#3932,.T.);
#5368=ORIENTED_EDGE('',*,*,#3832,.T.);
#5369=ORIENTED_EDGE('',*,*,#3808,.F.);
#5370=ORIENTED_EDGE('',*,*,#3798,.F.);
#5371=ORIENTED_EDGE('',*,*,#3904,.T.);
#5372=ORIENTED_EDGE('',*,*,#3933,.T.);
#5373=ORIENTED_EDGE('',*,*,#3833,.T.);
#5374=ORIENTED_EDGE('',*,*,#3932,.F.);
#5375=ORIENTED_EDGE('',*,*,#3929,.T.);
#5376=ORIENTED_EDGE('',*,*,#3912,.T.);
#5377=ORIENTED_EDGE('',*,*,#3901,.T.);
#5378=ORIENTED_EDGE('',*,*,#3934,.T.);
#5379=ORIENTED_EDGE('',*,*,#3935,.T.);
#5380=ORIENTED_EDGE('',*,*,#3834,.T.);
#5381=ORIENTED_EDGE('',*,*,#3933,.F.);
#5382=ORIENTED_EDGE('',*,*,#3903,.T.);
#5383=ORIENTED_EDGE('',*,*,#3931,.F.);
#5384=ORIENTED_EDGE('',*,*,#3936,.F.);
#5385=ORIENTED_EDGE('',*,*,#3937,.F.);
#5386=ORIENTED_EDGE('',*,*,#3930,.F.);
#5387=ORIENTED_EDGE('',*,*,#3910,.T.);
#5388=ORIENTED_EDGE('',*,*,#3938,.F.);
#5389=ORIENTED_EDGE('',*,*,#3936,.T.);
#5390=ORIENTED_EDGE('',*,*,#3920,.F.);
#5391=ORIENTED_EDGE('',*,*,#3919,.F.);
#5392=ORIENTED_EDGE('',*,*,#3839,.F.);
#5393=ORIENTED_EDGE('',*,*,#3939,.F.);
#5394=ORIENTED_EDGE('',*,*,#3940,.T.);
#5395=ORIENTED_EDGE('',*,*,#3941,.F.);
#5396=ORIENTED_EDGE('',*,*,#3916,.T.);
#5397=ORIENTED_EDGE('',*,*,#3898,.T.);
#5398=ORIENTED_EDGE('',*,*,#3917,.T.);
#5399=ORIENTED_EDGE('',*,*,#3941,.T.);
#5400=ORIENTED_EDGE('',*,*,#3942,.T.);
#5401=ORIENTED_EDGE('',*,*,#3943,.T.);
#5402=ORIENTED_EDGE('',*,*,#3889,.T.);
#5403=ORIENTED_EDGE('',*,*,#3890,.T.);
#5404=ORIENTED_EDGE('',*,*,#3943,.F.);
#5405=ORIENTED_EDGE('',*,*,#3944,.T.);
#5406=ORIENTED_EDGE('',*,*,#3945,.T.);
#5407=ORIENTED_EDGE('',*,*,#3938,.T.);
#5408=ORIENTED_EDGE('',*,*,#3909,.T.);
#5409=ORIENTED_EDGE('',*,*,#3927,.T.);
#5410=ORIENTED_EDGE('',*,*,#3937,.T.);
#5411=ORIENTED_EDGE('',*,*,#3945,.F.);
#5412=ORIENTED_EDGE('',*,*,#3946,.T.);
#5413=ORIENTED_EDGE('',*,*,#3900,.T.);
#5414=ORIENTED_EDGE('',*,*,#3925,.F.);
#5415=ORIENTED_EDGE('',*,*,#3947,.T.);
#5416=ORIENTED_EDGE('',*,*,#3934,.F.);
#5417=ORIENTED_EDGE('',*,*,#3935,.F.);
#5418=ORIENTED_EDGE('',*,*,#3947,.F.);
#5419=ORIENTED_EDGE('',*,*,#3924,.F.);
#5420=ORIENTED_EDGE('',*,*,#3948,.T.);
#5421=ORIENTED_EDGE('',*,*,#3949,.F.);
#5422=ORIENTED_EDGE('',*,*,#3835,.F.);
#5423=ORIENTED_EDGE('',*,*,#3939,.T.);
#5424=ORIENTED_EDGE('',*,*,#3838,.T.);
#5425=ORIENTED_EDGE('',*,*,#3950,.F.);
#5426=ORIENTED_EDGE('',*,*,#3951,.T.);
#5427=ORIENTED_EDGE('',*,*,#3942,.F.);
#5428=ORIENTED_EDGE('',*,*,#3940,.F.);
#5429=ORIENTED_EDGE('',*,*,#3951,.F.);
#5430=ORIENTED_EDGE('',*,*,#3952,.T.);
#5431=ORIENTED_EDGE('',*,*,#3953,.T.);
#5432=ORIENTED_EDGE('',*,*,#3948,.F.);
#5433=ORIENTED_EDGE('',*,*,#3923,.F.);
#5434=ORIENTED_EDGE('',*,*,#3928,.F.);
#5435=ORIENTED_EDGE('',*,*,#3946,.F.);
#5436=ORIENTED_EDGE('',*,*,#3944,.F.);
#5437=ORIENTED_EDGE('',*,*,#3852,.F.);
#5438=ORIENTED_EDGE('',*,*,#3846,.T.);
#5439=ORIENTED_EDGE('',*,*,#3843,.F.);
#5440=ORIENTED_EDGE('',*,*,#3851,.T.);
#5441=ORIENTED_EDGE('',*,*,#3848,.F.);
#5442=ORIENTED_EDGE('',*,*,#3865,.T.);
#5443=ORIENTED_EDGE('',*,*,#3863,.F.);
#5444=ORIENTED_EDGE('',*,*,#3869,.T.);
#5445=ORIENTED_EDGE('',*,*,#3866,.F.);
#5446=ORIENTED_EDGE('',*,*,#3877,.T.);
#5447=ORIENTED_EDGE('',*,*,#3880,.F.);
#5448=ORIENTED_EDGE('',*,*,#3883,.T.);
#5449=ORIENTED_EDGE('',*,*,#3887,.F.);
#5450=ORIENTED_EDGE('',*,*,#3856,.T.);
#5451=ORIENTED_EDGE('',*,*,#3854,.F.);
#5452=ORIENTED_EDGE('',*,*,#3954,.F.);
#5453=ORIENTED_EDGE('',*,*,#3955,.T.);
#5454=ORIENTED_EDGE('',*,*,#3956,.T.);
#5455=ORIENTED_EDGE('',*,*,#3955,.F.);
#5456=ORIENTED_EDGE('',*,*,#3837,.T.);
#5457=ORIENTED_EDGE('',*,*,#3957,.F.);
#5458=ORIENTED_EDGE('',*,*,#3958,.T.);
#5459=ORIENTED_EDGE('',*,*,#3959,.T.);
#5460=ORIENTED_EDGE('',*,*,#3958,.F.);
#5461=ORIENTED_EDGE('',*,*,#3960,.F.);
#5462=ORIENTED_EDGE('',*,*,#3952,.F.);
#5463=ORIENTED_EDGE('',*,*,#3950,.T.);
#5464=ORIENTED_EDGE('',*,*,#3949,.T.);
#5465=ORIENTED_EDGE('',*,*,#3953,.F.);
#5466=ORIENTED_EDGE('',*,*,#3960,.T.);
#5467=ORIENTED_EDGE('',*,*,#3957,.T.);
#5468=ORIENTED_EDGE('',*,*,#3836,.T.);
#5469=ORIENTED_EDGE('',*,*,#3954,.T.);
#5470=ORIENTED_EDGE('',*,*,#3959,.F.);
#5471=ORIENTED_EDGE('',*,*,#3956,.F.);
#5472=ORIENTED_EDGE('',*,*,#3961,.T.);
#5473=ORIENTED_EDGE('',*,*,#3962,.T.);
#5474=ORIENTED_EDGE('',*,*,#3963,.T.);
#5475=ORIENTED_EDGE('',*,*,#3813,.T.);
#5476=ORIENTED_EDGE('',*,*,#3961,.F.);
#5477=ORIENTED_EDGE('',*,*,#3815,.T.);
#5478=ORIENTED_EDGE('',*,*,#3964,.T.);
#5479=ORIENTED_EDGE('',*,*,#3965,.T.);
#5480=ORIENTED_EDGE('',*,*,#3966,.T.);
#5481=ORIENTED_EDGE('',*,*,#3967,.T.);
#5482=ORIENTED_EDGE('',*,*,#3964,.F.);
#5483=ORIENTED_EDGE('',*,*,#3968,.T.);
#5484=ORIENTED_EDGE('',*,*,#3966,.F.);
#5485=ORIENTED_EDGE('',*,*,#3810,.T.);
#5486=ORIENTED_EDGE('',*,*,#3963,.F.);
#5487=ORIENTED_EDGE('',*,*,#3969,.T.);
#5488=ORIENTED_EDGE('',*,*,#3962,.F.);
#5489=ORIENTED_EDGE('',*,*,#3965,.F.);
#5490=ORIENTED_EDGE('',*,*,#3967,.F.);
#5491=ORIENTED_EDGE('',*,*,#3969,.F.);
#5492=ORIENTED_EDGE('',*,*,#3968,.F.);
#5493=ORIENTED_EDGE('',*,*,#3814,.F.);
#5494=ORIENTED_EDGE('',*,*,#3803,.T.);
#5495=ORIENTED_EDGE('',*,*,#3831,.F.);
#5496=ORIENTED_EDGE('',*,*,#3885,.F.);
#5497=ORIENTED_EDGE('',*,*,#3908,.F.);
#5498=ORIENTED_EDGE('',*,*,#3872,.F.);
#5499=ORIENTED_EDGE('',*,*,#3816,.F.);
#5500=ORIENTED_EDGE('',*,*,#3793,.F.);
#5501=ORIENTED_EDGE('',*,*,#3811,.F.);
#5502=ORIENTED_EDGE('',*,*,#3970,.T.);
#5503=ORIENTED_EDGE('',*,*,#3971,.T.);
#5504=ORIENTED_EDGE('',*,*,#3972,.T.);
#5505=ORIENTED_EDGE('',*,*,#3973,.T.);
#5506=ORIENTED_EDGE('',*,*,#3974,.T.);
#5507=ORIENTED_EDGE('',*,*,#3975,.T.);
#5508=ORIENTED_EDGE('',*,*,#3976,.T.);
#5509=ORIENTED_EDGE('',*,*,#3977,.T.);
#5510=ORIENTED_EDGE('',*,*,#3974,.F.);
#5511=ORIENTED_EDGE('',*,*,#3978,.T.);
#5512=ORIENTED_EDGE('',*,*,#3972,.F.);
#5513=ORIENTED_EDGE('',*,*,#3979,.T.);
#5514=ORIENTED_EDGE('',*,*,#3980,.F.);
#5515=ORIENTED_EDGE('',*,*,#3981,.T.);
#5516=ORIENTED_EDGE('',*,*,#3982,.T.);
#5517=ORIENTED_EDGE('',*,*,#3983,.T.);
#5518=ORIENTED_EDGE('',*,*,#3982,.F.);
#5519=ORIENTED_EDGE('',*,*,#3984,.T.);
#5520=ORIENTED_EDGE('',*,*,#3976,.F.);
#5521=ORIENTED_EDGE('',*,*,#3985,.T.);
#5522=ORIENTED_EDGE('',*,*,#3973,.F.);
#5523=ORIENTED_EDGE('',*,*,#3978,.F.);
#5524=ORIENTED_EDGE('',*,*,#3986,.T.);
#5525=ORIENTED_EDGE('',*,*,#3987,.F.);
#5526=ORIENTED_EDGE('',*,*,#3988,.T.);
#5527=ORIENTED_EDGE('',*,*,#3977,.F.);
#5528=ORIENTED_EDGE('',*,*,#3989,.F.);
#5529=ORIENTED_EDGE('',*,*,#3990,.F.);
#5530=ORIENTED_EDGE('',*,*,#3986,.F.);
#5531=ORIENTED_EDGE('',*,*,#3984,.F.);
#5532=ORIENTED_EDGE('',*,*,#3981,.F.);
#5533=ORIENTED_EDGE('',*,*,#3991,.T.);
#5534=ORIENTED_EDGE('',*,*,#3992,.F.);
#5535=ORIENTED_EDGE('',*,*,#3989,.T.);
#5536=ORIENTED_EDGE('',*,*,#3971,.F.);
#5537=ORIENTED_EDGE('',*,*,#3993,.T.);
#5538=ORIENTED_EDGE('',*,*,#3994,.F.);
#5539=ORIENTED_EDGE('',*,*,#3995,.T.);
#5540=ORIENTED_EDGE('',*,*,#3996,.F.);
#5541=ORIENTED_EDGE('',*,*,#3997,.T.);
#5542=ORIENTED_EDGE('',*,*,#3998,.F.);
#5543=ORIENTED_EDGE('',*,*,#3999,.T.);
#5544=ORIENTED_EDGE('',*,*,#4000,.F.);
#5545=ORIENTED_EDGE('',*,*,#4001,.T.);
#5546=ORIENTED_EDGE('',*,*,#4002,.F.);
#5547=ORIENTED_EDGE('',*,*,#4003,.T.);
#5548=ORIENTED_EDGE('',*,*,#4004,.F.);
#5549=ORIENTED_EDGE('',*,*,#4005,.F.);
#5550=ORIENTED_EDGE('',*,*,#4006,.T.);
#5551=ORIENTED_EDGE('',*,*,#4007,.F.);
#5552=ORIENTED_EDGE('',*,*,#4008,.T.);
#5553=ORIENTED_EDGE('',*,*,#3983,.F.);
#5554=ORIENTED_EDGE('',*,*,#4009,.F.);
#5555=ORIENTED_EDGE('',*,*,#4010,.F.);
#5556=ORIENTED_EDGE('',*,*,#4011,.F.);
#5557=ORIENTED_EDGE('',*,*,#4012,.T.);
#5558=ORIENTED_EDGE('',*,*,#4013,.F.);
#5559=ORIENTED_EDGE('',*,*,#4014,.F.);
#5560=ORIENTED_EDGE('',*,*,#4015,.F.);
#5561=ORIENTED_EDGE('',*,*,#4016,.T.);
#5562=ORIENTED_EDGE('',*,*,#4017,.F.);
#5563=ORIENTED_EDGE('',*,*,#4018,.F.);
#5564=ORIENTED_EDGE('',*,*,#4019,.F.);
#5565=ORIENTED_EDGE('',*,*,#4005,.T.);
#5566=ORIENTED_EDGE('',*,*,#4020,.T.);
#5567=ORIENTED_EDGE('',*,*,#4021,.F.);
#5568=ORIENTED_EDGE('',*,*,#4022,.T.);
#5569=ORIENTED_EDGE('',*,*,#4022,.F.);
#5570=ORIENTED_EDGE('',*,*,#4023,.F.);
#5571=ORIENTED_EDGE('',*,*,#4024,.F.);
#5572=ORIENTED_EDGE('',*,*,#4025,.F.);
#5573=ORIENTED_EDGE('',*,*,#4026,.F.);
#5574=ORIENTED_EDGE('',*,*,#4027,.F.);
#5575=ORIENTED_EDGE('',*,*,#4028,.F.);
#5576=ORIENTED_EDGE('',*,*,#4006,.F.);
#5577=ORIENTED_EDGE('',*,*,#4020,.F.);
#5578=ORIENTED_EDGE('',*,*,#4004,.T.);
#5579=ORIENTED_EDGE('',*,*,#4029,.T.);
#5580=ORIENTED_EDGE('',*,*,#4030,.T.);
#5581=ORIENTED_EDGE('',*,*,#4029,.F.);
#5582=ORIENTED_EDGE('',*,*,#4003,.F.);
#5583=ORIENTED_EDGE('',*,*,#4031,.F.);
#5584=ORIENTED_EDGE('',*,*,#4032,.F.);
#5585=ORIENTED_EDGE('',*,*,#4033,.T.);
#5586=ORIENTED_EDGE('',*,*,#4034,.T.);
#5587=ORIENTED_EDGE('',*,*,#3996,.T.);
#5588=ORIENTED_EDGE('',*,*,#4035,.T.);
#5589=ORIENTED_EDGE('',*,*,#4034,.F.);
#5590=ORIENTED_EDGE('',*,*,#4036,.F.);
#5591=ORIENTED_EDGE('',*,*,#4037,.F.);
#5592=ORIENTED_EDGE('',*,*,#3997,.F.);
#5593=ORIENTED_EDGE('',*,*,#3998,.T.);
#5594=ORIENTED_EDGE('',*,*,#4037,.T.);
#5595=ORIENTED_EDGE('',*,*,#4038,.T.);
#5596=ORIENTED_EDGE('',*,*,#4039,.T.);
#5597=ORIENTED_EDGE('',*,*,#4039,.F.);
#5598=ORIENTED_EDGE('',*,*,#4040,.F.);
#5599=ORIENTED_EDGE('',*,*,#4041,.F.);
#5600=ORIENTED_EDGE('',*,*,#3999,.F.);
#5601=ORIENTED_EDGE('',*,*,#4042,.T.);
#5602=ORIENTED_EDGE('',*,*,#4043,.T.);
#5603=ORIENTED_EDGE('',*,*,#4000,.T.);
#5604=ORIENTED_EDGE('',*,*,#4041,.T.);
#5605=ORIENTED_EDGE('',*,*,#4043,.F.);
#5606=ORIENTED_EDGE('',*,*,#4044,.F.);
#5607=ORIENTED_EDGE('',*,*,#4045,.F.);
#5608=ORIENTED_EDGE('',*,*,#4001,.F.);
#5609=ORIENTED_EDGE('',*,*,#4046,.T.);
#5610=ORIENTED_EDGE('',*,*,#4031,.T.);
#5611=ORIENTED_EDGE('',*,*,#4002,.T.);
#5612=ORIENTED_EDGE('',*,*,#4045,.T.);
#5613=ORIENTED_EDGE('',*,*,#4047,.T.);
#5614=ORIENTED_EDGE('',*,*,#4048,.T.);
#5615=ORIENTED_EDGE('',*,*,#4049,.T.);
#5616=ORIENTED_EDGE('',*,*,#4050,.T.);
#5617=ORIENTED_EDGE('',*,*,#4048,.F.);
#5618=ORIENTED_EDGE('',*,*,#4051,.F.);
#5619=ORIENTED_EDGE('',*,*,#4052,.F.);
#5620=ORIENTED_EDGE('',*,*,#4053,.F.);
#5621=ORIENTED_EDGE('',*,*,#4054,.T.);
#5622=ORIENTED_EDGE('',*,*,#4055,.T.);
#5623=ORIENTED_EDGE('',*,*,#4007,.T.);
#5624=ORIENTED_EDGE('',*,*,#4028,.T.);
#5625=ORIENTED_EDGE('',*,*,#4056,.T.);
#5626=ORIENTED_EDGE('',*,*,#4024,.T.);
#5627=ORIENTED_EDGE('',*,*,#4057,.T.);
#5628=ORIENTED_EDGE('',*,*,#4052,.T.);
#5629=ORIENTED_EDGE('',*,*,#4058,.T.);
#5630=ORIENTED_EDGE('',*,*,#4059,.T.);
#5631=ORIENTED_EDGE('',*,*,#3994,.T.);
#5632=ORIENTED_EDGE('',*,*,#4060,.T.);
#5633=ORIENTED_EDGE('',*,*,#4035,.F.);
#5634=ORIENTED_EDGE('',*,*,#3995,.F.);
#5635=ORIENTED_EDGE('',*,*,#4059,.F.);
#5636=ORIENTED_EDGE('',*,*,#4061,.F.);
#5637=ORIENTED_EDGE('',*,*,#4062,.F.);
#5638=ORIENTED_EDGE('',*,*,#4063,.F.);
#5639=ORIENTED_EDGE('',*,*,#4050,.F.);
#5640=ORIENTED_EDGE('',*,*,#4064,.F.);
#5641=ORIENTED_EDGE('',*,*,#4061,.T.);
#5642=ORIENTED_EDGE('',*,*,#4058,.F.);
#5643=ORIENTED_EDGE('',*,*,#4065,.T.);
#5644=ORIENTED_EDGE('',*,*,#4054,.F.);
#5645=ORIENTED_EDGE('',*,*,#4027,.T.);
#5646=ORIENTED_EDGE('',*,*,#4066,.F.);
#5647=ORIENTED_EDGE('',*,*,#4067,.F.);
#5648=ORIENTED_EDGE('',*,*,#4068,.F.);
#5649=ORIENTED_EDGE('',*,*,#4069,.F.);
#5650=ORIENTED_EDGE('',*,*,#4070,.F.);
#5651=ORIENTED_EDGE('',*,*,#4071,.F.);
#5652=ORIENTED_EDGE('',*,*,#4072,.F.);
#5653=ORIENTED_EDGE('',*,*,#4026,.T.);
#5654=ORIENTED_EDGE('',*,*,#4073,.F.);
#5655=ORIENTED_EDGE('',*,*,#4074,.F.);
#5656=ORIENTED_EDGE('',*,*,#4075,.F.);
#5657=ORIENTED_EDGE('',*,*,#4076,.F.);
#5658=ORIENTED_EDGE('',*,*,#4066,.T.);
#5659=ORIENTED_EDGE('',*,*,#4062,.T.);
#5660=ORIENTED_EDGE('',*,*,#4072,.T.);
#5661=ORIENTED_EDGE('',*,*,#4077,.F.);
#5662=ORIENTED_EDGE('',*,*,#4078,.F.);
#5663=ORIENTED_EDGE('',*,*,#4079,.F.);
#5664=ORIENTED_EDGE('',*,*,#4080,.F.);
#5665=ORIENTED_EDGE('',*,*,#4081,.F.);
#5666=ORIENTED_EDGE('',*,*,#4069,.T.);
#5667=ORIENTED_EDGE('',*,*,#4082,.F.);
#5668=ORIENTED_EDGE('',*,*,#4083,.F.);
#5669=ORIENTED_EDGE('',*,*,#4084,.F.);
#5670=ORIENTED_EDGE('',*,*,#4085,.F.);
#5671=ORIENTED_EDGE('',*,*,#4086,.F.);
#5672=ORIENTED_EDGE('',*,*,#4087,.F.);
#5673=ORIENTED_EDGE('',*,*,#4063,.T.);
#5674=ORIENTED_EDGE('',*,*,#4080,.T.);
#5675=ORIENTED_EDGE('',*,*,#4088,.F.);
#5676=ORIENTED_EDGE('',*,*,#4089,.F.);
#5677=ORIENTED_EDGE('',*,*,#4085,.T.);
#5678=ORIENTED_EDGE('',*,*,#4090,.F.);
#5679=ORIENTED_EDGE('',*,*,#4091,.F.);
#5680=ORIENTED_EDGE('',*,*,#4073,.T.);
#5681=ORIENTED_EDGE('',*,*,#4025,.T.);
#5682=ORIENTED_EDGE('',*,*,#4056,.F.);
#5683=ORIENTED_EDGE('',*,*,#4051,.T.);
#5684=ORIENTED_EDGE('',*,*,#4047,.F.);
#5685=ORIENTED_EDGE('',*,*,#4077,.T.);
#5686=ORIENTED_EDGE('',*,*,#4071,.T.);
#5687=ORIENTED_EDGE('',*,*,#4092,.T.);
#5688=ORIENTED_EDGE('',*,*,#4017,.T.);
#5689=ORIENTED_EDGE('',*,*,#4093,.T.);
#5690=ORIENTED_EDGE('',*,*,#4094,.T.);
#5691=ORIENTED_EDGE('',*,*,#4070,.T.);
#5692=ORIENTED_EDGE('',*,*,#4081,.T.);
#5693=ORIENTED_EDGE('',*,*,#4095,.T.);
#5694=ORIENTED_EDGE('',*,*,#4096,.T.);
#5695=ORIENTED_EDGE('',*,*,#4018,.T.);
#5696=ORIENTED_EDGE('',*,*,#4092,.F.);
#5697=ORIENTED_EDGE('',*,*,#4087,.T.);
#5698=ORIENTED_EDGE('',*,*,#4097,.F.);
#5699=ORIENTED_EDGE('',*,*,#4098,.T.);
#5700=ORIENTED_EDGE('',*,*,#4095,.F.);
#5701=ORIENTED_EDGE('',*,*,#4075,.T.);
#5702=ORIENTED_EDGE('',*,*,#4099,.F.);
#5703=ORIENTED_EDGE('',*,*,#4100,.T.);
#5704=ORIENTED_EDGE('',*,*,#4101,.F.);
#5705=ORIENTED_EDGE('',*,*,#4074,.T.);
#5706=ORIENTED_EDGE('',*,*,#4091,.T.);
#5707=ORIENTED_EDGE('',*,*,#4102,.F.);
#5708=ORIENTED_EDGE('',*,*,#4103,.T.);
#5709=ORIENTED_EDGE('',*,*,#4104,.T.);
#5710=ORIENTED_EDGE('',*,*,#4099,.T.);
#5711=ORIENTED_EDGE('',*,*,#4090,.T.);
#5712=ORIENTED_EDGE('',*,*,#4084,.T.);
#5713=ORIENTED_EDGE('',*,*,#4105,.T.);
#5714=ORIENTED_EDGE('',*,*,#4106,.F.);
#5715=ORIENTED_EDGE('',*,*,#4107,.T.);
#5716=ORIENTED_EDGE('',*,*,#4102,.T.);
#5717=ORIENTED_EDGE('',*,*,#3979,.F.);
#5718=ORIENTED_EDGE('',*,*,#4019,.T.);
#5719=ORIENTED_EDGE('',*,*,#4096,.F.);
#5720=ORIENTED_EDGE('',*,*,#4108,.T.);
#5721=ORIENTED_EDGE('',*,*,#4109,.T.);
#5722=ORIENTED_EDGE('',*,*,#4009,.T.);
#5723=ORIENTED_EDGE('',*,*,#3985,.F.);
#5724=ORIENTED_EDGE('',*,*,#3975,.F.);
#5725=ORIENTED_EDGE('',*,*,#4068,.T.);
#5726=ORIENTED_EDGE('',*,*,#4110,.T.);
#5727=ORIENTED_EDGE('',*,*,#4010,.T.);
#5728=ORIENTED_EDGE('',*,*,#4109,.F.);
#5729=ORIENTED_EDGE('',*,*,#4111,.T.);
#5730=ORIENTED_EDGE('',*,*,#4082,.T.);
#5731=ORIENTED_EDGE('',*,*,#4076,.T.);
#5732=ORIENTED_EDGE('',*,*,#4101,.T.);
#5733=ORIENTED_EDGE('',*,*,#4112,.T.);
#5734=ORIENTED_EDGE('',*,*,#4011,.T.);
#5735=ORIENTED_EDGE('',*,*,#4110,.F.);
#5736=ORIENTED_EDGE('',*,*,#4067,.T.);
#5737=ORIENTED_EDGE('',*,*,#4112,.F.);
#5738=ORIENTED_EDGE('',*,*,#4100,.F.);
#5739=ORIENTED_EDGE('',*,*,#4104,.F.);
#5740=ORIENTED_EDGE('',*,*,#4113,.T.);
#5741=ORIENTED_EDGE('',*,*,#4114,.F.);
#5742=ORIENTED_EDGE('',*,*,#4012,.F.);
#5743=ORIENTED_EDGE('',*,*,#4079,.T.);
#5744=ORIENTED_EDGE('',*,*,#4115,.T.);
#5745=ORIENTED_EDGE('',*,*,#4116,.T.);
#5746=ORIENTED_EDGE('',*,*,#4117,.T.);
#5747=ORIENTED_EDGE('',*,*,#4118,.T.);
#5748=ORIENTED_EDGE('',*,*,#4088,.T.);
#5749=ORIENTED_EDGE('',*,*,#4089,.T.);
#5750=ORIENTED_EDGE('',*,*,#4118,.F.);
#5751=ORIENTED_EDGE('',*,*,#4119,.T.);
#5752=ORIENTED_EDGE('',*,*,#4120,.T.);
#5753=ORIENTED_EDGE('',*,*,#4097,.T.);
#5754=ORIENTED_EDGE('',*,*,#4086,.T.);
#5755=ORIENTED_EDGE('',*,*,#4106,.T.);
#5756=ORIENTED_EDGE('',*,*,#4121,.T.);
#5757=ORIENTED_EDGE('',*,*,#4120,.F.);
#5758=ORIENTED_EDGE('',*,*,#4122,.T.);
#5759=ORIENTED_EDGE('',*,*,#4103,.F.);
#5760=ORIENTED_EDGE('',*,*,#4107,.F.);
#5761=ORIENTED_EDGE('',*,*,#4122,.F.);
#5762=ORIENTED_EDGE('',*,*,#4119,.F.);
#5763=ORIENTED_EDGE('',*,*,#4117,.F.);
#5764=ORIENTED_EDGE('',*,*,#4123,.F.);
#5765=ORIENTED_EDGE('',*,*,#4124,.F.);
#5766=ORIENTED_EDGE('',*,*,#4125,.T.);
#5767=ORIENTED_EDGE('',*,*,#4126,.T.);
#5768=ORIENTED_EDGE('',*,*,#4113,.F.);
#5769=ORIENTED_EDGE('',*,*,#4030,.F.);
#5770=ORIENTED_EDGE('',*,*,#4032,.T.);
#5771=ORIENTED_EDGE('',*,*,#4046,.F.);
#5772=ORIENTED_EDGE('',*,*,#4044,.T.);
#5773=ORIENTED_EDGE('',*,*,#4042,.F.);
#5774=ORIENTED_EDGE('',*,*,#4040,.T.);
#5775=ORIENTED_EDGE('',*,*,#4038,.F.);
#5776=ORIENTED_EDGE('',*,*,#4036,.T.);
#5777=ORIENTED_EDGE('',*,*,#4033,.F.);
#5778=ORIENTED_EDGE('',*,*,#4064,.T.);
#5779=ORIENTED_EDGE('',*,*,#4049,.F.);
#5780=ORIENTED_EDGE('',*,*,#4053,.T.);
#5781=ORIENTED_EDGE('',*,*,#4057,.F.);
#5782=ORIENTED_EDGE('',*,*,#4023,.T.);
#5783=ORIENTED_EDGE('',*,*,#4021,.T.);
#5784=ORIENTED_EDGE('',*,*,#4093,.F.);
#5785=ORIENTED_EDGE('',*,*,#4016,.F.);
#5786=ORIENTED_EDGE('',*,*,#4127,.F.);
#5787=ORIENTED_EDGE('',*,*,#4123,.T.);
#5788=ORIENTED_EDGE('',*,*,#4116,.F.);
#5789=ORIENTED_EDGE('',*,*,#4128,.T.);
#5790=ORIENTED_EDGE('',*,*,#4078,.T.);
#5791=ORIENTED_EDGE('',*,*,#4094,.F.);
#5792=ORIENTED_EDGE('',*,*,#4128,.F.);
#5793=ORIENTED_EDGE('',*,*,#4115,.F.);
#5794=ORIENTED_EDGE('',*,*,#4108,.F.);
#5795=ORIENTED_EDGE('',*,*,#4098,.F.);
#5796=ORIENTED_EDGE('',*,*,#4121,.F.);
#5797=ORIENTED_EDGE('',*,*,#4129,.F.);
#5798=ORIENTED_EDGE('',*,*,#4083,.T.);
#5799=ORIENTED_EDGE('',*,*,#4111,.F.);
#5800=ORIENTED_EDGE('',*,*,#4129,.T.);
#5801=ORIENTED_EDGE('',*,*,#4105,.F.);
#5802=ORIENTED_EDGE('',*,*,#4127,.T.);
#5803=ORIENTED_EDGE('',*,*,#4015,.T.);
#5804=ORIENTED_EDGE('',*,*,#4130,.F.);
#5805=ORIENTED_EDGE('',*,*,#4124,.T.);
#5806=ORIENTED_EDGE('',*,*,#4131,.F.);
#5807=ORIENTED_EDGE('',*,*,#4132,.T.);
#5808=ORIENTED_EDGE('',*,*,#4133,.T.);
#5809=ORIENTED_EDGE('',*,*,#4132,.F.);
#5810=ORIENTED_EDGE('',*,*,#4014,.T.);
#5811=ORIENTED_EDGE('',*,*,#4134,.F.);
#5812=ORIENTED_EDGE('',*,*,#4135,.T.);
#5813=ORIENTED_EDGE('',*,*,#4136,.T.);
#5814=ORIENTED_EDGE('',*,*,#4135,.F.);
#5815=ORIENTED_EDGE('',*,*,#4137,.F.);
#5816=ORIENTED_EDGE('',*,*,#4125,.F.);
#5817=ORIENTED_EDGE('',*,*,#4130,.T.);
#5818=ORIENTED_EDGE('',*,*,#4114,.T.);
#5819=ORIENTED_EDGE('',*,*,#4126,.F.);
#5820=ORIENTED_EDGE('',*,*,#4137,.T.);
#5821=ORIENTED_EDGE('',*,*,#4134,.T.);
#5822=ORIENTED_EDGE('',*,*,#4013,.T.);
#5823=ORIENTED_EDGE('',*,*,#4131,.T.);
#5824=ORIENTED_EDGE('',*,*,#4136,.F.);
#5825=ORIENTED_EDGE('',*,*,#4133,.F.);
#5826=ORIENTED_EDGE('',*,*,#4138,.T.);
#5827=ORIENTED_EDGE('',*,*,#4139,.T.);
#5828=ORIENTED_EDGE('',*,*,#4140,.T.);
#5829=ORIENTED_EDGE('',*,*,#3990,.T.);
#5830=ORIENTED_EDGE('',*,*,#4138,.F.);
#5831=ORIENTED_EDGE('',*,*,#3992,.T.);
#5832=ORIENTED_EDGE('',*,*,#4141,.T.);
#5833=ORIENTED_EDGE('',*,*,#4142,.T.);
#5834=ORIENTED_EDGE('',*,*,#4143,.T.);
#5835=ORIENTED_EDGE('',*,*,#4144,.T.);
#5836=ORIENTED_EDGE('',*,*,#4141,.F.);
#5837=ORIENTED_EDGE('',*,*,#4145,.T.);
#5838=ORIENTED_EDGE('',*,*,#4143,.F.);
#5839=ORIENTED_EDGE('',*,*,#3987,.T.);
#5840=ORIENTED_EDGE('',*,*,#4140,.F.);
#5841=ORIENTED_EDGE('',*,*,#4146,.T.);
#5842=ORIENTED_EDGE('',*,*,#4139,.F.);
#5843=ORIENTED_EDGE('',*,*,#4142,.F.);
#5844=ORIENTED_EDGE('',*,*,#4144,.F.);
#5845=ORIENTED_EDGE('',*,*,#4146,.F.);
#5846=ORIENTED_EDGE('',*,*,#4145,.F.);
#5847=ORIENTED_EDGE('',*,*,#3991,.F.);
#5848=ORIENTED_EDGE('',*,*,#3980,.T.);
#5849=ORIENTED_EDGE('',*,*,#4008,.F.);
#5850=ORIENTED_EDGE('',*,*,#4055,.F.);
#5851=ORIENTED_EDGE('',*,*,#4065,.F.);
#5852=ORIENTED_EDGE('',*,*,#4060,.F.);
#5853=ORIENTED_EDGE('',*,*,#3993,.F.);
#5854=ORIENTED_EDGE('',*,*,#3970,.F.);
#5855=ORIENTED_EDGE('',*,*,#3988,.F.);
#5856=ORIENTED_EDGE('',*,*,#4147,.T.);
#5857=ORIENTED_EDGE('',*,*,#4148,.T.);
#5858=ORIENTED_EDGE('',*,*,#4149,.T.);
#5859=ORIENTED_EDGE('',*,*,#4150,.T.);
#5860=ORIENTED_EDGE('',*,*,#4151,.T.);
#5861=ORIENTED_EDGE('',*,*,#4152,.T.);
#5862=ORIENTED_EDGE('',*,*,#4153,.T.);
#5863=ORIENTED_EDGE('',*,*,#4154,.T.);
#5864=ORIENTED_EDGE('',*,*,#4151,.F.);
#5865=ORIENTED_EDGE('',*,*,#4155,.T.);
#5866=ORIENTED_EDGE('',*,*,#4149,.F.);
#5867=ORIENTED_EDGE('',*,*,#4156,.T.);
#5868=ORIENTED_EDGE('',*,*,#4157,.F.);
#5869=ORIENTED_EDGE('',*,*,#4158,.T.);
#5870=ORIENTED_EDGE('',*,*,#4159,.T.);
#5871=ORIENTED_EDGE('',*,*,#4160,.T.);
#5872=ORIENTED_EDGE('',*,*,#4159,.F.);
#5873=ORIENTED_EDGE('',*,*,#4161,.T.);
#5874=ORIENTED_EDGE('',*,*,#4153,.F.);
#5875=ORIENTED_EDGE('',*,*,#4162,.T.);
#5876=ORIENTED_EDGE('',*,*,#4150,.F.);
#5877=ORIENTED_EDGE('',*,*,#4155,.F.);
#5878=ORIENTED_EDGE('',*,*,#4163,.T.);
#5879=ORIENTED_EDGE('',*,*,#4164,.F.);
#5880=ORIENTED_EDGE('',*,*,#4165,.T.);
#5881=ORIENTED_EDGE('',*,*,#4154,.F.);
#5882=ORIENTED_EDGE('',*,*,#4166,.F.);
#5883=ORIENTED_EDGE('',*,*,#4167,.F.);
#5884=ORIENTED_EDGE('',*,*,#4163,.F.);
#5885=ORIENTED_EDGE('',*,*,#4161,.F.);
#5886=ORIENTED_EDGE('',*,*,#4158,.F.);
#5887=ORIENTED_EDGE('',*,*,#4168,.T.);
#5888=ORIENTED_EDGE('',*,*,#4169,.F.);
#5889=ORIENTED_EDGE('',*,*,#4166,.T.);
#5890=ORIENTED_EDGE('',*,*,#4148,.F.);
#5891=ORIENTED_EDGE('',*,*,#4170,.T.);
#5892=ORIENTED_EDGE('',*,*,#4171,.F.);
#5893=ORIENTED_EDGE('',*,*,#4172,.T.);
#5894=ORIENTED_EDGE('',*,*,#4173,.F.);
#5895=ORIENTED_EDGE('',*,*,#4174,.T.);
#5896=ORIENTED_EDGE('',*,*,#4175,.F.);
#5897=ORIENTED_EDGE('',*,*,#4176,.T.);
#5898=ORIENTED_EDGE('',*,*,#4177,.F.);
#5899=ORIENTED_EDGE('',*,*,#4178,.T.);
#5900=ORIENTED_EDGE('',*,*,#4179,.F.);
#5901=ORIENTED_EDGE('',*,*,#4180,.T.);
#5902=ORIENTED_EDGE('',*,*,#4181,.F.);
#5903=ORIENTED_EDGE('',*,*,#4182,.F.);
#5904=ORIENTED_EDGE('',*,*,#4183,.T.);
#5905=ORIENTED_EDGE('',*,*,#4184,.F.);
#5906=ORIENTED_EDGE('',*,*,#4185,.T.);
#5907=ORIENTED_EDGE('',*,*,#4160,.F.);
#5908=ORIENTED_EDGE('',*,*,#4186,.F.);
#5909=ORIENTED_EDGE('',*,*,#4187,.F.);
#5910=ORIENTED_EDGE('',*,*,#4188,.F.);
#5911=ORIENTED_EDGE('',*,*,#4189,.T.);
#5912=ORIENTED_EDGE('',*,*,#4190,.F.);
#5913=ORIENTED_EDGE('',*,*,#4191,.F.);
#5914=ORIENTED_EDGE('',*,*,#4192,.F.);
#5915=ORIENTED_EDGE('',*,*,#4193,.T.);
#5916=ORIENTED_EDGE('',*,*,#4194,.F.);
#5917=ORIENTED_EDGE('',*,*,#4195,.F.);
#5918=ORIENTED_EDGE('',*,*,#4196,.F.);
#5919=ORIENTED_EDGE('',*,*,#4197,.T.);
#5920=ORIENTED_EDGE('',*,*,#4198,.T.);
#5921=ORIENTED_EDGE('',*,*,#4173,.T.);
#5922=ORIENTED_EDGE('',*,*,#4199,.T.);
#5923=ORIENTED_EDGE('',*,*,#4198,.F.);
#5924=ORIENTED_EDGE('',*,*,#4200,.F.);
#5925=ORIENTED_EDGE('',*,*,#4201,.F.);
#5926=ORIENTED_EDGE('',*,*,#4174,.F.);
#5927=ORIENTED_EDGE('',*,*,#4202,.T.);
#5928=ORIENTED_EDGE('',*,*,#4203,.T.);
#5929=ORIENTED_EDGE('',*,*,#4177,.T.);
#5930=ORIENTED_EDGE('',*,*,#4204,.T.);
#5931=ORIENTED_EDGE('',*,*,#4203,.F.);
#5932=ORIENTED_EDGE('',*,*,#4205,.F.);
#5933=ORIENTED_EDGE('',*,*,#4206,.F.);
#5934=ORIENTED_EDGE('',*,*,#4178,.F.);
#5935=ORIENTED_EDGE('',*,*,#4175,.T.);
#5936=ORIENTED_EDGE('',*,*,#4201,.T.);
#5937=ORIENTED_EDGE('',*,*,#4207,.T.);
#5938=ORIENTED_EDGE('',*,*,#4208,.T.);
#5939=ORIENTED_EDGE('',*,*,#4182,.T.);
#5940=ORIENTED_EDGE('',*,*,#4209,.T.);
#5941=ORIENTED_EDGE('',*,*,#4210,.F.);
#5942=ORIENTED_EDGE('',*,*,#4211,.T.);
#5943=ORIENTED_EDGE('',*,*,#4211,.F.);
#5944=ORIENTED_EDGE('',*,*,#4212,.F.);
#5945=ORIENTED_EDGE('',*,*,#4213,.F.);
#5946=ORIENTED_EDGE('',*,*,#4214,.F.);
#5947=ORIENTED_EDGE('',*,*,#4215,.F.);
#5948=ORIENTED_EDGE('',*,*,#4216,.F.);
#5949=ORIENTED_EDGE('',*,*,#4217,.F.);
#5950=ORIENTED_EDGE('',*,*,#4183,.F.);
#5951=ORIENTED_EDGE('',*,*,#4209,.F.);
#5952=ORIENTED_EDGE('',*,*,#4181,.T.);
#5953=ORIENTED_EDGE('',*,*,#4218,.T.);
#5954=ORIENTED_EDGE('',*,*,#4219,.T.);
#5955=ORIENTED_EDGE('',*,*,#4220,.T.);
#5956=ORIENTED_EDGE('',*,*,#4221,.T.);
#5957=ORIENTED_EDGE('',*,*,#4179,.T.);
#5958=ORIENTED_EDGE('',*,*,#4206,.T.);
#5959=ORIENTED_EDGE('',*,*,#4218,.F.);
#5960=ORIENTED_EDGE('',*,*,#4180,.F.);
#5961=ORIENTED_EDGE('',*,*,#4221,.F.);
#5962=ORIENTED_EDGE('',*,*,#4222,.F.);
#5963=ORIENTED_EDGE('',*,*,#4223,.T.);
#5964=ORIENTED_EDGE('',*,*,#4224,.T.);
#5965=ORIENTED_EDGE('',*,*,#4171,.T.);
#5966=ORIENTED_EDGE('',*,*,#4225,.T.);
#5967=ORIENTED_EDGE('',*,*,#4199,.F.);
#5968=ORIENTED_EDGE('',*,*,#4172,.F.);
#5969=ORIENTED_EDGE('',*,*,#4224,.F.);
#5970=ORIENTED_EDGE('',*,*,#4226,.F.);
#5971=ORIENTED_EDGE('',*,*,#4227,.F.);
#5972=ORIENTED_EDGE('',*,*,#4228,.F.);
#5973=ORIENTED_EDGE('',*,*,#4229,.F.);
#5974=ORIENTED_EDGE('',*,*,#4230,.F.);
#5975=ORIENTED_EDGE('',*,*,#4231,.T.);
#5976=ORIENTED_EDGE('',*,*,#4232,.T.);
#5977=ORIENTED_EDGE('',*,*,#4233,.T.);
#5978=ORIENTED_EDGE('',*,*,#4229,.T.);
#5979=ORIENTED_EDGE('',*,*,#4232,.F.);
#5980=ORIENTED_EDGE('',*,*,#4234,.F.);
#5981=ORIENTED_EDGE('',*,*,#4235,.F.);
#5982=ORIENTED_EDGE('',*,*,#4236,.F.);
#5983=ORIENTED_EDGE('',*,*,#4237,.T.);
#5984=ORIENTED_EDGE('',*,*,#4238,.T.);
#5985=ORIENTED_EDGE('',*,*,#4184,.T.);
#5986=ORIENTED_EDGE('',*,*,#4217,.T.);
#5987=ORIENTED_EDGE('',*,*,#4239,.T.);
#5988=ORIENTED_EDGE('',*,*,#4213,.T.);
#5989=ORIENTED_EDGE('',*,*,#4240,.T.);
#5990=ORIENTED_EDGE('',*,*,#4235,.T.);
#5991=ORIENTED_EDGE('',*,*,#4204,.F.);
#5992=ORIENTED_EDGE('',*,*,#4176,.F.);
#5993=ORIENTED_EDGE('',*,*,#4208,.F.);
#5994=ORIENTED_EDGE('',*,*,#4241,.F.);
#5995=ORIENTED_EDGE('',*,*,#4226,.T.);
#5996=ORIENTED_EDGE('',*,*,#4223,.F.);
#5997=ORIENTED_EDGE('',*,*,#4242,.T.);
#5998=ORIENTED_EDGE('',*,*,#4237,.F.);
#5999=ORIENTED_EDGE('',*,*,#4216,.T.);
#6000=ORIENTED_EDGE('',*,*,#4243,.F.);
#6001=ORIENTED_EDGE('',*,*,#4244,.F.);
#6002=ORIENTED_EDGE('',*,*,#4245,.F.);
#6003=ORIENTED_EDGE('',*,*,#4246,.F.);
#6004=ORIENTED_EDGE('',*,*,#4247,.F.);
#6005=ORIENTED_EDGE('',*,*,#4248,.F.);
#6006=ORIENTED_EDGE('',*,*,#4249,.F.);
#6007=ORIENTED_EDGE('',*,*,#4215,.T.);
#6008=ORIENTED_EDGE('',*,*,#4250,.F.);
#6009=ORIENTED_EDGE('',*,*,#4251,.F.);
#6010=ORIENTED_EDGE('',*,*,#4252,.F.);
#6011=ORIENTED_EDGE('',*,*,#4253,.F.);
#6012=ORIENTED_EDGE('',*,*,#4243,.T.);
#6013=ORIENTED_EDGE('',*,*,#4254,.F.);
#6014=ORIENTED_EDGE('',*,*,#4246,.T.);
#6015=ORIENTED_EDGE('',*,*,#4255,.F.);
#6016=ORIENTED_EDGE('',*,*,#4256,.F.);
#6017=ORIENTED_EDGE('',*,*,#4257,.F.);
#6018=ORIENTED_EDGE('',*,*,#4258,.F.);
#6019=ORIENTED_EDGE('',*,*,#4259,.F.);
#6020=ORIENTED_EDGE('',*,*,#4260,.F.);
#6021=ORIENTED_EDGE('',*,*,#4227,.T.);
#6022=ORIENTED_EDGE('',*,*,#4249,.T.);
#6023=ORIENTED_EDGE('',*,*,#4261,.F.);
#6024=ORIENTED_EDGE('',*,*,#4262,.F.);
#6025=ORIENTED_EDGE('',*,*,#4263,.F.);
#6026=ORIENTED_EDGE('',*,*,#4264,.F.);
#6027=ORIENTED_EDGE('',*,*,#4228,.T.);
#6028=ORIENTED_EDGE('',*,*,#4264,.T.);
#6029=ORIENTED_EDGE('',*,*,#4265,.F.);
#6030=ORIENTED_EDGE('',*,*,#4266,.F.);
#6031=ORIENTED_EDGE('',*,*,#4258,.T.);
#6032=ORIENTED_EDGE('',*,*,#4267,.F.);
#6033=ORIENTED_EDGE('',*,*,#4268,.F.);
#6034=ORIENTED_EDGE('',*,*,#4250,.T.);
#6035=ORIENTED_EDGE('',*,*,#4214,.T.);
#6036=ORIENTED_EDGE('',*,*,#4239,.F.);
#6037=ORIENTED_EDGE('',*,*,#4234,.T.);
#6038=ORIENTED_EDGE('',*,*,#4231,.F.);
#6039=ORIENTED_EDGE('',*,*,#4261,.T.);
#6040=ORIENTED_EDGE('',*,*,#4248,.T.);
#6041=ORIENTED_EDGE('',*,*,#4269,.T.);
#6042=ORIENTED_EDGE('',*,*,#4194,.T.);
#6043=ORIENTED_EDGE('',*,*,#4270,.T.);
#6044=ORIENTED_EDGE('',*,*,#4271,.T.);
#6045=ORIENTED_EDGE('',*,*,#4247,.T.);
#6046=ORIENTED_EDGE('',*,*,#4254,.T.);
#6047=ORIENTED_EDGE('',*,*,#4272,.T.);
#6048=ORIENTED_EDGE('',*,*,#4273,.T.);
#6049=ORIENTED_EDGE('',*,*,#4195,.T.);
#6050=ORIENTED_EDGE('',*,*,#4269,.F.);
#6051=ORIENTED_EDGE('',*,*,#4260,.T.);
#6052=ORIENTED_EDGE('',*,*,#4274,.F.);
#6053=ORIENTED_EDGE('',*,*,#4275,.T.);
#6054=ORIENTED_EDGE('',*,*,#4272,.F.);
#6055=ORIENTED_EDGE('',*,*,#4252,.T.);
#6056=ORIENTED_EDGE('',*,*,#4276,.F.);
#6057=ORIENTED_EDGE('',*,*,#4277,.T.);
#6058=ORIENTED_EDGE('',*,*,#4278,.F.);
#6059=ORIENTED_EDGE('',*,*,#4251,.T.);
#6060=ORIENTED_EDGE('',*,*,#4268,.T.);
#6061=ORIENTED_EDGE('',*,*,#4279,.F.);
#6062=ORIENTED_EDGE('',*,*,#4280,.T.);
#6063=ORIENTED_EDGE('',*,*,#4281,.T.);
#6064=ORIENTED_EDGE('',*,*,#4276,.T.);
#6065=ORIENTED_EDGE('',*,*,#4267,.T.);
#6066=ORIENTED_EDGE('',*,*,#4257,.T.);
#6067=ORIENTED_EDGE('',*,*,#4282,.T.);
#6068=ORIENTED_EDGE('',*,*,#4283,.F.);
#6069=ORIENTED_EDGE('',*,*,#4284,.T.);
#6070=ORIENTED_EDGE('',*,*,#4279,.T.);
#6071=ORIENTED_EDGE('',*,*,#4156,.F.);
#6072=ORIENTED_EDGE('',*,*,#4196,.T.);
#6073=ORIENTED_EDGE('',*,*,#4273,.F.);
#6074=ORIENTED_EDGE('',*,*,#4285,.T.);
#6075=ORIENTED_EDGE('',*,*,#4286,.T.);
#6076=ORIENTED_EDGE('',*,*,#4186,.T.);
#6077=ORIENTED_EDGE('',*,*,#4162,.F.);
#6078=ORIENTED_EDGE('',*,*,#4152,.F.);
#6079=ORIENTED_EDGE('',*,*,#4245,.T.);
#6080=ORIENTED_EDGE('',*,*,#4287,.T.);
#6081=ORIENTED_EDGE('',*,*,#4187,.T.);
#6082=ORIENTED_EDGE('',*,*,#4286,.F.);
#6083=ORIENTED_EDGE('',*,*,#4288,.T.);
#6084=ORIENTED_EDGE('',*,*,#4255,.T.);
#6085=ORIENTED_EDGE('',*,*,#4253,.T.);
#6086=ORIENTED_EDGE('',*,*,#4278,.T.);
#6087=ORIENTED_EDGE('',*,*,#4289,.T.);
#6088=ORIENTED_EDGE('',*,*,#4188,.T.);
#6089=ORIENTED_EDGE('',*,*,#4287,.F.);
#6090=ORIENTED_EDGE('',*,*,#4244,.T.);
#6091=ORIENTED_EDGE('',*,*,#4289,.F.);
#6092=ORIENTED_EDGE('',*,*,#4277,.F.);
#6093=ORIENTED_EDGE('',*,*,#4281,.F.);
#6094=ORIENTED_EDGE('',*,*,#4290,.T.);
#6095=ORIENTED_EDGE('',*,*,#4291,.F.);
#6096=ORIENTED_EDGE('',*,*,#4189,.F.);
#6097=ORIENTED_EDGE('',*,*,#4263,.T.);
#6098=ORIENTED_EDGE('',*,*,#4292,.T.);
#6099=ORIENTED_EDGE('',*,*,#4293,.T.);
#6100=ORIENTED_EDGE('',*,*,#4294,.T.);
#6101=ORIENTED_EDGE('',*,*,#4295,.T.);
#6102=ORIENTED_EDGE('',*,*,#4265,.T.);
#6103=ORIENTED_EDGE('',*,*,#4266,.T.);
#6104=ORIENTED_EDGE('',*,*,#4295,.F.);
#6105=ORIENTED_EDGE('',*,*,#4296,.T.);
#6106=ORIENTED_EDGE('',*,*,#4297,.T.);
#6107=ORIENTED_EDGE('',*,*,#4274,.T.);
#6108=ORIENTED_EDGE('',*,*,#4259,.T.);
#6109=ORIENTED_EDGE('',*,*,#4283,.T.);
#6110=ORIENTED_EDGE('',*,*,#4298,.T.);
#6111=ORIENTED_EDGE('',*,*,#4297,.F.);
#6112=ORIENTED_EDGE('',*,*,#4299,.T.);
#6113=ORIENTED_EDGE('',*,*,#4280,.F.);
#6114=ORIENTED_EDGE('',*,*,#4284,.F.);
#6115=ORIENTED_EDGE('',*,*,#4299,.F.);
#6116=ORIENTED_EDGE('',*,*,#4296,.F.);
#6117=ORIENTED_EDGE('',*,*,#4294,.F.);
#6118=ORIENTED_EDGE('',*,*,#4300,.F.);
#6119=ORIENTED_EDGE('',*,*,#4301,.F.);
#6120=ORIENTED_EDGE('',*,*,#4302,.T.);
#6121=ORIENTED_EDGE('',*,*,#4303,.T.);
#6122=ORIENTED_EDGE('',*,*,#4290,.F.);
#6123=ORIENTED_EDGE('',*,*,#4207,.F.);
#6124=ORIENTED_EDGE('',*,*,#4200,.T.);
#6125=ORIENTED_EDGE('',*,*,#4197,.F.);
#6126=ORIENTED_EDGE('',*,*,#4230,.T.);
#6127=ORIENTED_EDGE('',*,*,#4233,.F.);
#6128=ORIENTED_EDGE('',*,*,#4236,.T.);
#6129=ORIENTED_EDGE('',*,*,#4240,.F.);
#6130=ORIENTED_EDGE('',*,*,#4212,.T.);
#6131=ORIENTED_EDGE('',*,*,#4210,.T.);
#6132=ORIENTED_EDGE('',*,*,#4219,.F.);
#6133=ORIENTED_EDGE('',*,*,#4222,.T.);
#6134=ORIENTED_EDGE('',*,*,#4220,.F.);
#6135=ORIENTED_EDGE('',*,*,#4205,.T.);
#6136=ORIENTED_EDGE('',*,*,#4202,.F.);
#6137=ORIENTED_EDGE('',*,*,#4241,.T.);
#6138=ORIENTED_EDGE('',*,*,#4270,.F.);
#6139=ORIENTED_EDGE('',*,*,#4193,.F.);
#6140=ORIENTED_EDGE('',*,*,#4304,.F.);
#6141=ORIENTED_EDGE('',*,*,#4300,.T.);
#6142=ORIENTED_EDGE('',*,*,#4293,.F.);
#6143=ORIENTED_EDGE('',*,*,#4305,.T.);
#6144=ORIENTED_EDGE('',*,*,#4262,.T.);
#6145=ORIENTED_EDGE('',*,*,#4271,.F.);
#6146=ORIENTED_EDGE('',*,*,#4305,.F.);
#6147=ORIENTED_EDGE('',*,*,#4292,.F.);
#6148=ORIENTED_EDGE('',*,*,#4285,.F.);
#6149=ORIENTED_EDGE('',*,*,#4275,.F.);
#6150=ORIENTED_EDGE('',*,*,#4298,.F.);
#6151=ORIENTED_EDGE('',*,*,#4306,.F.);
#6152=ORIENTED_EDGE('',*,*,#4256,.T.);
#6153=ORIENTED_EDGE('',*,*,#4288,.F.);
#6154=ORIENTED_EDGE('',*,*,#4306,.T.);
#6155=ORIENTED_EDGE('',*,*,#4282,.F.);
#6156=ORIENTED_EDGE('',*,*,#4304,.T.);
#6157=ORIENTED_EDGE('',*,*,#4192,.T.);
#6158=ORIENTED_EDGE('',*,*,#4307,.F.);
#6159=ORIENTED_EDGE('',*,*,#4301,.T.);
#6160=ORIENTED_EDGE('',*,*,#4308,.F.);
#6161=ORIENTED_EDGE('',*,*,#4309,.T.);
#6162=ORIENTED_EDGE('',*,*,#4310,.T.);
#6163=ORIENTED_EDGE('',*,*,#4309,.F.);
#6164=ORIENTED_EDGE('',*,*,#4191,.T.);
#6165=ORIENTED_EDGE('',*,*,#4311,.F.);
#6166=ORIENTED_EDGE('',*,*,#4312,.T.);
#6167=ORIENTED_EDGE('',*,*,#4313,.T.);
#6168=ORIENTED_EDGE('',*,*,#4312,.F.);
#6169=ORIENTED_EDGE('',*,*,#4314,.F.);
#6170=ORIENTED_EDGE('',*,*,#4302,.F.);
#6171=ORIENTED_EDGE('',*,*,#4307,.T.);
#6172=ORIENTED_EDGE('',*,*,#4291,.T.);
#6173=ORIENTED_EDGE('',*,*,#4303,.F.);
#6174=ORIENTED_EDGE('',*,*,#4314,.T.);
#6175=ORIENTED_EDGE('',*,*,#4311,.T.);
#6176=ORIENTED_EDGE('',*,*,#4190,.T.);
#6177=ORIENTED_EDGE('',*,*,#4308,.T.);
#6178=ORIENTED_EDGE('',*,*,#4313,.F.);
#6179=ORIENTED_EDGE('',*,*,#4310,.F.);
#6180=ORIENTED_EDGE('',*,*,#4315,.T.);
#6181=ORIENTED_EDGE('',*,*,#4316,.T.);
#6182=ORIENTED_EDGE('',*,*,#4317,.T.);
#6183=ORIENTED_EDGE('',*,*,#4167,.T.);
#6184=ORIENTED_EDGE('',*,*,#4315,.F.);
#6185=ORIENTED_EDGE('',*,*,#4169,.T.);
#6186=ORIENTED_EDGE('',*,*,#4318,.T.);
#6187=ORIENTED_EDGE('',*,*,#4319,.T.);
#6188=ORIENTED_EDGE('',*,*,#4320,.T.);
#6189=ORIENTED_EDGE('',*,*,#4321,.T.);
#6190=ORIENTED_EDGE('',*,*,#4318,.F.);
#6191=ORIENTED_EDGE('',*,*,#4322,.T.);
#6192=ORIENTED_EDGE('',*,*,#4320,.F.);
#6193=ORIENTED_EDGE('',*,*,#4164,.T.);
#6194=ORIENTED_EDGE('',*,*,#4317,.F.);
#6195=ORIENTED_EDGE('',*,*,#4323,.T.);
#6196=ORIENTED_EDGE('',*,*,#4316,.F.);
#6197=ORIENTED_EDGE('',*,*,#4319,.F.);
#6198=ORIENTED_EDGE('',*,*,#4321,.F.);
#6199=ORIENTED_EDGE('',*,*,#4323,.F.);
#6200=ORIENTED_EDGE('',*,*,#4322,.F.);
#6201=ORIENTED_EDGE('',*,*,#4168,.F.);
#6202=ORIENTED_EDGE('',*,*,#4157,.T.);
#6203=ORIENTED_EDGE('',*,*,#4185,.F.);
#6204=ORIENTED_EDGE('',*,*,#4238,.F.);
#6205=ORIENTED_EDGE('',*,*,#4242,.F.);
#6206=ORIENTED_EDGE('',*,*,#4225,.F.);
#6207=ORIENTED_EDGE('',*,*,#4170,.F.);
#6208=ORIENTED_EDGE('',*,*,#4147,.F.);
#6209=ORIENTED_EDGE('',*,*,#4165,.F.);
#6210=ORIENTED_EDGE('',*,*,#4324,.T.);
#6211=ORIENTED_EDGE('',*,*,#4325,.T.);
#6212=ORIENTED_EDGE('',*,*,#4326,.T.);
#6213=ORIENTED_EDGE('',*,*,#4327,.T.);
#6214=ORIENTED_EDGE('',*,*,#4328,.T.);
#6215=ORIENTED_EDGE('',*,*,#4329,.T.);
#6216=ORIENTED_EDGE('',*,*,#4330,.T.);
#6217=ORIENTED_EDGE('',*,*,#4331,.T.);
#6218=ORIENTED_EDGE('',*,*,#4328,.F.);
#6219=ORIENTED_EDGE('',*,*,#4332,.T.);
#6220=ORIENTED_EDGE('',*,*,#4326,.F.);
#6221=ORIENTED_EDGE('',*,*,#4333,.T.);
#6222=ORIENTED_EDGE('',*,*,#4334,.F.);
#6223=ORIENTED_EDGE('',*,*,#4335,.T.);
#6224=ORIENTED_EDGE('',*,*,#4336,.T.);
#6225=ORIENTED_EDGE('',*,*,#4337,.T.);
#6226=ORIENTED_EDGE('',*,*,#4336,.F.);
#6227=ORIENTED_EDGE('',*,*,#4338,.T.);
#6228=ORIENTED_EDGE('',*,*,#4330,.F.);
#6229=ORIENTED_EDGE('',*,*,#4339,.T.);
#6230=ORIENTED_EDGE('',*,*,#4327,.F.);
#6231=ORIENTED_EDGE('',*,*,#4332,.F.);
#6232=ORIENTED_EDGE('',*,*,#4340,.T.);
#6233=ORIENTED_EDGE('',*,*,#4341,.F.);
#6234=ORIENTED_EDGE('',*,*,#4342,.T.);
#6235=ORIENTED_EDGE('',*,*,#4331,.F.);
#6236=ORIENTED_EDGE('',*,*,#4343,.F.);
#6237=ORIENTED_EDGE('',*,*,#4344,.F.);
#6238=ORIENTED_EDGE('',*,*,#4340,.F.);
#6239=ORIENTED_EDGE('',*,*,#4338,.F.);
#6240=ORIENTED_EDGE('',*,*,#4335,.F.);
#6241=ORIENTED_EDGE('',*,*,#4345,.T.);
#6242=ORIENTED_EDGE('',*,*,#4346,.F.);
#6243=ORIENTED_EDGE('',*,*,#4343,.T.);
#6244=ORIENTED_EDGE('',*,*,#4325,.F.);
#6245=ORIENTED_EDGE('',*,*,#4347,.T.);
#6246=ORIENTED_EDGE('',*,*,#4348,.F.);
#6247=ORIENTED_EDGE('',*,*,#4349,.T.);
#6248=ORIENTED_EDGE('',*,*,#4350,.F.);
#6249=ORIENTED_EDGE('',*,*,#4351,.T.);
#6250=ORIENTED_EDGE('',*,*,#4352,.F.);
#6251=ORIENTED_EDGE('',*,*,#4353,.T.);
#6252=ORIENTED_EDGE('',*,*,#4354,.F.);
#6253=ORIENTED_EDGE('',*,*,#4355,.T.);
#6254=ORIENTED_EDGE('',*,*,#4356,.F.);
#6255=ORIENTED_EDGE('',*,*,#4357,.T.);
#6256=ORIENTED_EDGE('',*,*,#4358,.F.);
#6257=ORIENTED_EDGE('',*,*,#4359,.F.);
#6258=ORIENTED_EDGE('',*,*,#4360,.T.);
#6259=ORIENTED_EDGE('',*,*,#4361,.F.);
#6260=ORIENTED_EDGE('',*,*,#4362,.T.);
#6261=ORIENTED_EDGE('',*,*,#4337,.F.);
#6262=ORIENTED_EDGE('',*,*,#4363,.F.);
#6263=ORIENTED_EDGE('',*,*,#4364,.F.);
#6264=ORIENTED_EDGE('',*,*,#4365,.F.);
#6265=ORIENTED_EDGE('',*,*,#4366,.T.);
#6266=ORIENTED_EDGE('',*,*,#4367,.F.);
#6267=ORIENTED_EDGE('',*,*,#4368,.F.);
#6268=ORIENTED_EDGE('',*,*,#4369,.F.);
#6269=ORIENTED_EDGE('',*,*,#4370,.T.);
#6270=ORIENTED_EDGE('',*,*,#4371,.F.);
#6271=ORIENTED_EDGE('',*,*,#4372,.F.);
#6272=ORIENTED_EDGE('',*,*,#4373,.F.);
#6273=ORIENTED_EDGE('',*,*,#4374,.T.);
#6274=ORIENTED_EDGE('',*,*,#4375,.T.);
#6275=ORIENTED_EDGE('',*,*,#4354,.T.);
#6276=ORIENTED_EDGE('',*,*,#4376,.T.);
#6277=ORIENTED_EDGE('',*,*,#4375,.F.);
#6278=ORIENTED_EDGE('',*,*,#4377,.F.);
#6279=ORIENTED_EDGE('',*,*,#4378,.F.);
#6280=ORIENTED_EDGE('',*,*,#4355,.F.);
#6281=ORIENTED_EDGE('',*,*,#4379,.T.);
#6282=ORIENTED_EDGE('',*,*,#4380,.T.);
#6283=ORIENTED_EDGE('',*,*,#4350,.T.);
#6284=ORIENTED_EDGE('',*,*,#4381,.T.);
#6285=ORIENTED_EDGE('',*,*,#4380,.F.);
#6286=ORIENTED_EDGE('',*,*,#4382,.F.);
#6287=ORIENTED_EDGE('',*,*,#4383,.F.);
#6288=ORIENTED_EDGE('',*,*,#4351,.F.);
#6289=ORIENTED_EDGE('',*,*,#4352,.T.);
#6290=ORIENTED_EDGE('',*,*,#4383,.T.);
#6291=ORIENTED_EDGE('',*,*,#4384,.T.);
#6292=ORIENTED_EDGE('',*,*,#4385,.T.);
#6293=ORIENTED_EDGE('',*,*,#4359,.T.);
#6294=ORIENTED_EDGE('',*,*,#4386,.T.);
#6295=ORIENTED_EDGE('',*,*,#4387,.F.);
#6296=ORIENTED_EDGE('',*,*,#4388,.T.);
#6297=ORIENTED_EDGE('',*,*,#4388,.F.);
#6298=ORIENTED_EDGE('',*,*,#4389,.F.);
#6299=ORIENTED_EDGE('',*,*,#4390,.F.);
#6300=ORIENTED_EDGE('',*,*,#4391,.F.);
#6301=ORIENTED_EDGE('',*,*,#4392,.F.);
#6302=ORIENTED_EDGE('',*,*,#4393,.F.);
#6303=ORIENTED_EDGE('',*,*,#4394,.F.);
#6304=ORIENTED_EDGE('',*,*,#4360,.F.);
#6305=ORIENTED_EDGE('',*,*,#4386,.F.);
#6306=ORIENTED_EDGE('',*,*,#4358,.T.);
#6307=ORIENTED_EDGE('',*,*,#4395,.T.);
#6308=ORIENTED_EDGE('',*,*,#4396,.T.);
#6309=ORIENTED_EDGE('',*,*,#4397,.T.);
#6310=ORIENTED_EDGE('',*,*,#4398,.T.);
#6311=ORIENTED_EDGE('',*,*,#4356,.T.);
#6312=ORIENTED_EDGE('',*,*,#4378,.T.);
#6313=ORIENTED_EDGE('',*,*,#4395,.F.);
#6314=ORIENTED_EDGE('',*,*,#4357,.F.);
#6315=ORIENTED_EDGE('',*,*,#4398,.F.);
#6316=ORIENTED_EDGE('',*,*,#4399,.F.);
#6317=ORIENTED_EDGE('',*,*,#4400,.T.);
#6318=ORIENTED_EDGE('',*,*,#4401,.T.);
#6319=ORIENTED_EDGE('',*,*,#4348,.T.);
#6320=ORIENTED_EDGE('',*,*,#4402,.T.);
#6321=ORIENTED_EDGE('',*,*,#4381,.F.);
#6322=ORIENTED_EDGE('',*,*,#4349,.F.);
#6323=ORIENTED_EDGE('',*,*,#4401,.F.);
#6324=ORIENTED_EDGE('',*,*,#4403,.F.);
#6325=ORIENTED_EDGE('',*,*,#4404,.F.);
#6326=ORIENTED_EDGE('',*,*,#4405,.F.);
#6327=ORIENTED_EDGE('',*,*,#4406,.F.);
#6328=ORIENTED_EDGE('',*,*,#4407,.F.);
#6329=ORIENTED_EDGE('',*,*,#4408,.T.);
#6330=ORIENTED_EDGE('',*,*,#4409,.T.);
#6331=ORIENTED_EDGE('',*,*,#4410,.T.);
#6332=ORIENTED_EDGE('',*,*,#4406,.T.);
#6333=ORIENTED_EDGE('',*,*,#4409,.F.);
#6334=ORIENTED_EDGE('',*,*,#4411,.F.);
#6335=ORIENTED_EDGE('',*,*,#4412,.F.);
#6336=ORIENTED_EDGE('',*,*,#4413,.F.);
#6337=ORIENTED_EDGE('',*,*,#4414,.T.);
#6338=ORIENTED_EDGE('',*,*,#4415,.T.);
#6339=ORIENTED_EDGE('',*,*,#4361,.T.);
#6340=ORIENTED_EDGE('',*,*,#4394,.T.);
#6341=ORIENTED_EDGE('',*,*,#4416,.T.);
#6342=ORIENTED_EDGE('',*,*,#4390,.T.);
#6343=ORIENTED_EDGE('',*,*,#4417,.T.);
#6344=ORIENTED_EDGE('',*,*,#4412,.T.);
#6345=ORIENTED_EDGE('',*,*,#4376,.F.);
#6346=ORIENTED_EDGE('',*,*,#4353,.F.);
#6347=ORIENTED_EDGE('',*,*,#4385,.F.);
#6348=ORIENTED_EDGE('',*,*,#4418,.F.);
#6349=ORIENTED_EDGE('',*,*,#4403,.T.);
#6350=ORIENTED_EDGE('',*,*,#4400,.F.);
#6351=ORIENTED_EDGE('',*,*,#4419,.T.);
#6352=ORIENTED_EDGE('',*,*,#4414,.F.);
#6353=ORIENTED_EDGE('',*,*,#4393,.T.);
#6354=ORIENTED_EDGE('',*,*,#4420,.F.);
#6355=ORIENTED_EDGE('',*,*,#4421,.F.);
#6356=ORIENTED_EDGE('',*,*,#4422,.F.);
#6357=ORIENTED_EDGE('',*,*,#4423,.F.);
#6358=ORIENTED_EDGE('',*,*,#4424,.F.);
#6359=ORIENTED_EDGE('',*,*,#4425,.F.);
#6360=ORIENTED_EDGE('',*,*,#4426,.F.);
#6361=ORIENTED_EDGE('',*,*,#4392,.T.);
#6362=ORIENTED_EDGE('',*,*,#4427,.F.);
#6363=ORIENTED_EDGE('',*,*,#4428,.F.);
#6364=ORIENTED_EDGE('',*,*,#4429,.F.);
#6365=ORIENTED_EDGE('',*,*,#4430,.F.);
#6366=ORIENTED_EDGE('',*,*,#4420,.T.);
#6367=ORIENTED_EDGE('',*,*,#4404,.T.);
#6368=ORIENTED_EDGE('',*,*,#4426,.T.);
#6369=ORIENTED_EDGE('',*,*,#4431,.F.);
#6370=ORIENTED_EDGE('',*,*,#4432,.F.);
#6371=ORIENTED_EDGE('',*,*,#4433,.F.);
#6372=ORIENTED_EDGE('',*,*,#4434,.F.);
#6373=ORIENTED_EDGE('',*,*,#4435,.F.);
#6374=ORIENTED_EDGE('',*,*,#4423,.T.);
#6375=ORIENTED_EDGE('',*,*,#4436,.F.);
#6376=ORIENTED_EDGE('',*,*,#4437,.F.);
#6377=ORIENTED_EDGE('',*,*,#4438,.F.);
#6378=ORIENTED_EDGE('',*,*,#4439,.F.);
#6379=ORIENTED_EDGE('',*,*,#4440,.F.);
#6380=ORIENTED_EDGE('',*,*,#4441,.F.);
#6381=ORIENTED_EDGE('',*,*,#4405,.T.);
#6382=ORIENTED_EDGE('',*,*,#4434,.T.);
#6383=ORIENTED_EDGE('',*,*,#4442,.F.);
#6384=ORIENTED_EDGE('',*,*,#4443,.F.);
#6385=ORIENTED_EDGE('',*,*,#4439,.T.);
#6386=ORIENTED_EDGE('',*,*,#4444,.F.);
#6387=ORIENTED_EDGE('',*,*,#4445,.F.);
#6388=ORIENTED_EDGE('',*,*,#4427,.T.);
#6389=ORIENTED_EDGE('',*,*,#4391,.T.);
#6390=ORIENTED_EDGE('',*,*,#4416,.F.);
#6391=ORIENTED_EDGE('',*,*,#4411,.T.);
#6392=ORIENTED_EDGE('',*,*,#4408,.F.);
#6393=ORIENTED_EDGE('',*,*,#4431,.T.);
#6394=ORIENTED_EDGE('',*,*,#4425,.T.);
#6395=ORIENTED_EDGE('',*,*,#4446,.T.);
#6396=ORIENTED_EDGE('',*,*,#4371,.T.);
#6397=ORIENTED_EDGE('',*,*,#4447,.T.);
#6398=ORIENTED_EDGE('',*,*,#4448,.T.);
#6399=ORIENTED_EDGE('',*,*,#4424,.T.);
#6400=ORIENTED_EDGE('',*,*,#4435,.T.);
#6401=ORIENTED_EDGE('',*,*,#4449,.T.);
#6402=ORIENTED_EDGE('',*,*,#4450,.T.);
#6403=ORIENTED_EDGE('',*,*,#4372,.T.);
#6404=ORIENTED_EDGE('',*,*,#4446,.F.);
#6405=ORIENTED_EDGE('',*,*,#4441,.T.);
#6406=ORIENTED_EDGE('',*,*,#4451,.F.);
#6407=ORIENTED_EDGE('',*,*,#4452,.T.);
#6408=ORIENTED_EDGE('',*,*,#4449,.F.);
#6409=ORIENTED_EDGE('',*,*,#4429,.T.);
#6410=ORIENTED_EDGE('',*,*,#4453,.F.);
#6411=ORIENTED_EDGE('',*,*,#4454,.T.);
#6412=ORIENTED_EDGE('',*,*,#4455,.F.);
#6413=ORIENTED_EDGE('',*,*,#4428,.T.);
#6414=ORIENTED_EDGE('',*,*,#4445,.T.);
#6415=ORIENTED_EDGE('',*,*,#4456,.F.);
#6416=ORIENTED_EDGE('',*,*,#4457,.T.);
#6417=ORIENTED_EDGE('',*,*,#4458,.T.);
#6418=ORIENTED_EDGE('',*,*,#4453,.T.);
#6419=ORIENTED_EDGE('',*,*,#4444,.T.);
#6420=ORIENTED_EDGE('',*,*,#4438,.T.);
#6421=ORIENTED_EDGE('',*,*,#4459,.T.);
#6422=ORIENTED_EDGE('',*,*,#4460,.F.);
#6423=ORIENTED_EDGE('',*,*,#4461,.T.);
#6424=ORIENTED_EDGE('',*,*,#4456,.T.);
#6425=ORIENTED_EDGE('',*,*,#4433,.T.);
#6426=ORIENTED_EDGE('',*,*,#4462,.T.);
#6427=ORIENTED_EDGE('',*,*,#4463,.T.);
#6428=ORIENTED_EDGE('',*,*,#4464,.T.);
#6429=ORIENTED_EDGE('',*,*,#4465,.T.);
#6430=ORIENTED_EDGE('',*,*,#4442,.T.);
#6431=ORIENTED_EDGE('',*,*,#4443,.T.);
#6432=ORIENTED_EDGE('',*,*,#4465,.F.);
#6433=ORIENTED_EDGE('',*,*,#4466,.T.);
#6434=ORIENTED_EDGE('',*,*,#4467,.T.);
#6435=ORIENTED_EDGE('',*,*,#4451,.T.);
#6436=ORIENTED_EDGE('',*,*,#4440,.T.);
#6437=ORIENTED_EDGE('',*,*,#4460,.T.);
#6438=ORIENTED_EDGE('',*,*,#4468,.T.);
#6439=ORIENTED_EDGE('',*,*,#4467,.F.);
#6440=ORIENTED_EDGE('',*,*,#4469,.T.);
#6441=ORIENTED_EDGE('',*,*,#4432,.T.);
#6442=ORIENTED_EDGE('',*,*,#4448,.F.);
#6443=ORIENTED_EDGE('',*,*,#4470,.F.);
#6444=ORIENTED_EDGE('',*,*,#4462,.F.);
#6445=ORIENTED_EDGE('',*,*,#4468,.F.);
#6446=ORIENTED_EDGE('',*,*,#4471,.F.);
#6447=ORIENTED_EDGE('',*,*,#4472,.F.);
#6448=ORIENTED_EDGE('',*,*,#4452,.F.);
#6449=ORIENTED_EDGE('',*,*,#4437,.T.);
#6450=ORIENTED_EDGE('',*,*,#4473,.F.);
#6451=ORIENTED_EDGE('',*,*,#4471,.T.);
#6452=ORIENTED_EDGE('',*,*,#4459,.F.);
#6453=ORIENTED_EDGE('',*,*,#4458,.F.);
#6454=ORIENTED_EDGE('',*,*,#4474,.T.);
#6455=ORIENTED_EDGE('',*,*,#4475,.F.);
#6456=ORIENTED_EDGE('',*,*,#4366,.F.);
#6457=ORIENTED_EDGE('',*,*,#4476,.F.);
#6458=ORIENTED_EDGE('',*,*,#4454,.F.);
#6459=ORIENTED_EDGE('',*,*,#4333,.F.);
#6460=ORIENTED_EDGE('',*,*,#4373,.T.);
#6461=ORIENTED_EDGE('',*,*,#4450,.F.);
#6462=ORIENTED_EDGE('',*,*,#4472,.T.);
#6463=ORIENTED_EDGE('',*,*,#4477,.T.);
#6464=ORIENTED_EDGE('',*,*,#4363,.T.);
#6465=ORIENTED_EDGE('',*,*,#4339,.F.);
#6466=ORIENTED_EDGE('',*,*,#4329,.F.);
#6467=ORIENTED_EDGE('',*,*,#4422,.T.);
#6468=ORIENTED_EDGE('',*,*,#4478,.T.);
#6469=ORIENTED_EDGE('',*,*,#4364,.T.);
#6470=ORIENTED_EDGE('',*,*,#4477,.F.);
#6471=ORIENTED_EDGE('',*,*,#4473,.T.);
#6472=ORIENTED_EDGE('',*,*,#4436,.T.);
#6473=ORIENTED_EDGE('',*,*,#4430,.T.);
#6474=ORIENTED_EDGE('',*,*,#4455,.T.);
#6475=ORIENTED_EDGE('',*,*,#4476,.T.);
#6476=ORIENTED_EDGE('',*,*,#4365,.T.);
#6477=ORIENTED_EDGE('',*,*,#4478,.F.);
#6478=ORIENTED_EDGE('',*,*,#4421,.T.);
#6479=ORIENTED_EDGE('',*,*,#4463,.F.);
#6480=ORIENTED_EDGE('',*,*,#4470,.T.);
#6481=ORIENTED_EDGE('',*,*,#4447,.F.);
#6482=ORIENTED_EDGE('',*,*,#4370,.F.);
#6483=ORIENTED_EDGE('',*,*,#4479,.F.);
#6484=ORIENTED_EDGE('',*,*,#4480,.T.);
#6485=ORIENTED_EDGE('',*,*,#4464,.F.);
#6486=ORIENTED_EDGE('',*,*,#4480,.F.);
#6487=ORIENTED_EDGE('',*,*,#4481,.F.);
#6488=ORIENTED_EDGE('',*,*,#4482,.T.);
#6489=ORIENTED_EDGE('',*,*,#4483,.T.);
#6490=ORIENTED_EDGE('',*,*,#4474,.F.);
#6491=ORIENTED_EDGE('',*,*,#4457,.F.);
#6492=ORIENTED_EDGE('',*,*,#4461,.F.);
#6493=ORIENTED_EDGE('',*,*,#4469,.F.);
#6494=ORIENTED_EDGE('',*,*,#4466,.F.);
#6495=ORIENTED_EDGE('',*,*,#4384,.F.);
#6496=ORIENTED_EDGE('',*,*,#4382,.T.);
#6497=ORIENTED_EDGE('',*,*,#4379,.F.);
#6498=ORIENTED_EDGE('',*,*,#4407,.T.);
#6499=ORIENTED_EDGE('',*,*,#4410,.F.);
#6500=ORIENTED_EDGE('',*,*,#4413,.T.);
#6501=ORIENTED_EDGE('',*,*,#4417,.F.);
#6502=ORIENTED_EDGE('',*,*,#4389,.T.);
#6503=ORIENTED_EDGE('',*,*,#4387,.T.);
#6504=ORIENTED_EDGE('',*,*,#4396,.F.);
#6505=ORIENTED_EDGE('',*,*,#4399,.T.);
#6506=ORIENTED_EDGE('',*,*,#4397,.F.);
#6507=ORIENTED_EDGE('',*,*,#4377,.T.);
#6508=ORIENTED_EDGE('',*,*,#4374,.F.);
#6509=ORIENTED_EDGE('',*,*,#4418,.T.);
#6510=ORIENTED_EDGE('',*,*,#4479,.T.);
#6511=ORIENTED_EDGE('',*,*,#4369,.T.);
#6512=ORIENTED_EDGE('',*,*,#4484,.F.);
#6513=ORIENTED_EDGE('',*,*,#4481,.T.);
#6514=ORIENTED_EDGE('',*,*,#4485,.F.);
#6515=ORIENTED_EDGE('',*,*,#4486,.T.);
#6516=ORIENTED_EDGE('',*,*,#4487,.T.);
#6517=ORIENTED_EDGE('',*,*,#4486,.F.);
#6518=ORIENTED_EDGE('',*,*,#4368,.T.);
#6519=ORIENTED_EDGE('',*,*,#4488,.F.);
#6520=ORIENTED_EDGE('',*,*,#4489,.T.);
#6521=ORIENTED_EDGE('',*,*,#4490,.T.);
#6522=ORIENTED_EDGE('',*,*,#4489,.F.);
#6523=ORIENTED_EDGE('',*,*,#4491,.F.);
#6524=ORIENTED_EDGE('',*,*,#4482,.F.);
#6525=ORIENTED_EDGE('',*,*,#4484,.T.);
#6526=ORIENTED_EDGE('',*,*,#4475,.T.);
#6527=ORIENTED_EDGE('',*,*,#4483,.F.);
#6528=ORIENTED_EDGE('',*,*,#4491,.T.);
#6529=ORIENTED_EDGE('',*,*,#4488,.T.);
#6530=ORIENTED_EDGE('',*,*,#4367,.T.);
#6531=ORIENTED_EDGE('',*,*,#4485,.T.);
#6532=ORIENTED_EDGE('',*,*,#4490,.F.);
#6533=ORIENTED_EDGE('',*,*,#4487,.F.);
#6534=ORIENTED_EDGE('',*,*,#4492,.T.);
#6535=ORIENTED_EDGE('',*,*,#4493,.T.);
#6536=ORIENTED_EDGE('',*,*,#4494,.T.);
#6537=ORIENTED_EDGE('',*,*,#4344,.T.);
#6538=ORIENTED_EDGE('',*,*,#4492,.F.);
#6539=ORIENTED_EDGE('',*,*,#4346,.T.);
#6540=ORIENTED_EDGE('',*,*,#4495,.T.);
#6541=ORIENTED_EDGE('',*,*,#4496,.T.);
#6542=ORIENTED_EDGE('',*,*,#4497,.T.);
#6543=ORIENTED_EDGE('',*,*,#4498,.T.);
#6544=ORIENTED_EDGE('',*,*,#4495,.F.);
#6545=ORIENTED_EDGE('',*,*,#4499,.T.);
#6546=ORIENTED_EDGE('',*,*,#4497,.F.);
#6547=ORIENTED_EDGE('',*,*,#4341,.T.);
#6548=ORIENTED_EDGE('',*,*,#4494,.F.);
#6549=ORIENTED_EDGE('',*,*,#4500,.T.);
#6550=ORIENTED_EDGE('',*,*,#4493,.F.);
#6551=ORIENTED_EDGE('',*,*,#4496,.F.);
#6552=ORIENTED_EDGE('',*,*,#4498,.F.);
#6553=ORIENTED_EDGE('',*,*,#4500,.F.);
#6554=ORIENTED_EDGE('',*,*,#4499,.F.);
#6555=ORIENTED_EDGE('',*,*,#4345,.F.);
#6556=ORIENTED_EDGE('',*,*,#4334,.T.);
#6557=ORIENTED_EDGE('',*,*,#4362,.F.);
#6558=ORIENTED_EDGE('',*,*,#4415,.F.);
#6559=ORIENTED_EDGE('',*,*,#4419,.F.);
#6560=ORIENTED_EDGE('',*,*,#4402,.F.);
#6561=ORIENTED_EDGE('',*,*,#4347,.F.);
#6562=ORIENTED_EDGE('',*,*,#4324,.F.);
#6563=ORIENTED_EDGE('',*,*,#4342,.F.);
#6564=ORIENTED_EDGE('',*,*,#4501,.T.);
#6565=ORIENTED_EDGE('',*,*,#4502,.T.);
#6566=ORIENTED_EDGE('',*,*,#4503,.T.);
#6567=ORIENTED_EDGE('',*,*,#4504,.T.);
#6568=ORIENTED_EDGE('',*,*,#4505,.T.);
#6569=ORIENTED_EDGE('',*,*,#4506,.T.);
#6570=ORIENTED_EDGE('',*,*,#4507,.T.);
#6571=ORIENTED_EDGE('',*,*,#4508,.T.);
#6572=ORIENTED_EDGE('',*,*,#4505,.F.);
#6573=ORIENTED_EDGE('',*,*,#4509,.T.);
#6574=ORIENTED_EDGE('',*,*,#4503,.F.);
#6575=ORIENTED_EDGE('',*,*,#4510,.T.);
#6576=ORIENTED_EDGE('',*,*,#4511,.F.);
#6577=ORIENTED_EDGE('',*,*,#4512,.T.);
#6578=ORIENTED_EDGE('',*,*,#4513,.T.);
#6579=ORIENTED_EDGE('',*,*,#4514,.T.);
#6580=ORIENTED_EDGE('',*,*,#4513,.F.);
#6581=ORIENTED_EDGE('',*,*,#4515,.T.);
#6582=ORIENTED_EDGE('',*,*,#4507,.F.);
#6583=ORIENTED_EDGE('',*,*,#4516,.T.);
#6584=ORIENTED_EDGE('',*,*,#4504,.F.);
#6585=ORIENTED_EDGE('',*,*,#4509,.F.);
#6586=ORIENTED_EDGE('',*,*,#4517,.T.);
#6587=ORIENTED_EDGE('',*,*,#4518,.F.);
#6588=ORIENTED_EDGE('',*,*,#4519,.T.);
#6589=ORIENTED_EDGE('',*,*,#4508,.F.);
#6590=ORIENTED_EDGE('',*,*,#4520,.F.);
#6591=ORIENTED_EDGE('',*,*,#4521,.F.);
#6592=ORIENTED_EDGE('',*,*,#4517,.F.);
#6593=ORIENTED_EDGE('',*,*,#4515,.F.);
#6594=ORIENTED_EDGE('',*,*,#4512,.F.);
#6595=ORIENTED_EDGE('',*,*,#4522,.T.);
#6596=ORIENTED_EDGE('',*,*,#4523,.F.);
#6597=ORIENTED_EDGE('',*,*,#4520,.T.);
#6598=ORIENTED_EDGE('',*,*,#4502,.F.);
#6599=ORIENTED_EDGE('',*,*,#4524,.T.);
#6600=ORIENTED_EDGE('',*,*,#4525,.F.);
#6601=ORIENTED_EDGE('',*,*,#4526,.T.);
#6602=ORIENTED_EDGE('',*,*,#4527,.F.);
#6603=ORIENTED_EDGE('',*,*,#4528,.T.);
#6604=ORIENTED_EDGE('',*,*,#4529,.F.);
#6605=ORIENTED_EDGE('',*,*,#4530,.T.);
#6606=ORIENTED_EDGE('',*,*,#4531,.F.);
#6607=ORIENTED_EDGE('',*,*,#4532,.T.);
#6608=ORIENTED_EDGE('',*,*,#4533,.F.);
#6609=ORIENTED_EDGE('',*,*,#4534,.T.);
#6610=ORIENTED_EDGE('',*,*,#4535,.F.);
#6611=ORIENTED_EDGE('',*,*,#4536,.F.);
#6612=ORIENTED_EDGE('',*,*,#4537,.T.);
#6613=ORIENTED_EDGE('',*,*,#4538,.F.);
#6614=ORIENTED_EDGE('',*,*,#4539,.T.);
#6615=ORIENTED_EDGE('',*,*,#4514,.F.);
#6616=ORIENTED_EDGE('',*,*,#4540,.F.);
#6617=ORIENTED_EDGE('',*,*,#4541,.F.);
#6618=ORIENTED_EDGE('',*,*,#4542,.F.);
#6619=ORIENTED_EDGE('',*,*,#4543,.T.);
#6620=ORIENTED_EDGE('',*,*,#4544,.F.);
#6621=ORIENTED_EDGE('',*,*,#4545,.F.);
#6622=ORIENTED_EDGE('',*,*,#4546,.F.);
#6623=ORIENTED_EDGE('',*,*,#4547,.T.);
#6624=ORIENTED_EDGE('',*,*,#4548,.F.);
#6625=ORIENTED_EDGE('',*,*,#4549,.F.);
#6626=ORIENTED_EDGE('',*,*,#4550,.F.);
#6627=ORIENTED_EDGE('',*,*,#4536,.T.);
#6628=ORIENTED_EDGE('',*,*,#4551,.T.);
#6629=ORIENTED_EDGE('',*,*,#4552,.F.);
#6630=ORIENTED_EDGE('',*,*,#4553,.T.);
#6631=ORIENTED_EDGE('',*,*,#4553,.F.);
#6632=ORIENTED_EDGE('',*,*,#4554,.F.);
#6633=ORIENTED_EDGE('',*,*,#4555,.F.);
#6634=ORIENTED_EDGE('',*,*,#4556,.F.);
#6635=ORIENTED_EDGE('',*,*,#4557,.F.);
#6636=ORIENTED_EDGE('',*,*,#4558,.F.);
#6637=ORIENTED_EDGE('',*,*,#4559,.F.);
#6638=ORIENTED_EDGE('',*,*,#4537,.F.);
#6639=ORIENTED_EDGE('',*,*,#4551,.F.);
#6640=ORIENTED_EDGE('',*,*,#4535,.T.);
#6641=ORIENTED_EDGE('',*,*,#4560,.T.);
#6642=ORIENTED_EDGE('',*,*,#4561,.T.);
#6643=ORIENTED_EDGE('',*,*,#4562,.F.);
#6644=ORIENTED_EDGE('',*,*,#4563,.F.);
#6645=ORIENTED_EDGE('',*,*,#4564,.F.);
#6646=ORIENTED_EDGE('',*,*,#4565,.T.);
#6647=ORIENTED_EDGE('',*,*,#4566,.T.);
#6648=ORIENTED_EDGE('',*,*,#4567,.F.);
#6649=ORIENTED_EDGE('',*,*,#4568,.F.);
#6650=ORIENTED_EDGE('',*,*,#4569,.F.);
#6651=ORIENTED_EDGE('',*,*,#4570,.F.);
#6652=ORIENTED_EDGE('',*,*,#4571,.F.);
#6653=ORIENTED_EDGE('',*,*,#4561,.F.);
#6654=ORIENTED_EDGE('',*,*,#4572,.T.);
#6655=ORIENTED_EDGE('',*,*,#4573,.F.);
#6656=ORIENTED_EDGE('',*,*,#4574,.T.);
#6657=ORIENTED_EDGE('',*,*,#4575,.F.);
#6658=ORIENTED_EDGE('',*,*,#4576,.T.);
#6659=ORIENTED_EDGE('',*,*,#4577,.F.);
#6660=ORIENTED_EDGE('',*,*,#4578,.T.);
#6661=ORIENTED_EDGE('',*,*,#4579,.F.);
#6662=ORIENTED_EDGE('',*,*,#4580,.T.);
#6663=ORIENTED_EDGE('',*,*,#4581,.F.);
#6664=ORIENTED_EDGE('',*,*,#4582,.T.);
#6665=ORIENTED_EDGE('',*,*,#4583,.F.);
#6666=ORIENTED_EDGE('',*,*,#4554,.T.);
#6667=ORIENTED_EDGE('',*,*,#4552,.T.);
#6668=ORIENTED_EDGE('',*,*,#4560,.F.);
#6669=ORIENTED_EDGE('',*,*,#4534,.F.);
#6670=ORIENTED_EDGE('',*,*,#4584,.F.);
#6671=ORIENTED_EDGE('',*,*,#4572,.F.);
#6672=ORIENTED_EDGE('',*,*,#4573,.T.);
#6673=ORIENTED_EDGE('',*,*,#4584,.T.);
#6674=ORIENTED_EDGE('',*,*,#4533,.T.);
#6675=ORIENTED_EDGE('',*,*,#4585,.T.);
#6676=ORIENTED_EDGE('',*,*,#4575,.T.);
#6677=ORIENTED_EDGE('',*,*,#4586,.T.);
#6678=ORIENTED_EDGE('',*,*,#4531,.T.);
#6679=ORIENTED_EDGE('',*,*,#4587,.T.);
#6680=ORIENTED_EDGE('',*,*,#4585,.F.);
#6681=ORIENTED_EDGE('',*,*,#4532,.F.);
#6682=ORIENTED_EDGE('',*,*,#4586,.F.);
#6683=ORIENTED_EDGE('',*,*,#4574,.F.);
#6684=ORIENTED_EDGE('',*,*,#4529,.T.);
#6685=ORIENTED_EDGE('',*,*,#4588,.T.);
#6686=ORIENTED_EDGE('',*,*,#4577,.T.);
#6687=ORIENTED_EDGE('',*,*,#4589,.T.);
#6688=ORIENTED_EDGE('',*,*,#4587,.F.);
#6689=ORIENTED_EDGE('',*,*,#4530,.F.);
#6690=ORIENTED_EDGE('',*,*,#4589,.F.);
#6691=ORIENTED_EDGE('',*,*,#4576,.F.);
#6692=ORIENTED_EDGE('',*,*,#4579,.T.);
#6693=ORIENTED_EDGE('',*,*,#4590,.T.);
#6694=ORIENTED_EDGE('',*,*,#4527,.T.);
#6695=ORIENTED_EDGE('',*,*,#4591,.T.);
#6696=ORIENTED_EDGE('',*,*,#4588,.F.);
#6697=ORIENTED_EDGE('',*,*,#4528,.F.);
#6698=ORIENTED_EDGE('',*,*,#4590,.F.);
#6699=ORIENTED_EDGE('',*,*,#4578,.F.);
#6700=ORIENTED_EDGE('',*,*,#4592,.T.);
#6701=ORIENTED_EDGE('',*,*,#4593,.T.);
#6702=ORIENTED_EDGE('',*,*,#4538,.T.);
#6703=ORIENTED_EDGE('',*,*,#4559,.T.);
#6704=ORIENTED_EDGE('',*,*,#4594,.T.);
#6705=ORIENTED_EDGE('',*,*,#4555,.T.);
#6706=ORIENTED_EDGE('',*,*,#4583,.T.);
#6707=ORIENTED_EDGE('',*,*,#4595,.T.);
#6708=ORIENTED_EDGE('',*,*,#4596,.T.);
#6709=ORIENTED_EDGE('',*,*,#4597,.T.);
#6710=ORIENTED_EDGE('',*,*,#4525,.T.);
#6711=ORIENTED_EDGE('',*,*,#4598,.T.);
#6712=ORIENTED_EDGE('',*,*,#4591,.F.);
#6713=ORIENTED_EDGE('',*,*,#4526,.F.);
#6714=ORIENTED_EDGE('',*,*,#4597,.F.);
#6715=ORIENTED_EDGE('',*,*,#4599,.F.);
#6716=ORIENTED_EDGE('',*,*,#4600,.F.);
#6717=ORIENTED_EDGE('',*,*,#4601,.F.);
#6718=ORIENTED_EDGE('',*,*,#4602,.F.);
#6719=ORIENTED_EDGE('',*,*,#4580,.F.);
#6720=ORIENTED_EDGE('',*,*,#4603,.T.);
#6721=ORIENTED_EDGE('',*,*,#4604,.T.);
#6722=ORIENTED_EDGE('',*,*,#4581,.T.);
#6723=ORIENTED_EDGE('',*,*,#4602,.T.);
#6724=ORIENTED_EDGE('',*,*,#4595,.F.);
#6725=ORIENTED_EDGE('',*,*,#4582,.F.);
#6726=ORIENTED_EDGE('',*,*,#4604,.F.);
#6727=ORIENTED_EDGE('',*,*,#4605,.F.);
#6728=ORIENTED_EDGE('',*,*,#4556,.T.);
#6729=ORIENTED_EDGE('',*,*,#4594,.F.);
#6730=ORIENTED_EDGE('',*,*,#4605,.T.);
#6731=ORIENTED_EDGE('',*,*,#4603,.F.);
#6732=ORIENTED_EDGE('',*,*,#4601,.T.);
#6733=ORIENTED_EDGE('',*,*,#4606,.T.);
#6734=ORIENTED_EDGE('',*,*,#4607,.F.);
#6735=ORIENTED_EDGE('',*,*,#4608,.F.);
#6736=ORIENTED_EDGE('',*,*,#4609,.T.);
#6737=ORIENTED_EDGE('',*,*,#4610,.F.);
#6738=ORIENTED_EDGE('',*,*,#4611,.F.);
#6739=ORIENTED_EDGE('',*,*,#4612,.T.);
#6740=ORIENTED_EDGE('',*,*,#4600,.T.);
#6741=ORIENTED_EDGE('',*,*,#4613,.T.);
#6742=ORIENTED_EDGE('',*,*,#4614,.F.);
#6743=ORIENTED_EDGE('',*,*,#4615,.F.);
#6744=ORIENTED_EDGE('',*,*,#4616,.F.);
#6745=ORIENTED_EDGE('',*,*,#4606,.F.);
#6746=ORIENTED_EDGE('',*,*,#4557,.T.);
#6747=ORIENTED_EDGE('',*,*,#4612,.F.);
#6748=ORIENTED_EDGE('',*,*,#4617,.F.);
#6749=ORIENTED_EDGE('',*,*,#4618,.F.);
#6750=ORIENTED_EDGE('',*,*,#4619,.F.);
#6751=ORIENTED_EDGE('',*,*,#4620,.T.);
#6752=ORIENTED_EDGE('',*,*,#4558,.T.);
#6753=ORIENTED_EDGE('',*,*,#4620,.F.);
#6754=ORIENTED_EDGE('',*,*,#4621,.F.);
#6755=ORIENTED_EDGE('',*,*,#4622,.F.);
#6756=ORIENTED_EDGE('',*,*,#4623,.F.);
#6757=ORIENTED_EDGE('',*,*,#4624,.F.);
#6758=ORIENTED_EDGE('',*,*,#4625,.F.);
#6759=ORIENTED_EDGE('',*,*,#4613,.F.);
#6760=ORIENTED_EDGE('',*,*,#4599,.T.);
#6761=ORIENTED_EDGE('',*,*,#4596,.F.);
#6762=ORIENTED_EDGE('',*,*,#4626,.T.);
#6763=ORIENTED_EDGE('',*,*,#4592,.F.);
#6764=ORIENTED_EDGE('',*,*,#4627,.F.);
#6765=ORIENTED_EDGE('',*,*,#4628,.F.);
#6766=ORIENTED_EDGE('',*,*,#4629,.F.);
#6767=ORIENTED_EDGE('',*,*,#4623,.T.);
#6768=ORIENTED_EDGE('',*,*,#4630,.F.);
#6769=ORIENTED_EDGE('',*,*,#4631,.F.);
#6770=ORIENTED_EDGE('',*,*,#4632,.F.);
#6771=ORIENTED_EDGE('',*,*,#4609,.F.);
#6772=ORIENTED_EDGE('',*,*,#4615,.T.);
#6773=ORIENTED_EDGE('',*,*,#4633,.F.);
#6774=ORIENTED_EDGE('',*,*,#4634,.F.);
#6775=ORIENTED_EDGE('',*,*,#4635,.F.);
#6776=ORIENTED_EDGE('',*,*,#4614,.T.);
#6777=ORIENTED_EDGE('',*,*,#4625,.T.);
#6778=ORIENTED_EDGE('',*,*,#4636,.T.);
#6779=ORIENTED_EDGE('',*,*,#4548,.T.);
#6780=ORIENTED_EDGE('',*,*,#4637,.T.);
#6781=ORIENTED_EDGE('',*,*,#4633,.T.);
#6782=ORIENTED_EDGE('',*,*,#4624,.T.);
#6783=ORIENTED_EDGE('',*,*,#4629,.T.);
#6784=ORIENTED_EDGE('',*,*,#4638,.T.);
#6785=ORIENTED_EDGE('',*,*,#4639,.T.);
#6786=ORIENTED_EDGE('',*,*,#4549,.T.);
#6787=ORIENTED_EDGE('',*,*,#4636,.F.);
#6788=ORIENTED_EDGE('',*,*,#4617,.T.);
#6789=ORIENTED_EDGE('',*,*,#4611,.T.);
#6790=ORIENTED_EDGE('',*,*,#4640,.F.);
#6791=ORIENTED_EDGE('',*,*,#4568,.T.);
#6792=ORIENTED_EDGE('',*,*,#4641,.T.);
#6793=ORIENTED_EDGE('',*,*,#4642,.T.);
#6794=ORIENTED_EDGE('',*,*,#4610,.T.);
#6795=ORIENTED_EDGE('',*,*,#4632,.T.);
#6796=ORIENTED_EDGE('',*,*,#4643,.T.);
#6797=ORIENTED_EDGE('',*,*,#4644,.F.);
#6798=ORIENTED_EDGE('',*,*,#4569,.T.);
#6799=ORIENTED_EDGE('',*,*,#4640,.T.);
#6800=ORIENTED_EDGE('',*,*,#4631,.T.);
#6801=ORIENTED_EDGE('',*,*,#4645,.F.);
#6802=ORIENTED_EDGE('',*,*,#4646,.T.);
#6803=ORIENTED_EDGE('',*,*,#4643,.F.);
#6804=ORIENTED_EDGE('',*,*,#4510,.F.);
#6805=ORIENTED_EDGE('',*,*,#4550,.T.);
#6806=ORIENTED_EDGE('',*,*,#4639,.F.);
#6807=ORIENTED_EDGE('',*,*,#4647,.T.);
#6808=ORIENTED_EDGE('',*,*,#4648,.T.);
#6809=ORIENTED_EDGE('',*,*,#4540,.T.);
#6810=ORIENTED_EDGE('',*,*,#4516,.F.);
#6811=ORIENTED_EDGE('',*,*,#4506,.F.);
#6812=ORIENTED_EDGE('',*,*,#4622,.T.);
#6813=ORIENTED_EDGE('',*,*,#4649,.T.);
#6814=ORIENTED_EDGE('',*,*,#4541,.T.);
#6815=ORIENTED_EDGE('',*,*,#4648,.F.);
#6816=ORIENTED_EDGE('',*,*,#4645,.T.);
#6817=ORIENTED_EDGE('',*,*,#4630,.T.);
#6818=ORIENTED_EDGE('',*,*,#4619,.T.);
#6819=ORIENTED_EDGE('',*,*,#4650,.T.);
#6820=ORIENTED_EDGE('',*,*,#4651,.T.);
#6821=ORIENTED_EDGE('',*,*,#4542,.T.);
#6822=ORIENTED_EDGE('',*,*,#4649,.F.);
#6823=ORIENTED_EDGE('',*,*,#4621,.T.);
#6824=ORIENTED_EDGE('',*,*,#4647,.F.);
#6825=ORIENTED_EDGE('',*,*,#4652,.F.);
#6826=ORIENTED_EDGE('',*,*,#4653,.F.);
#6827=ORIENTED_EDGE('',*,*,#4646,.F.);
#6828=ORIENTED_EDGE('',*,*,#4628,.T.);
#6829=ORIENTED_EDGE('',*,*,#4654,.F.);
#6830=ORIENTED_EDGE('',*,*,#4652,.T.);
#6831=ORIENTED_EDGE('',*,*,#4638,.F.);
#6832=ORIENTED_EDGE('',*,*,#4637,.F.);
#6833=ORIENTED_EDGE('',*,*,#4547,.F.);
#6834=ORIENTED_EDGE('',*,*,#4655,.F.);
#6835=ORIENTED_EDGE('',*,*,#4563,.T.);
#6836=ORIENTED_EDGE('',*,*,#4656,.F.);
#6837=ORIENTED_EDGE('',*,*,#4634,.T.);
#6838=ORIENTED_EDGE('',*,*,#4616,.T.);
#6839=ORIENTED_EDGE('',*,*,#4635,.T.);
#6840=ORIENTED_EDGE('',*,*,#4656,.T.);
#6841=ORIENTED_EDGE('',*,*,#4562,.T.);
#6842=ORIENTED_EDGE('',*,*,#4657,.T.);
#6843=ORIENTED_EDGE('',*,*,#4607,.T.);
#6844=ORIENTED_EDGE('',*,*,#4608,.T.);
#6845=ORIENTED_EDGE('',*,*,#4657,.F.);
#6846=ORIENTED_EDGE('',*,*,#4571,.T.);
#6847=ORIENTED_EDGE('',*,*,#4658,.T.);
#6848=ORIENTED_EDGE('',*,*,#4654,.T.);
#6849=ORIENTED_EDGE('',*,*,#4627,.T.);
#6850=ORIENTED_EDGE('',*,*,#4644,.T.);
#6851=ORIENTED_EDGE('',*,*,#4653,.T.);
#6852=ORIENTED_EDGE('',*,*,#4658,.F.);
#6853=ORIENTED_EDGE('',*,*,#4570,.T.);
#6854=ORIENTED_EDGE('',*,*,#4618,.T.);
#6855=ORIENTED_EDGE('',*,*,#4642,.F.);
#6856=ORIENTED_EDGE('',*,*,#4659,.T.);
#6857=ORIENTED_EDGE('',*,*,#4650,.F.);
#6858=ORIENTED_EDGE('',*,*,#4651,.F.);
#6859=ORIENTED_EDGE('',*,*,#4659,.F.);
#6860=ORIENTED_EDGE('',*,*,#4641,.F.);
#6861=ORIENTED_EDGE('',*,*,#4567,.T.);
#6862=ORIENTED_EDGE('',*,*,#4660,.F.);
#6863=ORIENTED_EDGE('',*,*,#4543,.F.);
#6864=ORIENTED_EDGE('',*,*,#4655,.T.);
#6865=ORIENTED_EDGE('',*,*,#4546,.T.);
#6866=ORIENTED_EDGE('',*,*,#4661,.F.);
#6867=ORIENTED_EDGE('',*,*,#4564,.T.);
#6868=ORIENTED_EDGE('',*,*,#4662,.F.);
#6869=ORIENTED_EDGE('',*,*,#4663,.T.);
#6870=ORIENTED_EDGE('',*,*,#4664,.T.);
#6871=ORIENTED_EDGE('',*,*,#4663,.F.);
#6872=ORIENTED_EDGE('',*,*,#4545,.T.);
#6873=ORIENTED_EDGE('',*,*,#4665,.F.);
#6874=ORIENTED_EDGE('',*,*,#4666,.T.);
#6875=ORIENTED_EDGE('',*,*,#4667,.T.);
#6876=ORIENTED_EDGE('',*,*,#4666,.F.);
#6877=ORIENTED_EDGE('',*,*,#4668,.F.);
#6878=ORIENTED_EDGE('',*,*,#4565,.F.);
#6879=ORIENTED_EDGE('',*,*,#4661,.T.);
#6880=ORIENTED_EDGE('',*,*,#4660,.T.);
#6881=ORIENTED_EDGE('',*,*,#4566,.F.);
#6882=ORIENTED_EDGE('',*,*,#4668,.T.);
#6883=ORIENTED_EDGE('',*,*,#4665,.T.);
#6884=ORIENTED_EDGE('',*,*,#4544,.T.);
#6885=ORIENTED_EDGE('',*,*,#4662,.T.);
#6886=ORIENTED_EDGE('',*,*,#4667,.F.);
#6887=ORIENTED_EDGE('',*,*,#4664,.F.);
#6888=ORIENTED_EDGE('',*,*,#4669,.T.);
#6889=ORIENTED_EDGE('',*,*,#4670,.T.);
#6890=ORIENTED_EDGE('',*,*,#4671,.T.);
#6891=ORIENTED_EDGE('',*,*,#4521,.T.);
#6892=ORIENTED_EDGE('',*,*,#4669,.F.);
#6893=ORIENTED_EDGE('',*,*,#4523,.T.);
#6894=ORIENTED_EDGE('',*,*,#4672,.T.);
#6895=ORIENTED_EDGE('',*,*,#4673,.T.);
#6896=ORIENTED_EDGE('',*,*,#4674,.T.);
#6897=ORIENTED_EDGE('',*,*,#4675,.T.);
#6898=ORIENTED_EDGE('',*,*,#4672,.F.);
#6899=ORIENTED_EDGE('',*,*,#4676,.T.);
#6900=ORIENTED_EDGE('',*,*,#4674,.F.);
#6901=ORIENTED_EDGE('',*,*,#4518,.T.);
#6902=ORIENTED_EDGE('',*,*,#4671,.F.);
#6903=ORIENTED_EDGE('',*,*,#4677,.T.);
#6904=ORIENTED_EDGE('',*,*,#4670,.F.);
#6905=ORIENTED_EDGE('',*,*,#4673,.F.);
#6906=ORIENTED_EDGE('',*,*,#4675,.F.);
#6907=ORIENTED_EDGE('',*,*,#4677,.F.);
#6908=ORIENTED_EDGE('',*,*,#4676,.F.);
#6909=ORIENTED_EDGE('',*,*,#4522,.F.);
#6910=ORIENTED_EDGE('',*,*,#4511,.T.);
#6911=ORIENTED_EDGE('',*,*,#4539,.F.);
#6912=ORIENTED_EDGE('',*,*,#4593,.F.);
#6913=ORIENTED_EDGE('',*,*,#4626,.F.);
#6914=ORIENTED_EDGE('',*,*,#4598,.F.);
#6915=ORIENTED_EDGE('',*,*,#4524,.F.);
#6916=ORIENTED_EDGE('',*,*,#4501,.F.);
#6917=ORIENTED_EDGE('',*,*,#4519,.F.);
#6918=PLANE('',#7506);
#6919=PLANE('',#7510);
#6920=PLANE('',#7514);
#6921=PLANE('',#7518);
#6922=PLANE('',#7522);
#6923=PLANE('',#7526);
#6924=PLANE('',#7529);
#6925=PLANE('',#7532);
#6926=PLANE('',#7533);
#6927=PLANE('',#7539);
#6928=PLANE('',#7543);
#6929=PLANE('',#7547);
#6930=PLANE('',#7551);
#6931=PLANE('',#7554);
#6932=PLANE('',#7557);
#6933=PLANE('',#7559);
#6934=PLANE('',#7561);
#6935=PLANE('',#7570);
#6936=PLANE('',#7574);
#6937=PLANE('',#7577);
#6938=PLANE('',#7583);
#6939=PLANE('',#7587);
#6940=PLANE('',#7590);
#6941=PLANE('',#7599);
#6942=PLANE('',#7600);
#6943=PLANE('',#7603);
#6944=PLANE('',#7612);
#6945=PLANE('',#7613);
#6946=PLANE('',#7616);
#6947=PLANE('',#7625);
#6948=PLANE('',#7626);
#6949=PLANE('',#7629);
#6950=PLANE('',#7634);
#6951=PLANE('',#7637);
#6952=PLANE('',#7640);
#6953=PLANE('',#7643);
#6954=PLANE('',#7646);
#6955=PLANE('',#7650);
#6956=PLANE('',#7655);
#6957=PLANE('',#7660);
#6958=PLANE('',#7665);
#6959=PLANE('',#7670);
#6960=PLANE('',#7676);
#6961=PLANE('',#7682);
#6962=PLANE('',#7685);
#6963=PLANE('',#7698);
#6964=PLANE('',#7701);
#6965=PLANE('',#7706);
#6966=PLANE('',#7709);
#6967=PLANE('',#7712);
#6968=PLANE('',#7715);
#6969=PLANE('',#7719);
#6970=PLANE('',#7725);
#6971=PLANE('',#7728);
#6972=PLANE('',#7731);
#6973=PLANE('',#7734);
#6974=PLANE('',#7737);
#6975=PLANE('',#7738);
#6976=PLANE('',#7760);
#6977=PLANE('',#7763);
#6978=PLANE('',#7771);
#6979=PLANE('',#7772);
#6980=PLANE('',#7773);
#6981=PLANE('',#7775);
#6982=PLANE('',#7783);
#6983=PLANE('',#7784);
#6984=PLANE('',#7785);
#6985=PLANE('',#7788);
#6986=PLANE('',#7791);
#6987=PLANE('',#7792);
#6988=PLANE('',#7796);
#6989=PLANE('',#7802);
#6990=PLANE('',#7805);
#6991=PLANE('',#7818);
#6992=PLANE('',#7821);
#6993=PLANE('',#7824);
#6994=PLANE('',#7827);
#6995=PLANE('',#7830);
#6996=PLANE('',#7836);
#6997=PLANE('',#7844);
#6998=PLANE('',#7845);
#6999=PLANE('',#7848);
#7000=PLANE('',#7851);
#7001=PLANE('',#7854);
#7002=PLANE('',#7855);
#7003=PLANE('',#7866);
#7004=PLANE('',#7881);
#7005=PLANE('',#7889);
#7006=PLANE('',#7890);
#7007=PLANE('',#7891);
#7008=PLANE('',#7892);
#7009=PLANE('',#7894);
#7010=PLANE('',#7903);
#7011=PLANE('',#7904);
#7012=PLANE('',#7905);
#7013=PLANE('',#7908);
#7014=PLANE('',#7911);
#7015=PLANE('',#7912);
#7016=PLANE('',#7916);
#7017=PLANE('',#7922);
#7018=PLANE('',#7925);
#7019=PLANE('',#7938);
#7020=PLANE('',#7941);
#7021=PLANE('',#7946);
#7022=PLANE('',#7951);
#7023=PLANE('',#7954);
#7024=PLANE('',#7958);
#7025=PLANE('',#7964);
#7026=PLANE('',#7965);
#7027=PLANE('',#7968);
#7028=PLANE('',#7971);
#7029=PLANE('',#7972);
#7030=PLANE('',#7975);
#7031=PLANE('',#7986);
#7032=PLANE('',#8001);
#7033=PLANE('',#8009);
#7034=PLANE('',#8010);
#7035=PLANE('',#8011);
#7036=PLANE('',#8012);
#7037=PLANE('',#8014);
#7038=PLANE('',#8023);
#7039=PLANE('',#8024);
#7040=PLANE('',#8025);
#7041=PLANE('',#8028);
#7042=PLANE('',#8031);
#7043=PLANE('',#8032);
#7044=PLANE('',#8036);
#7045=PLANE('',#8042);
#7046=PLANE('',#8045);
#7047=PLANE('',#8058);
#7048=PLANE('',#8061);
#7049=PLANE('',#8066);
#7050=PLANE('',#8071);
#7051=PLANE('',#8074);
#7052=PLANE('',#8078);
#7053=PLANE('',#8084);
#7054=PLANE('',#8085);
#7055=PLANE('',#8088);
#7056=PLANE('',#8091);
#7057=PLANE('',#8094);
#7058=PLANE('',#8095);
#7059=PLANE('',#8106);
#7060=PLANE('',#8121);
#7061=PLANE('',#8122);
#7062=PLANE('',#8125);
#7063=PLANE('',#8132);
#7064=PLANE('',#8133);
#7065=PLANE('',#8134);
#7066=PLANE('',#8143);
#7067=PLANE('',#8144);
#7068=PLANE('',#8145);
#7069=PLANE('',#8148);
#7070=PLANE('',#8151);
#7071=PLANE('',#8152);
#7072=PLANE('',#8156);
#7073=PLANE('',#8162);
#7074=PLANE('',#8165);
#7075=PLANE('',#8178);
#7076=PLANE('',#8181);
#7077=PLANE('',#8190);
#7078=PLANE('',#8193);
#7079=PLANE('',#8195);
#7080=PLANE('',#8197);
#7081=PLANE('',#8204);
#7082=PLANE('',#8207);
#7083=PLANE('',#8208);
#7084=PLANE('',#8211);
#7085=PLANE('',#8214);
#7086=PLANE('',#8217);
#7087=PLANE('',#8220);
#7088=PLANE('',#8221);
#7089=PLANE('',#8242);
#7090=PLANE('',#8245);
#7091=PLANE('',#8252);
#7092=PLANE('',#8253);
#7093=PLANE('',#8254);
#7094=PLANE('',#8263);
#7095=PLANE('',#8264);
#7096=PLANE('',#8265);
#7097=PLANE('',#8268);
#7098=PLANE('',#8271);
#7099=PLANE('',#8272);
#7100=ADVANCED_FACE('',(#717),#6918,.T.);
#7101=ADVANCED_FACE('',(#718),#687,.F.);
#7102=ADVANCED_FACE('',(#719),#6919,.T.);
#7103=ADVANCED_FACE('',(#720),#688,.F.);
#7104=ADVANCED_FACE('',(#721),#6920,.T.);
#7105=ADVANCED_FACE('',(#722),#689,.F.);
#7106=ADVANCED_FACE('',(#723),#6921,.T.);
#7107=ADVANCED_FACE('',(#724),#690,.F.);
#7108=ADVANCED_FACE('',(#725),#6922,.T.);
#7109=ADVANCED_FACE('',(#726),#691,.F.);
#7110=ADVANCED_FACE('',(#727),#6923,.F.);
#7111=ADVANCED_FACE('',(#728),#192,.F.);
#7112=ADVANCED_FACE('',(#729),#6924,.F.);
#7113=ADVANCED_FACE('',(#730),#193,.F.);
#7114=ADVANCED_FACE('',(#731),#6925,.F.);
#7115=ADVANCED_FACE('',(#732,#165),#6926,.T.);
#7116=ADVANCED_FACE('',(#733),#6927,.T.);
#7117=ADVANCED_FACE('',(#734),#692,.F.);
#7118=ADVANCED_FACE('',(#735),#6928,.T.);
#7119=ADVANCED_FACE('',(#736),#693,.F.);
#7120=ADVANCED_FACE('',(#737),#6929,.T.);
#7121=ADVANCED_FACE('',(#738),#694,.F.);
#7122=ADVANCED_FACE('',(#739),#6930,.T.);
#7123=ADVANCED_FACE('',(#740),#695,.F.);
#7124=ADVANCED_FACE('',(#741),#6931,.T.);
#7125=ADVANCED_FACE('',(#742),#696,.F.);
#7126=ADVANCED_FACE('',(#743),#6932,.F.);
#7127=ADVANCED_FACE('',(#744),#194,.F.);
#7128=ADVANCED_FACE('',(#745),#6933,.F.);
#7129=ADVANCED_FACE('',(#746),#195,.F.);
#7130=ADVANCED_FACE('',(#747,#166),#6934,.F.);
#7131=ADVANCED_FACE('',(#748),#196,.T.);
#7132=ADVANCED_FACE('',(#749),#6935,.T.);
#7133=ADVANCED_FACE('',(#750),#197,.T.);
#7134=ADVANCED_FACE('',(#751,#167),#6936,.F.);
#7135=ADVANCED_FACE('',(#752,#168),#6937,.T.);
#7136=ADVANCED_FACE('',(#753),#198,.T.);
#7137=ADVANCED_FACE('',(#754),#6938,.T.);
#7138=ADVANCED_FACE('',(#755),#199,.T.);
#7139=ADVANCED_FACE('',(#756,#169),#6939,.F.);
#7140=ADVANCED_FACE('',(#757,#170),#6940,.T.);
#7141=ADVANCED_FACE('',(#758),#200,.T.);
#7142=ADVANCED_FACE('',(#759),#201,.T.);
#7143=ADVANCED_FACE('',(#760),#6941,.T.);
#7144=ADVANCED_FACE('',(#761,#171),#6942,.F.);
#7145=ADVANCED_FACE('',(#762,#172),#6943,.T.);
#7146=ADVANCED_FACE('',(#763),#202,.T.);
#7147=ADVANCED_FACE('',(#764),#203,.T.);
#7148=ADVANCED_FACE('',(#765),#6944,.T.);
#7149=ADVANCED_FACE('',(#766,#173),#6945,.F.);
#7150=ADVANCED_FACE('',(#767,#174),#6946,.T.);
#7151=ADVANCED_FACE('',(#768),#204,.T.);
#7152=ADVANCED_FACE('',(#769),#205,.T.);
#7153=ADVANCED_FACE('',(#770),#6947,.T.);
#7154=ADVANCED_FACE('',(#771,#175),#6948,.F.);
#7155=ADVANCED_FACE('',(#772,#176),#6949,.T.);
#7156=ADVANCED_FACE('',(#773),#206,.F.);
#7157=ADVANCED_FACE('',(#774),#207,.F.);
#7158=ADVANCED_FACE('',(#775),#6950,.F.);
#7159=ADVANCED_FACE('',(#776),#208,.F.);
#7160=ADVANCED_FACE('',(#777),#6951,.F.);
#7161=ADVANCED_FACE('',(#778),#209,.F.);
#7162=ADVANCED_FACE('',(#779),#6952,.F.);
#7163=ADVANCED_FACE('',(#780),#210,.F.);
#7164=ADVANCED_FACE('',(#781),#6953,.F.);
#7165=ADVANCED_FACE('',(#782),#211,.F.);
#7166=ADVANCED_FACE('',(#783),#6954,.F.);
#7167=ADVANCED_FACE('',(#784),#212,.T.);
#7168=ADVANCED_FACE('',(#785),#6955,.T.);
#7169=ADVANCED_FACE('',(#786),#213,.T.);
#7170=ADVANCED_FACE('',(#787),#214,.T.);
#7171=ADVANCED_FACE('',(#788),#215,.T.);
#7172=ADVANCED_FACE('',(#789),#6956,.T.);
#7173=ADVANCED_FACE('',(#790),#216,.T.);
#7174=ADVANCED_FACE('',(#791),#217,.T.);
#7175=ADVANCED_FACE('',(#792),#218,.T.);
#7176=ADVANCED_FACE('',(#793),#6957,.T.);
#7177=ADVANCED_FACE('',(#794),#219,.T.);
#7178=ADVANCED_FACE('',(#795),#220,.T.);
#7179=ADVANCED_FACE('',(#796),#221,.T.);
#7180=ADVANCED_FACE('',(#797),#6958,.T.);
#7181=ADVANCED_FACE('',(#798),#222,.T.);
#7182=ADVANCED_FACE('',(#799),#223,.T.);
#7183=ADVANCED_FACE('',(#800),#224,.T.);
#7184=ADVANCED_FACE('',(#801),#6959,.T.);
#7185=ADVANCED_FACE('',(#802),#225,.T.);
#7186=ADVANCED_FACE('',(#803),#226,.T.);
#7187=ADVANCED_FACE('',(#804),#697,.T.);
#7188=ADVANCED_FACE('',(#805),#6960,.T.);
#7189=ADVANCED_FACE('',(#806),#73,.T.);
#7190=ADVANCED_FACE('',(#807),#698,.T.);
#7191=ADVANCED_FACE('',(#808),#74,.T.);
#7192=ADVANCED_FACE('',(#809),#227,.T.);
#7193=ADVANCED_FACE('',(#810),#6961,.T.);
#7194=ADVANCED_FACE('',(#811),#228,.T.);
#7195=ADVANCED_FACE('',(#812),#6962,.T.);
#7196=ADVANCED_FACE('',(#813),#229,.F.);
#7197=ADVANCED_FACE('',(#814),#6963,.F.);
#7198=ADVANCED_FACE('',(#815),#230,.F.);
#7199=ADVANCED_FACE('',(#816),#6964,.F.);
#7200=ADVANCED_FACE('',(#817),#231,.T.);
#7201=ADVANCED_FACE('',(#818),#232,.F.);
#7202=ADVANCED_FACE('',(#819),#6965,.F.);
#7203=ADVANCED_FACE('',(#820),#233,.T.);
#7204=ADVANCED_FACE('',(#821),#6966,.F.);
#7205=ADVANCED_FACE('',(#822),#234,.F.);
#7206=ADVANCED_FACE('',(#823),#6967,.F.);
#7207=ADVANCED_FACE('',(#824),#235,.F.);
#7208=ADVANCED_FACE('',(#825),#6968,.F.);
#7209=ADVANCED_FACE('',(#826),#236,.F.);
#7210=ADVANCED_FACE('',(#827),#6969,.F.);
#7211=ADVANCED_FACE('',(#828),#237,.F.);
#7212=ADVANCED_FACE('',(#829),#238,.F.);
#7213=ADVANCED_FACE('',(#830),#6970,.F.);
#7214=ADVANCED_FACE('',(#831),#6971,.F.);
#7215=ADVANCED_FACE('',(#832),#6972,.F.);
#7216=ADVANCED_FACE('',(#833),#6973,.F.);
#7217=ADVANCED_FACE('',(#834),#6974,.F.);
#7218=ADVANCED_FACE('',(#835),#6975,.T.);
#7219=ADVANCED_FACE('',(#836),#239,.T.);
#7220=ADVANCED_FACE('',(#837),#13,.T.);
#7221=ADVANCED_FACE('',(#838),#240,.T.);
#7222=ADVANCED_FACE('',(#839),#14,.T.);
#7223=ADVANCED_FACE('',(#840),#241,.T.);
#7224=ADVANCED_FACE('',(#841),#242,.T.);
#7225=ADVANCED_FACE('',(#842),#15,.T.);
#7226=ADVANCED_FACE('',(#843),#243,.T.);
#7227=ADVANCED_FACE('',(#844),#6976,.T.);
#7228=ADVANCED_FACE('',(#845),#244,.T.);
#7229=ADVANCED_FACE('',(#846),#6977,.T.);
#7230=ADVANCED_FACE('',(#847),#245,.T.);
#7231=ADVANCED_FACE('',(#848),#16,.T.);
#7232=ADVANCED_FACE('',(#849),#246,.T.);
#7233=ADVANCED_FACE('',(#850),#6978,.T.);
#7234=ADVANCED_FACE('',(#851),#6979,.T.);
#7235=ADVANCED_FACE('',(#852),#6980,.F.);
#7236=ADVANCED_FACE('',(#853,#177),#6981,.T.);
#7237=ADVANCED_FACE('',(#854),#247,.F.);
#7238=ADVANCED_FACE('',(#855),#248,.T.);
#7239=ADVANCED_FACE('',(#856,#178),#6982,.T.);
#7240=ADVANCED_FACE('',(#857,#179),#6983,.F.);
#7241=ADVANCED_FACE('',(#858),#6984,.T.);
#7242=ADVANCED_FACE('',(#859),#699,.T.);
#7243=ADVANCED_FACE('',(#860),#6985,.T.);
#7244=ADVANCED_FACE('',(#861),#700,.T.);
#7245=ADVANCED_FACE('',(#862),#6986,.T.);
#7246=ADVANCED_FACE('',(#863),#6987,.T.);
#7247=ADVANCED_FACE('',(#864),#701,.T.);
#7248=ADVANCED_FACE('',(#865),#6988,.T.);
#7249=ADVANCED_FACE('',(#866),#75,.T.);
#7250=ADVANCED_FACE('',(#867),#702,.T.);
#7251=ADVANCED_FACE('',(#868),#76,.T.);
#7252=ADVANCED_FACE('',(#869),#249,.T.);
#7253=ADVANCED_FACE('',(#870),#6989,.T.);
#7254=ADVANCED_FACE('',(#871),#250,.T.);
#7255=ADVANCED_FACE('',(#872),#6990,.T.);
#7256=ADVANCED_FACE('',(#873),#251,.F.);
#7257=ADVANCED_FACE('',(#874),#6991,.F.);
#7258=ADVANCED_FACE('',(#875),#252,.T.);
#7259=ADVANCED_FACE('',(#876),#6992,.F.);
#7260=ADVANCED_FACE('',(#877),#253,.F.);
#7261=ADVANCED_FACE('',(#878),#6993,.F.);
#7262=ADVANCED_FACE('',(#879),#254,.T.);
#7263=ADVANCED_FACE('',(#880),#6994,.F.);
#7264=ADVANCED_FACE('',(#881),#255,.F.);
#7265=ADVANCED_FACE('',(#882),#6995,.F.);
#7266=ADVANCED_FACE('',(#883),#256,.F.);
#7267=ADVANCED_FACE('',(#884),#257,.F.);
#7268=ADVANCED_FACE('',(#885),#6996,.F.);
#7269=ADVANCED_FACE('',(#886),#258,.F.);
#7270=ADVANCED_FACE('',(#887),#259,.F.);
#7271=ADVANCED_FACE('',(#888),#260,.F.);
#7272=ADVANCED_FACE('',(#889),#6997,.F.);
#7273=ADVANCED_FACE('',(#890),#6998,.F.);
#7274=ADVANCED_FACE('',(#891),#6999,.F.);
#7275=ADVANCED_FACE('',(#892),#7000,.F.);
#7276=ADVANCED_FACE('',(#893),#7001,.F.);
#7277=ADVANCED_FACE('',(#894),#7002,.F.);
#7278=ADVANCED_FACE('',(#895),#261,.T.);
#7279=ADVANCED_FACE('',(#896),#17,.T.);
#7280=ADVANCED_FACE('',(#897),#262,.T.);
#7281=ADVANCED_FACE('',(#898),#7003,.T.);
#7282=ADVANCED_FACE('',(#899),#263,.T.);
#7283=ADVANCED_FACE('',(#900),#18,.T.);
#7284=ADVANCED_FACE('',(#901),#264,.T.);
#7285=ADVANCED_FACE('',(#902),#19,.T.);
#7286=ADVANCED_FACE('',(#903),#265,.T.);
#7287=ADVANCED_FACE('',(#904),#7004,.T.);
#7288=ADVANCED_FACE('',(#905),#266,.T.);
#7289=ADVANCED_FACE('',(#906),#20,.T.);
#7290=ADVANCED_FACE('',(#907),#267,.T.);
#7291=ADVANCED_FACE('',(#908,#180),#7005,.T.);
#7292=ADVANCED_FACE('',(#909),#7006,.T.);
#7293=ADVANCED_FACE('',(#910),#7007,.T.);
#7294=ADVANCED_FACE('',(#911),#7008,.T.);
#7295=ADVANCED_FACE('',(#912),#268,.T.);
#7296=ADVANCED_FACE('',(#913),#7009,.F.);
#7297=ADVANCED_FACE('',(#914),#269,.F.);
#7298=ADVANCED_FACE('',(#915),#270,.T.);
#7299=ADVANCED_FACE('',(#916,#181),#7010,.T.);
#7300=ADVANCED_FACE('',(#917,#182),#7011,.F.);
#7301=ADVANCED_FACE('',(#918),#7012,.T.);
#7302=ADVANCED_FACE('',(#919),#703,.T.);
#7303=ADVANCED_FACE('',(#920),#7013,.T.);
#7304=ADVANCED_FACE('',(#921),#704,.T.);
#7305=ADVANCED_FACE('',(#922),#7014,.T.);
#7306=ADVANCED_FACE('',(#923),#7015,.T.);
#7307=ADVANCED_FACE('',(#924),#705,.T.);
#7308=ADVANCED_FACE('',(#925),#7016,.T.);
#7309=ADVANCED_FACE('',(#926),#77,.T.);
#7310=ADVANCED_FACE('',(#927),#706,.T.);
#7311=ADVANCED_FACE('',(#928),#78,.T.);
#7312=ADVANCED_FACE('',(#929),#271,.T.);
#7313=ADVANCED_FACE('',(#930),#7017,.T.);
#7314=ADVANCED_FACE('',(#931),#272,.T.);
#7315=ADVANCED_FACE('',(#932),#7018,.T.);
#7316=ADVANCED_FACE('',(#933),#273,.F.);
#7317=ADVANCED_FACE('',(#934),#7019,.F.);
#7318=ADVANCED_FACE('',(#935),#274,.F.);
#7319=ADVANCED_FACE('',(#936),#7020,.F.);
#7320=ADVANCED_FACE('',(#937),#275,.T.);
#7321=ADVANCED_FACE('',(#938),#276,.F.);
#7322=ADVANCED_FACE('',(#939),#7021,.F.);
#7323=ADVANCED_FACE('',(#940),#277,.T.);
#7324=ADVANCED_FACE('',(#941),#278,.F.);
#7325=ADVANCED_FACE('',(#942),#7022,.F.);
#7326=ADVANCED_FACE('',(#943),#279,.F.);
#7327=ADVANCED_FACE('',(#944),#7023,.F.);
#7328=ADVANCED_FACE('',(#945),#280,.F.);
#7329=ADVANCED_FACE('',(#946),#7024,.F.);
#7330=ADVANCED_FACE('',(#947),#281,.F.);
#7331=ADVANCED_FACE('',(#948),#282,.F.);
#7332=ADVANCED_FACE('',(#949),#7025,.F.);
#7333=ADVANCED_FACE('',(#950),#7026,.F.);
#7334=ADVANCED_FACE('',(#951),#7027,.F.);
#7335=ADVANCED_FACE('',(#952),#7028,.F.);
#7336=ADVANCED_FACE('',(#953),#7029,.F.);
#7337=ADVANCED_FACE('',(#954),#7030,.F.);
#7338=ADVANCED_FACE('',(#955),#283,.T.);
#7339=ADVANCED_FACE('',(#956),#21,.T.);
#7340=ADVANCED_FACE('',(#957),#284,.T.);
#7341=ADVANCED_FACE('',(#958),#7031,.T.);
#7342=ADVANCED_FACE('',(#959),#285,.T.);
#7343=ADVANCED_FACE('',(#960),#22,.T.);
#7344=ADVANCED_FACE('',(#961),#286,.T.);
#7345=ADVANCED_FACE('',(#962),#23,.T.);
#7346=ADVANCED_FACE('',(#963),#287,.T.);
#7347=ADVANCED_FACE('',(#964),#7032,.T.);
#7348=ADVANCED_FACE('',(#965),#288,.T.);
#7349=ADVANCED_FACE('',(#966),#24,.T.);
#7350=ADVANCED_FACE('',(#967),#289,.T.);
#7351=ADVANCED_FACE('',(#968,#183),#7033,.T.);
#7352=ADVANCED_FACE('',(#969),#7034,.T.);
#7353=ADVANCED_FACE('',(#970),#7035,.T.);
#7354=ADVANCED_FACE('',(#971),#7036,.T.);
#7355=ADVANCED_FACE('',(#972),#290,.T.);
#7356=ADVANCED_FACE('',(#973),#7037,.F.);
#7357=ADVANCED_FACE('',(#974),#291,.F.);
#7358=ADVANCED_FACE('',(#975),#292,.T.);
#7359=ADVANCED_FACE('',(#976,#184),#7038,.T.);
#7360=ADVANCED_FACE('',(#977,#185),#7039,.F.);
#7361=ADVANCED_FACE('',(#978),#7040,.T.);
#7362=ADVANCED_FACE('',(#979),#707,.T.);
#7363=ADVANCED_FACE('',(#980),#7041,.T.);
#7364=ADVANCED_FACE('',(#981),#708,.T.);
#7365=ADVANCED_FACE('',(#982),#7042,.T.);
#7366=ADVANCED_FACE('',(#983),#7043,.T.);
#7367=ADVANCED_FACE('',(#984),#709,.T.);
#7368=ADVANCED_FACE('',(#985),#7044,.T.);
#7369=ADVANCED_FACE('',(#986),#79,.T.);
#7370=ADVANCED_FACE('',(#987),#710,.T.);
#7371=ADVANCED_FACE('',(#988),#80,.T.);
#7372=ADVANCED_FACE('',(#989),#293,.T.);
#7373=ADVANCED_FACE('',(#990),#7045,.T.);
#7374=ADVANCED_FACE('',(#991),#294,.T.);
#7375=ADVANCED_FACE('',(#992),#7046,.T.);
#7376=ADVANCED_FACE('',(#993),#295,.F.);
#7377=ADVANCED_FACE('',(#994),#7047,.F.);
#7378=ADVANCED_FACE('',(#995),#296,.F.);
#7379=ADVANCED_FACE('',(#996),#7048,.F.);
#7380=ADVANCED_FACE('',(#997),#297,.T.);
#7381=ADVANCED_FACE('',(#998),#298,.F.);
#7382=ADVANCED_FACE('',(#999),#7049,.F.);
#7383=ADVANCED_FACE('',(#1000),#299,.T.);
#7384=ADVANCED_FACE('',(#1001),#300,.F.);
#7385=ADVANCED_FACE('',(#1002),#7050,.F.);
#7386=ADVANCED_FACE('',(#1003),#301,.F.);
#7387=ADVANCED_FACE('',(#1004),#7051,.F.);
#7388=ADVANCED_FACE('',(#1005),#302,.F.);
#7389=ADVANCED_FACE('',(#1006),#7052,.F.);
#7390=ADVANCED_FACE('',(#1007),#303,.F.);
#7391=ADVANCED_FACE('',(#1008),#304,.F.);
#7392=ADVANCED_FACE('',(#1009),#7053,.F.);
#7393=ADVANCED_FACE('',(#1010),#7054,.F.);
#7394=ADVANCED_FACE('',(#1011),#7055,.F.);
#7395=ADVANCED_FACE('',(#1012),#7056,.F.);
#7396=ADVANCED_FACE('',(#1013),#7057,.F.);
#7397=ADVANCED_FACE('',(#1014),#7058,.F.);
#7398=ADVANCED_FACE('',(#1015),#305,.T.);
#7399=ADVANCED_FACE('',(#1016),#25,.T.);
#7400=ADVANCED_FACE('',(#1017),#306,.T.);
#7401=ADVANCED_FACE('',(#1018),#7059,.T.);
#7402=ADVANCED_FACE('',(#1019),#307,.T.);
#7403=ADVANCED_FACE('',(#1020),#26,.T.);
#7404=ADVANCED_FACE('',(#1021),#308,.T.);
#7405=ADVANCED_FACE('',(#1022),#27,.T.);
#7406=ADVANCED_FACE('',(#1023),#309,.T.);
#7407=ADVANCED_FACE('',(#1024),#7060,.T.);
#7408=ADVANCED_FACE('',(#1025),#7061,.T.);
#7409=ADVANCED_FACE('',(#1026),#310,.T.);
#7410=ADVANCED_FACE('',(#1027),#7062,.T.);
#7411=ADVANCED_FACE('',(#1028),#311,.T.);
#7412=ADVANCED_FACE('',(#1029),#28,.T.);
#7413=ADVANCED_FACE('',(#1030),#312,.T.);
#7414=ADVANCED_FACE('',(#1031),#7063,.T.);
#7415=ADVANCED_FACE('',(#1032,#186),#7064,.T.);
#7416=ADVANCED_FACE('',(#1033),#7065,.F.);
#7417=ADVANCED_FACE('',(#1034),#313,.F.);
#7418=ADVANCED_FACE('',(#1035),#314,.T.);
#7419=ADVANCED_FACE('',(#1036,#187),#7066,.T.);
#7420=ADVANCED_FACE('',(#1037,#188),#7067,.F.);
#7421=ADVANCED_FACE('',(#1038),#7068,.T.);
#7422=ADVANCED_FACE('',(#1039),#711,.T.);
#7423=ADVANCED_FACE('',(#1040),#7069,.T.);
#7424=ADVANCED_FACE('',(#1041),#712,.T.);
#7425=ADVANCED_FACE('',(#1042),#7070,.T.);
#7426=ADVANCED_FACE('',(#1043),#7071,.T.);
#7427=ADVANCED_FACE('',(#1044),#713,.T.);
#7428=ADVANCED_FACE('',(#1045),#7072,.T.);
#7429=ADVANCED_FACE('',(#1046),#81,.T.);
#7430=ADVANCED_FACE('',(#1047),#714,.T.);
#7431=ADVANCED_FACE('',(#1048),#82,.T.);
#7432=ADVANCED_FACE('',(#1049),#315,.T.);
#7433=ADVANCED_FACE('',(#1050),#7073,.T.);
#7434=ADVANCED_FACE('',(#1051),#316,.T.);
#7435=ADVANCED_FACE('',(#1052),#7074,.T.);
#7436=ADVANCED_FACE('',(#1053),#317,.F.);
#7437=ADVANCED_FACE('',(#1054),#7075,.F.);
#7438=ADVANCED_FACE('',(#1055),#318,.T.);
#7439=ADVANCED_FACE('',(#1056,#189),#7076,.T.);
#7440=ADVANCED_FACE('',(#1057),#7077,.F.);
#7441=ADVANCED_FACE('',(#1058),#319,.F.);
#7442=ADVANCED_FACE('',(#1059),#320,.F.);
#7443=ADVANCED_FACE('',(#1060),#7078,.F.);
#7444=ADVANCED_FACE('',(#1061),#321,.T.);
#7445=ADVANCED_FACE('',(#1062),#7079,.F.);
#7446=ADVANCED_FACE('',(#1063),#322,.F.);
#7447=ADVANCED_FACE('',(#1064),#7080,.F.);
#7448=ADVANCED_FACE('',(#1065),#323,.F.);
#7449=ADVANCED_FACE('',(#1066),#324,.F.);
#7450=ADVANCED_FACE('',(#1067),#325,.F.);
#7451=ADVANCED_FACE('',(#1068),#7081,.F.);
#7452=ADVANCED_FACE('',(#1069),#326,.F.);
#7453=ADVANCED_FACE('',(#1070),#7082,.F.);
#7454=ADVANCED_FACE('',(#1071),#7083,.F.);
#7455=ADVANCED_FACE('',(#1072),#7084,.F.);
#7456=ADVANCED_FACE('',(#1073),#7085,.F.);
#7457=ADVANCED_FACE('',(#1074),#7086,.F.);
#7458=ADVANCED_FACE('',(#1075),#7087,.F.);
#7459=ADVANCED_FACE('',(#1076),#7088,.T.);
#7460=ADVANCED_FACE('',(#1077),#327,.T.);
#7461=ADVANCED_FACE('',(#1078),#29,.T.);
#7462=ADVANCED_FACE('',(#1079),#328,.T.);
#7463=ADVANCED_FACE('',(#1080),#30,.T.);
#7464=ADVANCED_FACE('',(#1081),#329,.T.);
#7465=ADVANCED_FACE('',(#1082),#330,.T.);
#7466=ADVANCED_FACE('',(#1083),#31,.T.);
#7467=ADVANCED_FACE('',(#1084),#331,.T.);
#7468=ADVANCED_FACE('',(#1085),#7089,.T.);
#7469=ADVANCED_FACE('',(#1086),#332,.T.);
#7470=ADVANCED_FACE('',(#1087),#7090,.T.);
#7471=ADVANCED_FACE('',(#1088),#333,.T.);
#7472=ADVANCED_FACE('',(#1089),#32,.T.);
#7473=ADVANCED_FACE('',(#1090),#334,.T.);
#7474=ADVANCED_FACE('',(#1091),#7091,.T.);
#7475=ADVANCED_FACE('',(#1092),#7092,.T.);
#7476=ADVANCED_FACE('',(#1093),#7093,.F.);
#7477=ADVANCED_FACE('',(#1094),#335,.F.);
#7478=ADVANCED_FACE('',(#1095),#336,.T.);
#7479=ADVANCED_FACE('',(#1096,#190),#7094,.T.);
#7480=ADVANCED_FACE('',(#1097,#191),#7095,.F.);
#7481=ADVANCED_FACE('',(#1098),#7096,.T.);
#7482=ADVANCED_FACE('',(#1099),#715,.T.);
#7483=ADVANCED_FACE('',(#1100),#7097,.T.);
#7484=ADVANCED_FACE('',(#1101),#716,.T.);
#7485=ADVANCED_FACE('',(#1102),#7098,.T.);
#7486=ADVANCED_FACE('',(#1103),#7099,.T.);
#7487=CLOSED_SHELL('',(#7100,#7101,#7102,#7103,#7104,#7105,#7106,#7107,
#7108,#7109,#7110,#7111,#7112,#7113,#7114,#7115,#7116,#7117,#7118,#7119,
#7120,#7121,#7122,#7123,#7124,#7125,#7126,#7127,#7128,#7129,#7130,#7131,
#7132,#7133,#7134,#7135,#7136,#7137,#7138,#7139,#7140,#7141,#7142,#7143,
#7144,#7145,#7146,#7147,#7148,#7149,#7150,#7151,#7152,#7153,#7154,#7155,
#7156,#7157,#7158,#7159,#7160,#7161,#7162,#7163,#7164,#7165,#7166,#7167,
#7168,#7169,#7170,#7171,#7172,#7173,#7174,#7175,#7176,#7177,#7178,#7179,
#7180,#7181,#7182,#7183,#7184,#7185,#7186));
#7488=CLOSED_SHELL('',(#7187,#7188,#7189,#7190,#7191,#7192,#7193,#7194,
#7195,#7196,#7197,#7198,#7199,#7200,#7201,#7202,#7203,#7204,#7205,#7206,
#7207,#7208,#7209,#7210,#7211,#7212,#7213,#7214,#7215,#7216,#7217,#7218,
#7219,#7220,#7221,#7222,#7223,#7224,#7225,#7226,#7227,#7228,#7229,#7230,
#7231,#7232,#7233,#7234,#7235,#7236,#7237,#7238,#7239,#7240,#7241,#7242,
#7243,#7244,#7245,#7246));
#7489=CLOSED_SHELL('',(#7247,#7248,#7249,#7250,#7251,#7252,#7253,#7254,
#7255,#7256,#7257,#7258,#7259,#7260,#7261,#7262,#7263,#7264,#7265,#7266,
#7267,#7268,#7269,#7270,#7271,#7272,#7273,#7274,#7275,#7276,#7277,#7278,
#7279,#7280,#7281,#7282,#7283,#7284,#7285,#7286,#7287,#7288,#7289,#7290,
#7291,#7292,#7293,#7294,#7295,#7296,#7297,#7298,#7299,#7300,#7301,#7302,
#7303,#7304,#7305,#7306));
#7490=CLOSED_SHELL('',(#7307,#7308,#7309,#7310,#7311,#7312,#7313,#7314,
#7315,#7316,#7317,#7318,#7319,#7320,#7321,#7322,#7323,#7324,#7325,#7326,
#7327,#7328,#7329,#7330,#7331,#7332,#7333,#7334,#7335,#7336,#7337,#7338,
#7339,#7340,#7341,#7342,#7343,#7344,#7345,#7346,#7347,#7348,#7349,#7350,
#7351,#7352,#7353,#7354,#7355,#7356,#7357,#7358,#7359,#7360,#7361,#7362,
#7363,#7364,#7365,#7366));
#7491=CLOSED_SHELL('',(#7367,#7368,#7369,#7370,#7371,#7372,#7373,#7374,
#7375,#7376,#7377,#7378,#7379,#7380,#7381,#7382,#7383,#7384,#7385,#7386,
#7387,#7388,#7389,#7390,#7391,#7392,#7393,#7394,#7395,#7396,#7397,#7398,
#7399,#7400,#7401,#7402,#7403,#7404,#7405,#7406,#7407,#7408,#7409,#7410,
#7411,#7412,#7413,#7414,#7415,#7416,#7417,#7418,#7419,#7420,#7421,#7422,
#7423,#7424,#7425,#7426));
#7492=CLOSED_SHELL('',(#7427,#7428,#7429,#7430,#7431,#7432,#7433,#7434,
#7435,#7436,#7437,#7438,#7439,#7440,#7441,#7442,#7443,#7444,#7445,#7446,
#7447,#7448,#7449,#7450,#7451,#7452,#7453,#7454,#7455,#7456,#7457,#7458,
#7459,#7460,#7461,#7462,#7463,#7464,#7465,#7466,#7467,#7468,#7469,#7470,
#7471,#7472,#7473,#7474,#7475,#7476,#7477,#7478,#7479,#7480,#7481,#7482,
#7483,#7484,#7485,#7486));
#7493=DERIVED_UNIT_ELEMENT(#7495,1.);
#7494=DERIVED_UNIT_ELEMENT(#13132,-3.);
#7495=(
MASS_UNIT()
NAMED_UNIT(*)
SI_UNIT(.KILO.,.GRAM.)
);
#7496=DERIVED_UNIT((#7493,#7494));
#7497=MEASURE_REPRESENTATION_ITEM('density measure',
POSITIVE_RATIO_MEASURE(7850.),#7496);
#7498=PROPERTY_DEFINITION_REPRESENTATION(#7503,#7500);
#7499=PROPERTY_DEFINITION_REPRESENTATION(#7504,#7501);
#7500=REPRESENTATION('material name',(#7502),#13129);
#7501=REPRESENTATION('density',(#7497),#13129);
#7502=DESCRIPTIVE_REPRESENTATION_ITEM('Steel','Steel');
#7503=PROPERTY_DEFINITION('material property','material name',#13139);
#7504=PROPERTY_DEFINITION('material property','density of part',#13139);
#7505=AXIS2_PLACEMENT_3D('',#10469,#8273,#8274);
#7506=AXIS2_PLACEMENT_3D('',#10470,#8275,#8276);
#7507=AXIS2_PLACEMENT_3D('',#10479,#8281,#8282);
#7508=AXIS2_PLACEMENT_3D('',#10481,#8283,#8284);
#7509=AXIS2_PLACEMENT_3D('',#10484,#8286,#8287);
#7510=AXIS2_PLACEMENT_3D('',#10485,#8288,#8289);
#7511=AXIS2_PLACEMENT_3D('',#10491,#8293,#8294);
#7512=AXIS2_PLACEMENT_3D('',#10493,#8295,#8296);
#7513=AXIS2_PLACEMENT_3D('',#10496,#8298,#8299);
#7514=AXIS2_PLACEMENT_3D('',#10497,#8300,#8301);
#7515=AXIS2_PLACEMENT_3D('',#10503,#8305,#8306);
#7516=AXIS2_PLACEMENT_3D('',#10505,#8307,#8308);
#7517=AXIS2_PLACEMENT_3D('',#10508,#8310,#8311);
#7518=AXIS2_PLACEMENT_3D('',#10509,#8312,#8313);
#7519=AXIS2_PLACEMENT_3D('',#10515,#8317,#8318);
#7520=AXIS2_PLACEMENT_3D('',#10517,#8319,#8320);
#7521=AXIS2_PLACEMENT_3D('',#10520,#8322,#8323);
#7522=AXIS2_PLACEMENT_3D('',#10521,#8324,#8325);
#7523=AXIS2_PLACEMENT_3D('',#10527,#8329,#8330);
#7524=AXIS2_PLACEMENT_3D('',#10528,#8331,#8332);
#7525=AXIS2_PLACEMENT_3D('',#10529,#8333,#8334);
#7526=AXIS2_PLACEMENT_3D('',#10530,#8335,#8336);
#7527=AXIS2_PLACEMENT_3D('',#10536,#8340,#8341);
#7528=AXIS2_PLACEMENT_3D('',#10539,#8343,#8344);
#7529=AXIS2_PLACEMENT_3D('',#10540,#8345,#8346);
#7530=AXIS2_PLACEMENT_3D('',#10544,#8349,#8350);
#7531=AXIS2_PLACEMENT_3D('',#10547,#8352,#8353);
#7532=AXIS2_PLACEMENT_3D('',#10548,#8354,#8355);
#7533=AXIS2_PLACEMENT_3D('',#10552,#8358,#8359);
#7534=AXIS2_PLACEMENT_3D('',#10563,#8364,#8365);
#7535=AXIS2_PLACEMENT_3D('',#10575,#8371,#8372);
#7536=AXIS2_PLACEMENT_3D('',#10587,#8378,#8379);
#7537=AXIS2_PLACEMENT_3D('',#10599,#8385,#8386);
#7538=AXIS2_PLACEMENT_3D('',#10611,#8392,#8393);
#7539=AXIS2_PLACEMENT_3D('',#10613,#8395,#8396);
#7540=AXIS2_PLACEMENT_3D('',#10619,#8400,#8401);
#7541=AXIS2_PLACEMENT_3D('',#10621,#8402,#8403);
#7542=AXIS2_PLACEMENT_3D('',#10624,#8405,#8406);
#7543=AXIS2_PLACEMENT_3D('',#10625,#8407,#8408);
#7544=AXIS2_PLACEMENT_3D('',#10631,#8412,#8413);
#7545=AXIS2_PLACEMENT_3D('',#10633,#8414,#8415);
#7546=AXIS2_PLACEMENT_3D('',#10636,#8417,#8418);
#7547=AXIS2_PLACEMENT_3D('',#10637,#8419,#8420);
#7548=AXIS2_PLACEMENT_3D('',#10643,#8424,#8425);
#7549=AXIS2_PLACEMENT_3D('',#10644,#8426,#8427);
#7550=AXIS2_PLACEMENT_3D('',#10647,#8429,#8430);
#7551=AXIS2_PLACEMENT_3D('',#10648,#8431,#8432);
#7552=AXIS2_PLACEMENT_3D('',#10652,#8435,#8436);
#7553=AXIS2_PLACEMENT_3D('',#10655,#8438,#8439);
#7554=AXIS2_PLACEMENT_3D('',#10656,#8440,#8441);
#7555=AXIS2_PLACEMENT_3D('',#10660,#8444,#8445);
#7556=AXIS2_PLACEMENT_3D('',#10661,#8446,#8447);
#7557=AXIS2_PLACEMENT_3D('',#10662,#8448,#8449);
#7558=AXIS2_PLACEMENT_3D('',#10665,#8452,#8453);
#7559=AXIS2_PLACEMENT_3D('',#10667,#8455,#8456);
#7560=AXIS2_PLACEMENT_3D('',#10669,#8458,#8459);
#7561=AXIS2_PLACEMENT_3D('',#10670,#8460,#8461);
#7562=AXIS2_PLACEMENT_3D('',#10677,#8464,#8465);
#7563=AXIS2_PLACEMENT_3D('',#10689,#8471,#8472);
#7564=AXIS2_PLACEMENT_3D('',#10701,#8478,#8479);
#7565=AXIS2_PLACEMENT_3D('',#10713,#8485,#8486);
#7566=AXIS2_PLACEMENT_3D('',#10725,#8492,#8493);
#7567=AXIS2_PLACEMENT_3D('',#10731,#8497,#8498);
#7568=AXIS2_PLACEMENT_3D('',#10733,#8499,#8500);
#7569=AXIS2_PLACEMENT_3D('',#10736,#8502,#8503);
#7570=AXIS2_PLACEMENT_3D('',#10737,#8504,#8505);
#7571=AXIS2_PLACEMENT_3D('',#10743,#8509,#8510);
#7572=AXIS2_PLACEMENT_3D('',#10744,#8511,#8512);
#7573=AXIS2_PLACEMENT_3D('',#10745,#8513,#8514);
#7574=AXIS2_PLACEMENT_3D('',#10746,#8515,#8516);
#7575=AXIS2_PLACEMENT_3D('',#10747,#8517,#8518);
#7576=AXIS2_PLACEMENT_3D('',#10749,#8519,#8520);
#7577=AXIS2_PLACEMENT_3D('',#10750,#8521,#8522);
#7578=AXIS2_PLACEMENT_3D('',#10751,#8523,#8524);
#7579=AXIS2_PLACEMENT_3D('',#10753,#8525,#8526);
#7580=AXIS2_PLACEMENT_3D('',#10754,#8527,#8528);
#7581=AXIS2_PLACEMENT_3D('',#10756,#8529,#8530);
#7582=AXIS2_PLACEMENT_3D('',#10759,#8532,#8533);
#7583=AXIS2_PLACEMENT_3D('',#10760,#8534,#8535);
#7584=AXIS2_PLACEMENT_3D('',#10766,#8539,#8540);
#7585=AXIS2_PLACEMENT_3D('',#10767,#8541,#8542);
#7586=AXIS2_PLACEMENT_3D('',#10768,#8543,#8544);
#7587=AXIS2_PLACEMENT_3D('',#10769,#8545,#8546);
#7588=AXIS2_PLACEMENT_3D('',#10770,#8547,#8548);
#7589=AXIS2_PLACEMENT_3D('',#10772,#8549,#8550);
#7590=AXIS2_PLACEMENT_3D('',#10773,#8551,#8552);
#7591=AXIS2_PLACEMENT_3D('',#10774,#8553,#8554);
#7592=AXIS2_PLACEMENT_3D('',#10776,#8555,#8556);
#7593=AXIS2_PLACEMENT_3D('',#10777,#8557,#8558);
#7594=AXIS2_PLACEMENT_3D('',#10779,#8559,#8560);
#7595=AXIS2_PLACEMENT_3D('',#10781,#8561,#8562);
#7596=AXIS2_PLACEMENT_3D('',#10783,#8564,#8565);
#7597=AXIS2_PLACEMENT_3D('',#10785,#8566,#8567);
#7598=AXIS2_PLACEMENT_3D('',#10788,#8569,#8570);
#7599=AXIS2_PLACEMENT_3D('',#10789,#8571,#8572);
#7600=AXIS2_PLACEMENT_3D('',#10792,#8575,#8576);
#7601=AXIS2_PLACEMENT_3D('',#10793,#8577,#8578);
#7602=AXIS2_PLACEMENT_3D('',#10795,#8579,#8580);
#7603=AXIS2_PLACEMENT_3D('',#10796,#8581,#8582);
#7604=AXIS2_PLACEMENT_3D('',#10797,#8583,#8584);
#7605=AXIS2_PLACEMENT_3D('',#10799,#8585,#8586);
#7606=AXIS2_PLACEMENT_3D('',#10800,#8587,#8588);
#7607=AXIS2_PLACEMENT_3D('',#10802,#8589,#8590);
#7608=AXIS2_PLACEMENT_3D('',#10804,#8591,#8592);
#7609=AXIS2_PLACEMENT_3D('',#10806,#8594,#8595);
#7610=AXIS2_PLACEMENT_3D('',#10808,#8596,#8597);
#7611=AXIS2_PLACEMENT_3D('',#10811,#8599,#8600);
#7612=AXIS2_PLACEMENT_3D('',#10812,#8601,#8602);
#7613=AXIS2_PLACEMENT_3D('',#10815,#8605,#8606);
#7614=AXIS2_PLACEMENT_3D('',#10816,#8607,#8608);
#7615=AXIS2_PLACEMENT_3D('',#10818,#8609,#8610);
#7616=AXIS2_PLACEMENT_3D('',#10819,#8611,#8612);
#7617=AXIS2_PLACEMENT_3D('',#10820,#8613,#8614);
#7618=AXIS2_PLACEMENT_3D('',#10822,#8615,#8616);
#7619=AXIS2_PLACEMENT_3D('',#10823,#8617,#8618);
#7620=AXIS2_PLACEMENT_3D('',#10825,#8619,#8620);
#7621=AXIS2_PLACEMENT_3D('',#10827,#8621,#8622);
#7622=AXIS2_PLACEMENT_3D('',#10829,#8624,#8625);
#7623=AXIS2_PLACEMENT_3D('',#10831,#8626,#8627);
#7624=AXIS2_PLACEMENT_3D('',#10834,#8629,#8630);
#7625=AXIS2_PLACEMENT_3D('',#10835,#8631,#8632);
#7626=AXIS2_PLACEMENT_3D('',#10838,#8635,#8636);
#7627=AXIS2_PLACEMENT_3D('',#10839,#8637,#8638);
#7628=AXIS2_PLACEMENT_3D('',#10841,#8639,#8640);
#7629=AXIS2_PLACEMENT_3D('',#10842,#8641,#8642);
#7630=AXIS2_PLACEMENT_3D('',#10843,#8643,#8644);
#7631=AXIS2_PLACEMENT_3D('',#10845,#8645,#8646);
#7632=AXIS2_PLACEMENT_3D('',#10846,#8647,#8648);
#7633=AXIS2_PLACEMENT_3D('',#10847,#8649,#8650);
#7634=AXIS2_PLACEMENT_3D('',#10886,#8653,#8654);
#7635=AXIS2_PLACEMENT_3D('',#10887,#8655,#8656);
#7636=AXIS2_PLACEMENT_3D('',#10888,#8657,#8658);
#7637=AXIS2_PLACEMENT_3D('',#10927,#8661,#8662);
#7638=AXIS2_PLACEMENT_3D('',#10928,#8663,#8664);
#7639=AXIS2_PLACEMENT_3D('',#10929,#8665,#8666);
#7640=AXIS2_PLACEMENT_3D('',#10968,#8669,#8670);
#7641=AXIS2_PLACEMENT_3D('',#10969,#8671,#8672);
#7642=AXIS2_PLACEMENT_3D('',#10970,#8673,#8674);
#7643=AXIS2_PLACEMENT_3D('',#11009,#8677,#8678);
#7644=AXIS2_PLACEMENT_3D('',#11010,#8679,#8680);
#7645=AXIS2_PLACEMENT_3D('',#11011,#8681,#8682);
#7646=AXIS2_PLACEMENT_3D('',#11050,#8685,#8686);
#7647=AXIS2_PLACEMENT_3D('',#11051,#8687,#8688);
#7648=AXIS2_PLACEMENT_3D('',#11052,#8689,#8690);
#7649=AXIS2_PLACEMENT_3D('',#11053,#8691,#8692);
#7650=AXIS2_PLACEMENT_3D('',#11054,#8693,#8694);
#7651=AXIS2_PLACEMENT_3D('',#11055,#8695,#8696);
#7652=AXIS2_PLACEMENT_3D('',#11056,#8697,#8698);
#7653=AXIS2_PLACEMENT_3D('',#11058,#8700,#8701);
#7654=AXIS2_PLACEMENT_3D('',#11059,#8702,#8703);
#7655=AXIS2_PLACEMENT_3D('',#11060,#8704,#8705);
#7656=AXIS2_PLACEMENT_3D('',#11061,#8706,#8707);
#7657=AXIS2_PLACEMENT_3D('',#11062,#8708,#8709);
#7658=AXIS2_PLACEMENT_3D('',#11064,#8711,#8712);
#7659=AXIS2_PLACEMENT_3D('',#11065,#8713,#8714);
#7660=AXIS2_PLACEMENT_3D('',#11066,#8715,#8716);
#7661=AXIS2_PLACEMENT_3D('',#11067,#8717,#8718);
#7662=AXIS2_PLACEMENT_3D('',#11068,#8719,#8720);
#7663=AXIS2_PLACEMENT_3D('',#11070,#8722,#8723);
#7664=AXIS2_PLACEMENT_3D('',#11071,#8724,#8725);
#7665=AXIS2_PLACEMENT_3D('',#11072,#8726,#8727);
#7666=AXIS2_PLACEMENT_3D('',#11073,#8728,#8729);
#7667=AXIS2_PLACEMENT_3D('',#11074,#8730,#8731);
#7668=AXIS2_PLACEMENT_3D('',#11076,#8733,#8734);
#7669=AXIS2_PLACEMENT_3D('',#11077,#8735,#8736);
#7670=AXIS2_PLACEMENT_3D('',#11078,#8737,#8738);
#7671=AXIS2_PLACEMENT_3D('',#11079,#8739,#8740);
#7672=AXIS2_PLACEMENT_3D('',#11080,#8741,#8742);
#7673=AXIS2_PLACEMENT_3D('',#11082,#8744,#8745);
#7674=AXIS2_PLACEMENT_3D('',#11089,#8746,#8747);
#7675=AXIS2_PLACEMENT_3D('',#11092,#8749,#8750);
#7676=AXIS2_PLACEMENT_3D('',#11093,#8751,#8752);
#7677=AXIS2_PLACEMENT_3D('',#11126,#8757,#8758);
#7678=AXIS2_PLACEMENT_3D('',#11133,#8759,#8760);
#7679=AXIS2_PLACEMENT_3D('',#11136,#8762,#8763);
#7680=AXIS2_PLACEMENT_3D('',#11161,#8764,#8765);
#7681=AXIS2_PLACEMENT_3D('',#11165,#8767,#8768);
#7682=AXIS2_PLACEMENT_3D('',#11167,#8770,#8771);
#7683=AXIS2_PLACEMENT_3D('',#11171,#8774,#8775);
#7684=AXIS2_PLACEMENT_3D('',#11174,#8777,#8778);
#7685=AXIS2_PLACEMENT_3D('',#11175,#8779,#8780);
#7686=AXIS2_PLACEMENT_3D('',#11179,#8782,#8783);
#7687=AXIS2_PLACEMENT_3D('',#11183,#8785,#8786);
#7688=AXIS2_PLACEMENT_3D('',#11187,#8788,#8789);
#7689=AXIS2_PLACEMENT_3D('',#11191,#8791,#8792);
#7690=AXIS2_PLACEMENT_3D('',#11195,#8794,#8795);
#7691=AXIS2_PLACEMENT_3D('',#11199,#8797,#8798);
#7692=AXIS2_PLACEMENT_3D('',#11201,#8799,#8800);
#7693=AXIS2_PLACEMENT_3D('',#11205,#8802,#8803);
#7694=AXIS2_PLACEMENT_3D('',#11210,#8806,#8807);
#7695=AXIS2_PLACEMENT_3D('',#11226,#8815,#8816);
#7696=AXIS2_PLACEMENT_3D('',#11228,#8818,#8819);
#7697=AXIS2_PLACEMENT_3D('',#11231,#8820,#8821);
#7698=AXIS2_PLACEMENT_3D('',#11234,#8824,#8825);
#7699=AXIS2_PLACEMENT_3D('',#11238,#8828,#8829);
#7700=AXIS2_PLACEMENT_3D('',#11241,#8830,#8831);
#7701=AXIS2_PLACEMENT_3D('',#11244,#8834,#8835);
#7702=AXIS2_PLACEMENT_3D('',#11246,#8837,#8838);
#7703=AXIS2_PLACEMENT_3D('',#11248,#8839,#8840);
#7704=AXIS2_PLACEMENT_3D('',#11250,#8842,#8843);
#7705=AXIS2_PLACEMENT_3D('',#11252,#8844,#8845);
#7706=AXIS2_PLACEMENT_3D('',#11254,#8847,#8848);
#7707=AXIS2_PLACEMENT_3D('',#11266,#8855,#8856);
#7708=AXIS2_PLACEMENT_3D('',#11270,#8858,#8859);
#7709=AXIS2_PLACEMENT_3D('',#11272,#8861,#8862);
#7710=AXIS2_PLACEMENT_3D('',#11274,#8864,#8865);
#7711=AXIS2_PLACEMENT_3D('',#11277,#8866,#8867);
#7712=AXIS2_PLACEMENT_3D('',#11280,#8870,#8871);
#7713=AXIS2_PLACEMENT_3D('',#11282,#8873,#8874);
#7714=AXIS2_PLACEMENT_3D('',#11285,#8875,#8876);
#7715=AXIS2_PLACEMENT_3D('',#11288,#8879,#8880);
#7716=AXIS2_PLACEMENT_3D('',#11298,#8886,#8887);
#7717=AXIS2_PLACEMENT_3D('',#11300,#8888,#8889);
#7718=AXIS2_PLACEMENT_3D('',#11303,#8891,#8892);
#7719=AXIS2_PLACEMENT_3D('',#11304,#8893,#8894);
#7720=AXIS2_PLACEMENT_3D('',#11310,#8898,#8899);
#7721=AXIS2_PLACEMENT_3D('',#11312,#8900,#8901);
#7722=AXIS2_PLACEMENT_3D('',#11314,#8903,#8904);
#7723=AXIS2_PLACEMENT_3D('',#11315,#8905,#8906);
#7724=AXIS2_PLACEMENT_3D('',#11316,#8907,#8908);
#7725=AXIS2_PLACEMENT_3D('',#11317,#8909,#8910);
#7726=AXIS2_PLACEMENT_3D('',#11323,#8913,#8914);
#7727=AXIS2_PLACEMENT_3D('',#11327,#8916,#8917);
#7728=AXIS2_PLACEMENT_3D('',#11331,#8920,#8921);
#7729=AXIS2_PLACEMENT_3D('',#11335,#8923,#8924);
#7730=AXIS2_PLACEMENT_3D('',#11338,#8926,#8927);
#7731=AXIS2_PLACEMENT_3D('',#11339,#8928,#8929);
#7732=AXIS2_PLACEMENT_3D('',#11341,#8930,#8931);
#7733=AXIS2_PLACEMENT_3D('',#11345,#8933,#8934);
#7734=AXIS2_PLACEMENT_3D('',#11347,#8936,#8937);
#7735=AXIS2_PLACEMENT_3D('',#11351,#8939,#8940);
#7736=AXIS2_PLACEMENT_3D('',#11355,#8942,#8943);
#7737=AXIS2_PLACEMENT_3D('',#11358,#8946,#8947);
#7738=AXIS2_PLACEMENT_3D('',#11381,#8950,#8951);
#7739=AXIS2_PLACEMENT_3D('',#11387,#8955,#8956);
#7740=AXIS2_PLACEMENT_3D('',#11388,#8957,#8958);
#7741=AXIS2_PLACEMENT_3D('',#11389,#8959,#8960);
#7742=AXIS2_PLACEMENT_3D('',#11390,#8961,#8962);
#7743=AXIS2_PLACEMENT_3D('',#11392,#8963,#8964);
#7744=AXIS2_PLACEMENT_3D('',#11393,#8965,#8966);
#7745=AXIS2_PLACEMENT_3D('',#11394,#8967,#8968);
#7746=AXIS2_PLACEMENT_3D('',#11396,#8969,#8970);
#7747=AXIS2_PLACEMENT_3D('',#11400,#8972,#8973);
#7748=AXIS2_PLACEMENT_3D('',#11402,#8975,#8976);
#7749=AXIS2_PLACEMENT_3D('',#11404,#8977,#8978);
#7750=AXIS2_PLACEMENT_3D('',#11406,#8979,#8980);
#7751=AXIS2_PLACEMENT_3D('',#11407,#8981,#8982);
#7752=AXIS2_PLACEMENT_3D('',#11408,#8983,#8984);
#7753=AXIS2_PLACEMENT_3D('',#11410,#8985,#8986);
#7754=AXIS2_PLACEMENT_3D('',#11412,#8988,#8989);
#7755=AXIS2_PLACEMENT_3D('',#11414,#8991,#8992);
#7756=AXIS2_PLACEMENT_3D('',#11415,#8993,#8994);
#7757=AXIS2_PLACEMENT_3D('',#11416,#8995,#8996);
#7758=AXIS2_PLACEMENT_3D('',#11417,#8997,#8998);
#7759=AXIS2_PLACEMENT_3D('',#11420,#9000,#9001);
#7760=AXIS2_PLACEMENT_3D('',#11421,#9002,#9003);
#7761=AXIS2_PLACEMENT_3D('',#11425,#9006,#9007);
#7762=AXIS2_PLACEMENT_3D('',#11426,#9008,#9009);
#7763=AXIS2_PLACEMENT_3D('',#11427,#9010,#9011);
#7764=AXIS2_PLACEMENT_3D('',#11432,#9014,#9015);
#7765=AXIS2_PLACEMENT_3D('',#11433,#9016,#9017);
#7766=AXIS2_PLACEMENT_3D('',#11436,#9019,#9020);
#7767=AXIS2_PLACEMENT_3D('',#11437,#9021,#9022);
#7768=AXIS2_PLACEMENT_3D('',#11439,#9023,#9024);
#7769=AXIS2_PLACEMENT_3D('',#11440,#9025,#9026);
#7770=AXIS2_PLACEMENT_3D('',#11441,#9027,#9028);
#7771=AXIS2_PLACEMENT_3D('',#11443,#9030,#9031);
#7772=AXIS2_PLACEMENT_3D('',#11445,#9033,#9034);
#7773=AXIS2_PLACEMENT_3D('',#11449,#9037,#9038);
#7774=AXIS2_PLACEMENT_3D('',#11451,#9039,#9040);
#7775=AXIS2_PLACEMENT_3D('',#11453,#9042,#9043);
#7776=AXIS2_PLACEMENT_3D('',#11457,#9046,#9047);
#7777=AXIS2_PLACEMENT_3D('',#11459,#9048,#9049);
#7778=AXIS2_PLACEMENT_3D('',#11462,#9051,#9052);
#7779=AXIS2_PLACEMENT_3D('',#11463,#9053,#9054);
#7780=AXIS2_PLACEMENT_3D('',#11465,#9055,#9056);
#7781=AXIS2_PLACEMENT_3D('',#11468,#9058,#9059);
#7782=AXIS2_PLACEMENT_3D('',#11469,#9060,#9061);
#7783=AXIS2_PLACEMENT_3D('',#11470,#9062,#9063);
#7784=AXIS2_PLACEMENT_3D('',#11471,#9064,#9065);
#7785=AXIS2_PLACEMENT_3D('',#11472,#9066,#9067);
#7786=AXIS2_PLACEMENT_3D('',#11478,#9071,#9072);
#7787=AXIS2_PLACEMENT_3D('',#11481,#9074,#9075);
#7788=AXIS2_PLACEMENT_3D('',#11482,#9076,#9077);
#7789=AXIS2_PLACEMENT_3D('',#11487,#9081,#9082);
#7790=AXIS2_PLACEMENT_3D('',#11488,#9083,#9084);
#7791=AXIS2_PLACEMENT_3D('',#11489,#9085,#9086);
#7792=AXIS2_PLACEMENT_3D('',#11490,#9087,#9088);
#7793=AXIS2_PLACEMENT_3D('',#11491,#9089,#9090);
#7794=AXIS2_PLACEMENT_3D('',#11498,#9091,#9092);
#7795=AXIS2_PLACEMENT_3D('',#11501,#9094,#9095);
#7796=AXIS2_PLACEMENT_3D('',#11502,#9096,#9097);
#7797=AXIS2_PLACEMENT_3D('',#11535,#9102,#9103);
#7798=AXIS2_PLACEMENT_3D('',#11542,#9104,#9105);
#7799=AXIS2_PLACEMENT_3D('',#11545,#9107,#9108);
#7800=AXIS2_PLACEMENT_3D('',#11570,#9109,#9110);
#7801=AXIS2_PLACEMENT_3D('',#11574,#9112,#9113);
#7802=AXIS2_PLACEMENT_3D('',#11576,#9115,#9116);
#7803=AXIS2_PLACEMENT_3D('',#11580,#9119,#9120);
#7804=AXIS2_PLACEMENT_3D('',#11583,#9122,#9123);
#7805=AXIS2_PLACEMENT_3D('',#11584,#9124,#9125);
#7806=AXIS2_PLACEMENT_3D('',#11588,#9127,#9128);
#7807=AXIS2_PLACEMENT_3D('',#11592,#9130,#9131);
#7808=AXIS2_PLACEMENT_3D('',#11596,#9133,#9134);
#7809=AXIS2_PLACEMENT_3D('',#11600,#9136,#9137);
#7810=AXIS2_PLACEMENT_3D('',#11604,#9139,#9140);
#7811=AXIS2_PLACEMENT_3D('',#11608,#9142,#9143);
#7812=AXIS2_PLACEMENT_3D('',#11610,#9144,#9145);
#7813=AXIS2_PLACEMENT_3D('',#11614,#9147,#9148);
#7814=AXIS2_PLACEMENT_3D('',#11619,#9151,#9152);
#7815=AXIS2_PLACEMENT_3D('',#11635,#9160,#9161);
#7816=AXIS2_PLACEMENT_3D('',#11637,#9163,#9164);
#7817=AXIS2_PLACEMENT_3D('',#11641,#9166,#9167);
#7818=AXIS2_PLACEMENT_3D('',#11643,#9169,#9170);
#7819=AXIS2_PLACEMENT_3D('',#11655,#9177,#9178);
#7820=AXIS2_PLACEMENT_3D('',#11658,#9180,#9181);
#7821=AXIS2_PLACEMENT_3D('',#11659,#9182,#9183);
#7822=AXIS2_PLACEMENT_3D('',#11663,#9186,#9187);
#7823=AXIS2_PLACEMENT_3D('',#11666,#9188,#9189);
#7824=AXIS2_PLACEMENT_3D('',#11669,#9192,#9193);
#7825=AXIS2_PLACEMENT_3D('',#11673,#9196,#9197);
#7826=AXIS2_PLACEMENT_3D('',#11675,#9198,#9199);
#7827=AXIS2_PLACEMENT_3D('',#11677,#9201,#9202);
#7828=AXIS2_PLACEMENT_3D('',#11681,#9205,#9206);
#7829=AXIS2_PLACEMENT_3D('',#11683,#9207,#9208);
#7830=AXIS2_PLACEMENT_3D('',#11685,#9210,#9211);
#7831=AXIS2_PLACEMENT_3D('',#11689,#9214,#9215);
#7832=AXIS2_PLACEMENT_3D('',#11690,#9216,#9217);
#7833=AXIS2_PLACEMENT_3D('',#11691,#9218,#9219);
#7834=AXIS2_PLACEMENT_3D('',#11694,#9220,#9221);
#7835=AXIS2_PLACEMENT_3D('',#11698,#9223,#9224);
#7836=AXIS2_PLACEMENT_3D('',#11700,#9226,#9227);
#7837=AXIS2_PLACEMENT_3D('',#11706,#9231,#9232);
#7838=AXIS2_PLACEMENT_3D('',#11708,#9233,#9234);
#7839=AXIS2_PLACEMENT_3D('',#11710,#9236,#9237);
#7840=AXIS2_PLACEMENT_3D('',#11711,#9238,#9239);
#7841=AXIS2_PLACEMENT_3D('',#11712,#9240,#9241);
#7842=AXIS2_PLACEMENT_3D('',#11713,#9242,#9243);
#7843=AXIS2_PLACEMENT_3D('',#11716,#9244,#9245);
#7844=AXIS2_PLACEMENT_3D('',#11719,#9248,#9249);
#7845=AXIS2_PLACEMENT_3D('',#11726,#9254,#9255);
#7846=AXIS2_PLACEMENT_3D('',#11733,#9259,#9260);
#7847=AXIS2_PLACEMENT_3D('',#11737,#9262,#9263);
#7848=AXIS2_PLACEMENT_3D('',#11741,#9266,#9267);
#7849=AXIS2_PLACEMENT_3D('',#11745,#9269,#9270);
#7850=AXIS2_PLACEMENT_3D('',#11748,#9272,#9273);
#7851=AXIS2_PLACEMENT_3D('',#11749,#9274,#9275);
#7852=AXIS2_PLACEMENT_3D('',#11751,#9276,#9277);
#7853=AXIS2_PLACEMENT_3D('',#11755,#9279,#9280);
#7854=AXIS2_PLACEMENT_3D('',#11757,#9282,#9283);
#7855=AXIS2_PLACEMENT_3D('',#11783,#9287,#9288);
#7856=AXIS2_PLACEMENT_3D('',#11786,#9290,#9291);
#7857=AXIS2_PLACEMENT_3D('',#11788,#9292,#9293);
#7858=AXIS2_PLACEMENT_3D('',#11790,#9295,#9296);
#7859=AXIS2_PLACEMENT_3D('',#11791,#9297,#9298);
#7860=AXIS2_PLACEMENT_3D('',#11793,#9299,#9300);
#7861=AXIS2_PLACEMENT_3D('',#11795,#9302,#9303);
#7862=AXIS2_PLACEMENT_3D('',#11797,#9304,#9305);
#7863=AXIS2_PLACEMENT_3D('',#11798,#9306,#9307);
#7864=AXIS2_PLACEMENT_3D('',#11799,#9308,#9309);
#7865=AXIS2_PLACEMENT_3D('',#11801,#9310,#9311);
#7866=AXIS2_PLACEMENT_3D('',#11803,#9313,#9314);
#7867=AXIS2_PLACEMENT_3D('',#11809,#9318,#9319);
#7868=AXIS2_PLACEMENT_3D('',#11811,#9320,#9321);
#7869=AXIS2_PLACEMENT_3D('',#11814,#9323,#9324);
#7870=AXIS2_PLACEMENT_3D('',#11815,#9325,#9326);
#7871=AXIS2_PLACEMENT_3D('',#11817,#9327,#9328);
#7872=AXIS2_PLACEMENT_3D('',#11819,#9329,#9330);
#7873=AXIS2_PLACEMENT_3D('',#11820,#9331,#9332);
#7874=AXIS2_PLACEMENT_3D('',#11821,#9333,#9334);
#7875=AXIS2_PLACEMENT_3D('',#11824,#9336,#9337);
#7876=AXIS2_PLACEMENT_3D('',#11825,#9338,#9339);
#7877=AXIS2_PLACEMENT_3D('',#11826,#9340,#9341);
#7878=AXIS2_PLACEMENT_3D('',#11827,#9342,#9343);
#7879=AXIS2_PLACEMENT_3D('',#11828,#9344,#9345);
#7880=AXIS2_PLACEMENT_3D('',#11829,#9346,#9347);
#7881=AXIS2_PLACEMENT_3D('',#11830,#9348,#9349);
#7882=AXIS2_PLACEMENT_3D('',#11834,#9352,#9353);
#7883=AXIS2_PLACEMENT_3D('',#11838,#9355,#9356);
#7884=AXIS2_PLACEMENT_3D('',#11841,#9358,#9359);
#7885=AXIS2_PLACEMENT_3D('',#11842,#9360,#9361);
#7886=AXIS2_PLACEMENT_3D('',#11844,#9362,#9363);
#7887=AXIS2_PLACEMENT_3D('',#11845,#9364,#9365);
#7888=AXIS2_PLACEMENT_3D('',#11846,#9366,#9367);
#7889=AXIS2_PLACEMENT_3D('',#11849,#9370,#9371);
#7890=AXIS2_PLACEMENT_3D('',#11857,#9376,#9377);
#7891=AXIS2_PLACEMENT_3D('',#11860,#9380,#9381);
#7892=AXIS2_PLACEMENT_3D('',#11861,#9382,#9383);
#7893=AXIS2_PLACEMENT_3D('',#11863,#9385,#9386);
#7894=AXIS2_PLACEMENT_3D('',#11864,#9387,#9388);
#7895=AXIS2_PLACEMENT_3D('',#11865,#9389,#9390);
#7896=AXIS2_PLACEMENT_3D('',#11866,#9391,#9392);
#7897=AXIS2_PLACEMENT_3D('',#11868,#9393,#9394);
#7898=AXIS2_PLACEMENT_3D('',#11871,#9396,#9397);
#7899=AXIS2_PLACEMENT_3D('',#11872,#9398,#9399);
#7900=AXIS2_PLACEMENT_3D('',#11874,#9400,#9401);
#7901=AXIS2_PLACEMENT_3D('',#11877,#9403,#9404);
#7902=AXIS2_PLACEMENT_3D('',#11878,#9405,#9406);
#7903=AXIS2_PLACEMENT_3D('',#11879,#9407,#9408);
#7904=AXIS2_PLACEMENT_3D('',#11880,#9409,#9410);
#7905=AXIS2_PLACEMENT_3D('',#11881,#9411,#9412);
#7906=AXIS2_PLACEMENT_3D('',#11887,#9416,#9417);
#7907=AXIS2_PLACEMENT_3D('',#11890,#9419,#9420);
#7908=AXIS2_PLACEMENT_3D('',#11891,#9421,#9422);
#7909=AXIS2_PLACEMENT_3D('',#11896,#9426,#9427);
#7910=AXIS2_PLACEMENT_3D('',#11897,#9428,#9429);
#7911=AXIS2_PLACEMENT_3D('',#11898,#9430,#9431);
#7912=AXIS2_PLACEMENT_3D('',#11899,#9432,#9433);
#7913=AXIS2_PLACEMENT_3D('',#11900,#9434,#9435);
#7914=AXIS2_PLACEMENT_3D('',#11907,#9436,#9437);
#7915=AXIS2_PLACEMENT_3D('',#11910,#9439,#9440);
#7916=AXIS2_PLACEMENT_3D('',#11911,#9441,#9442);
#7917=AXIS2_PLACEMENT_3D('',#11944,#9447,#9448);
#7918=AXIS2_PLACEMENT_3D('',#11951,#9449,#9450);
#7919=AXIS2_PLACEMENT_3D('',#11954,#9452,#9453);
#7920=AXIS2_PLACEMENT_3D('',#11979,#9454,#9455);
#7921=AXIS2_PLACEMENT_3D('',#11983,#9457,#9458);
#7922=AXIS2_PLACEMENT_3D('',#11985,#9460,#9461);
#7923=AXIS2_PLACEMENT_3D('',#11989,#9464,#9465);
#7924=AXIS2_PLACEMENT_3D('',#11992,#9467,#9468);
#7925=AXIS2_PLACEMENT_3D('',#11993,#9469,#9470);
#7926=AXIS2_PLACEMENT_3D('',#11997,#9472,#9473);
#7927=AXIS2_PLACEMENT_3D('',#12001,#9475,#9476);
#7928=AXIS2_PLACEMENT_3D('',#12005,#9478,#9479);
#7929=AXIS2_PLACEMENT_3D('',#12009,#9481,#9482);
#7930=AXIS2_PLACEMENT_3D('',#12013,#9484,#9485);
#7931=AXIS2_PLACEMENT_3D('',#12017,#9487,#9488);
#7932=AXIS2_PLACEMENT_3D('',#12019,#9489,#9490);
#7933=AXIS2_PLACEMENT_3D('',#12023,#9492,#9493);
#7934=AXIS2_PLACEMENT_3D('',#12028,#9496,#9497);
#7935=AXIS2_PLACEMENT_3D('',#12044,#9505,#9506);
#7936=AXIS2_PLACEMENT_3D('',#12046,#9508,#9509);
#7937=AXIS2_PLACEMENT_3D('',#12049,#9510,#9511);
#7938=AXIS2_PLACEMENT_3D('',#12052,#9514,#9515);
#7939=AXIS2_PLACEMENT_3D('',#12056,#9518,#9519);
#7940=AXIS2_PLACEMENT_3D('',#12059,#9520,#9521);
#7941=AXIS2_PLACEMENT_3D('',#12062,#9524,#9525);
#7942=AXIS2_PLACEMENT_3D('',#12066,#9528,#9529);
#7943=AXIS2_PLACEMENT_3D('',#12068,#9530,#9531);
#7944=AXIS2_PLACEMENT_3D('',#12070,#9533,#9534);
#7945=AXIS2_PLACEMENT_3D('',#12074,#9536,#9537);
#7946=AXIS2_PLACEMENT_3D('',#12076,#9539,#9540);
#7947=AXIS2_PLACEMENT_3D('',#12088,#9547,#9548);
#7948=AXIS2_PLACEMENT_3D('',#12091,#9550,#9551);
#7949=AXIS2_PLACEMENT_3D('',#12092,#9552,#9553);
#7950=AXIS2_PLACEMENT_3D('',#12094,#9554,#9555);
#7951=AXIS2_PLACEMENT_3D('',#12096,#9557,#9558);
#7952=AXIS2_PLACEMENT_3D('',#12098,#9560,#9561);
#7953=AXIS2_PLACEMENT_3D('',#12101,#9562,#9563);
#7954=AXIS2_PLACEMENT_3D('',#12104,#9566,#9567);
#7955=AXIS2_PLACEMENT_3D('',#12114,#9573,#9574);
#7956=AXIS2_PLACEMENT_3D('',#12116,#9575,#9576);
#7957=AXIS2_PLACEMENT_3D('',#12119,#9578,#9579);
#7958=AXIS2_PLACEMENT_3D('',#12120,#9580,#9581);
#7959=AXIS2_PLACEMENT_3D('',#12126,#9585,#9586);
#7960=AXIS2_PLACEMENT_3D('',#12128,#9587,#9588);
#7961=AXIS2_PLACEMENT_3D('',#12130,#9590,#9591);
#7962=AXIS2_PLACEMENT_3D('',#12131,#9592,#9593);
#7963=AXIS2_PLACEMENT_3D('',#12132,#9594,#9595);
#7964=AXIS2_PLACEMENT_3D('',#12133,#9596,#9597);
#7965=AXIS2_PLACEMENT_3D('',#12135,#9599,#9600);
#7966=AXIS2_PLACEMENT_3D('',#12142,#9604,#9605);
#7967=AXIS2_PLACEMENT_3D('',#12146,#9607,#9608);
#7968=AXIS2_PLACEMENT_3D('',#12150,#9611,#9612);
#7969=AXIS2_PLACEMENT_3D('',#12154,#9614,#9615);
#7970=AXIS2_PLACEMENT_3D('',#12157,#9617,#9618);
#7971=AXIS2_PLACEMENT_3D('',#12158,#9619,#9620);
#7972=AXIS2_PLACEMENT_3D('',#12184,#9624,#9625);
#7973=AXIS2_PLACEMENT_3D('',#12186,#9626,#9627);
#7974=AXIS2_PLACEMENT_3D('',#12190,#9629,#9630);
#7975=AXIS2_PLACEMENT_3D('',#12192,#9632,#9633);
#7976=AXIS2_PLACEMENT_3D('',#12195,#9635,#9636);
#7977=AXIS2_PLACEMENT_3D('',#12197,#9637,#9638);
#7978=AXIS2_PLACEMENT_3D('',#12199,#9640,#9641);
#7979=AXIS2_PLACEMENT_3D('',#12200,#9642,#9643);
#7980=AXIS2_PLACEMENT_3D('',#12202,#9644,#9645);
#7981=AXIS2_PLACEMENT_3D('',#12204,#9647,#9648);
#7982=AXIS2_PLACEMENT_3D('',#12206,#9649,#9650);
#7983=AXIS2_PLACEMENT_3D('',#12207,#9651,#9652);
#7984=AXIS2_PLACEMENT_3D('',#12208,#9653,#9654);
#7985=AXIS2_PLACEMENT_3D('',#12210,#9655,#9656);
#7986=AXIS2_PLACEMENT_3D('',#12212,#9658,#9659);
#7987=AXIS2_PLACEMENT_3D('',#12218,#9663,#9664);
#7988=AXIS2_PLACEMENT_3D('',#12220,#9665,#9666);
#7989=AXIS2_PLACEMENT_3D('',#12223,#9668,#9669);
#7990=AXIS2_PLACEMENT_3D('',#12224,#9670,#9671);
#7991=AXIS2_PLACEMENT_3D('',#12226,#9672,#9673);
#7992=AXIS2_PLACEMENT_3D('',#12228,#9674,#9675);
#7993=AXIS2_PLACEMENT_3D('',#12229,#9676,#9677);
#7994=AXIS2_PLACEMENT_3D('',#12230,#9678,#9679);
#7995=AXIS2_PLACEMENT_3D('',#12233,#9681,#9682);
#7996=AXIS2_PLACEMENT_3D('',#12234,#9683,#9684);
#7997=AXIS2_PLACEMENT_3D('',#12235,#9685,#9686);
#7998=AXIS2_PLACEMENT_3D('',#12236,#9687,#9688);
#7999=AXIS2_PLACEMENT_3D('',#12237,#9689,#9690);
#8000=AXIS2_PLACEMENT_3D('',#12238,#9691,#9692);
#8001=AXIS2_PLACEMENT_3D('',#12239,#9693,#9694);
#8002=AXIS2_PLACEMENT_3D('',#12243,#9697,#9698);
#8003=AXIS2_PLACEMENT_3D('',#12247,#9700,#9701);
#8004=AXIS2_PLACEMENT_3D('',#12250,#9703,#9704);
#8005=AXIS2_PLACEMENT_3D('',#12251,#9705,#9706);
#8006=AXIS2_PLACEMENT_3D('',#12253,#9707,#9708);
#8007=AXIS2_PLACEMENT_3D('',#12254,#9709,#9710);
#8008=AXIS2_PLACEMENT_3D('',#12255,#9711,#9712);
#8009=AXIS2_PLACEMENT_3D('',#12258,#9715,#9716);
#8010=AXIS2_PLACEMENT_3D('',#12266,#9721,#9722);
#8011=AXIS2_PLACEMENT_3D('',#12269,#9725,#9726);
#8012=AXIS2_PLACEMENT_3D('',#12270,#9727,#9728);
#8013=AXIS2_PLACEMENT_3D('',#12272,#9730,#9731);
#8014=AXIS2_PLACEMENT_3D('',#12273,#9732,#9733);
#8015=AXIS2_PLACEMENT_3D('',#12274,#9734,#9735);
#8016=AXIS2_PLACEMENT_3D('',#12275,#9736,#9737);
#8017=AXIS2_PLACEMENT_3D('',#12277,#9738,#9739);
#8018=AXIS2_PLACEMENT_3D('',#12280,#9741,#9742);
#8019=AXIS2_PLACEMENT_3D('',#12281,#9743,#9744);
#8020=AXIS2_PLACEMENT_3D('',#12283,#9745,#9746);
#8021=AXIS2_PLACEMENT_3D('',#12286,#9748,#9749);
#8022=AXIS2_PLACEMENT_3D('',#12287,#9750,#9751);
#8023=AXIS2_PLACEMENT_3D('',#12288,#9752,#9753);
#8024=AXIS2_PLACEMENT_3D('',#12289,#9754,#9755);
#8025=AXIS2_PLACEMENT_3D('',#12290,#9756,#9757);
#8026=AXIS2_PLACEMENT_3D('',#12296,#9761,#9762);
#8027=AXIS2_PLACEMENT_3D('',#12299,#9764,#9765);
#8028=AXIS2_PLACEMENT_3D('',#12300,#9766,#9767);
#8029=AXIS2_PLACEMENT_3D('',#12305,#9771,#9772);
#8030=AXIS2_PLACEMENT_3D('',#12306,#9773,#9774);
#8031=AXIS2_PLACEMENT_3D('',#12307,#9775,#9776);
#8032=AXIS2_PLACEMENT_3D('',#12308,#9777,#9778);
#8033=AXIS2_PLACEMENT_3D('',#12309,#9779,#9780);
#8034=AXIS2_PLACEMENT_3D('',#12316,#9781,#9782);
#8035=AXIS2_PLACEMENT_3D('',#12319,#9784,#9785);
#8036=AXIS2_PLACEMENT_3D('',#12320,#9786,#9787);
#8037=AXIS2_PLACEMENT_3D('',#12353,#9792,#9793);
#8038=AXIS2_PLACEMENT_3D('',#12360,#9794,#9795);
#8039=AXIS2_PLACEMENT_3D('',#12363,#9797,#9798);
#8040=AXIS2_PLACEMENT_3D('',#12388,#9799,#9800);
#8041=AXIS2_PLACEMENT_3D('',#12392,#9802,#9803);
#8042=AXIS2_PLACEMENT_3D('',#12394,#9805,#9806);
#8043=AXIS2_PLACEMENT_3D('',#12398,#9809,#9810);
#8044=AXIS2_PLACEMENT_3D('',#12401,#9812,#9813);
#8045=AXIS2_PLACEMENT_3D('',#12402,#9814,#9815);
#8046=AXIS2_PLACEMENT_3D('',#12406,#9817,#9818);
#8047=AXIS2_PLACEMENT_3D('',#12410,#9820,#9821);
#8048=AXIS2_PLACEMENT_3D('',#12414,#9823,#9824);
#8049=AXIS2_PLACEMENT_3D('',#12418,#9826,#9827);
#8050=AXIS2_PLACEMENT_3D('',#12422,#9829,#9830);
#8051=AXIS2_PLACEMENT_3D('',#12426,#9832,#9833);
#8052=AXIS2_PLACEMENT_3D('',#12428,#9834,#9835);
#8053=AXIS2_PLACEMENT_3D('',#12432,#9837,#9838);
#8054=AXIS2_PLACEMENT_3D('',#12437,#9841,#9842);
#8055=AXIS2_PLACEMENT_3D('',#12453,#9850,#9851);
#8056=AXIS2_PLACEMENT_3D('',#12455,#9853,#9854);
#8057=AXIS2_PLACEMENT_3D('',#12458,#9855,#9856);
#8058=AXIS2_PLACEMENT_3D('',#12461,#9859,#9860);
#8059=AXIS2_PLACEMENT_3D('',#12465,#9863,#9864);
#8060=AXIS2_PLACEMENT_3D('',#12468,#9865,#9866);
#8061=AXIS2_PLACEMENT_3D('',#12471,#9869,#9870);
#8062=AXIS2_PLACEMENT_3D('',#12475,#9873,#9874);
#8063=AXIS2_PLACEMENT_3D('',#12477,#9875,#9876);
#8064=AXIS2_PLACEMENT_3D('',#12479,#9878,#9879);
#8065=AXIS2_PLACEMENT_3D('',#12483,#9881,#9882);
#8066=AXIS2_PLACEMENT_3D('',#12485,#9884,#9885);
#8067=AXIS2_PLACEMENT_3D('',#12497,#9892,#9893);
#8068=AXIS2_PLACEMENT_3D('',#12500,#9895,#9896);
#8069=AXIS2_PLACEMENT_3D('',#12501,#9897,#9898);
#8070=AXIS2_PLACEMENT_3D('',#12503,#9899,#9900);
#8071=AXIS2_PLACEMENT_3D('',#12505,#9902,#9903);
#8072=AXIS2_PLACEMENT_3D('',#12507,#9905,#9906);
#8073=AXIS2_PLACEMENT_3D('',#12510,#9907,#9908);
#8074=AXIS2_PLACEMENT_3D('',#12513,#9911,#9912);
#8075=AXIS2_PLACEMENT_3D('',#12523,#9918,#9919);
#8076=AXIS2_PLACEMENT_3D('',#12525,#9920,#9921);
#8077=AXIS2_PLACEMENT_3D('',#12528,#9923,#9924);
#8078=AXIS2_PLACEMENT_3D('',#12529,#9925,#9926);
#8079=AXIS2_PLACEMENT_3D('',#12535,#9930,#9931);
#8080=AXIS2_PLACEMENT_3D('',#12537,#9932,#9933);
#8081=AXIS2_PLACEMENT_3D('',#12539,#9935,#9936);
#8082=AXIS2_PLACEMENT_3D('',#12540,#9937,#9938);
#8083=AXIS2_PLACEMENT_3D('',#12541,#9939,#9940);
#8084=AXIS2_PLACEMENT_3D('',#12542,#9941,#9942);
#8085=AXIS2_PLACEMENT_3D('',#12544,#9944,#9945);
#8086=AXIS2_PLACEMENT_3D('',#12551,#9949,#9950);
#8087=AXIS2_PLACEMENT_3D('',#12555,#9952,#9953);
#8088=AXIS2_PLACEMENT_3D('',#12559,#9956,#9957);
#8089=AXIS2_PLACEMENT_3D('',#12563,#9959,#9960);
#8090=AXIS2_PLACEMENT_3D('',#12566,#9962,#9963);
#8091=AXIS2_PLACEMENT_3D('',#12567,#9964,#9965);
#8092=AXIS2_PLACEMENT_3D('',#12569,#9966,#9967);
#8093=AXIS2_PLACEMENT_3D('',#12573,#9969,#9970);
#8094=AXIS2_PLACEMENT_3D('',#12575,#9972,#9973);
#8095=AXIS2_PLACEMENT_3D('',#12601,#9977,#9978);
#8096=AXIS2_PLACEMENT_3D('',#12604,#9980,#9981);
#8097=AXIS2_PLACEMENT_3D('',#12606,#9982,#9983);
#8098=AXIS2_PLACEMENT_3D('',#12608,#9985,#9986);
#8099=AXIS2_PLACEMENT_3D('',#12609,#9987,#9988);
#8100=AXIS2_PLACEMENT_3D('',#12611,#9989,#9990);
#8101=AXIS2_PLACEMENT_3D('',#12613,#9992,#9993);
#8102=AXIS2_PLACEMENT_3D('',#12615,#9994,#9995);
#8103=AXIS2_PLACEMENT_3D('',#12616,#9996,#9997);
#8104=AXIS2_PLACEMENT_3D('',#12617,#9998,#9999);
#8105=AXIS2_PLACEMENT_3D('',#12619,#10000,#10001);
#8106=AXIS2_PLACEMENT_3D('',#12621,#10003,#10004);
#8107=AXIS2_PLACEMENT_3D('',#12627,#10008,#10009);
#8108=AXIS2_PLACEMENT_3D('',#12629,#10010,#10011);
#8109=AXIS2_PLACEMENT_3D('',#12632,#10013,#10014);
#8110=AXIS2_PLACEMENT_3D('',#12633,#10015,#10016);
#8111=AXIS2_PLACEMENT_3D('',#12635,#10017,#10018);
#8112=AXIS2_PLACEMENT_3D('',#12637,#10019,#10020);
#8113=AXIS2_PLACEMENT_3D('',#12638,#10021,#10022);
#8114=AXIS2_PLACEMENT_3D('',#12639,#10023,#10024);
#8115=AXIS2_PLACEMENT_3D('',#12643,#10026,#10027);
#8116=AXIS2_PLACEMENT_3D('',#12646,#10029,#10030);
#8117=AXIS2_PLACEMENT_3D('',#12647,#10031,#10032);
#8118=AXIS2_PLACEMENT_3D('',#12649,#10033,#10034);
#8119=AXIS2_PLACEMENT_3D('',#12650,#10035,#10036);
#8120=AXIS2_PLACEMENT_3D('',#12651,#10037,#10038);
#8121=AXIS2_PLACEMENT_3D('',#12654,#10041,#10042);
#8122=AXIS2_PLACEMENT_3D('',#12656,#10044,#10045);
#8123=AXIS2_PLACEMENT_3D('',#12660,#10048,#10049);
#8124=AXIS2_PLACEMENT_3D('',#12661,#10050,#10051);
#8125=AXIS2_PLACEMENT_3D('',#12662,#10052,#10053);
#8126=AXIS2_PLACEMENT_3D('',#12666,#10056,#10057);
#8127=AXIS2_PLACEMENT_3D('',#12667,#10058,#10059);
#8128=AXIS2_PLACEMENT_3D('',#12668,#10060,#10061);
#8129=AXIS2_PLACEMENT_3D('',#12669,#10062,#10063);
#8130=AXIS2_PLACEMENT_3D('',#12670,#10064,#10065);
#8131=AXIS2_PLACEMENT_3D('',#12671,#10066,#10067);
#8132=AXIS2_PLACEMENT_3D('',#12672,#10068,#10069);
#8133=AXIS2_PLACEMENT_3D('',#12676,#10072,#10073);
#8134=AXIS2_PLACEMENT_3D('',#12682,#10077,#10078);
#8135=AXIS2_PLACEMENT_3D('',#12683,#10079,#10080);
#8136=AXIS2_PLACEMENT_3D('',#12684,#10081,#10082);
#8137=AXIS2_PLACEMENT_3D('',#12686,#10083,#10084);
#8138=AXIS2_PLACEMENT_3D('',#12689,#10086,#10087);
#8139=AXIS2_PLACEMENT_3D('',#12690,#10088,#10089);
#8140=AXIS2_PLACEMENT_3D('',#12692,#10090,#10091);
#8141=AXIS2_PLACEMENT_3D('',#12695,#10093,#10094);
#8142=AXIS2_PLACEMENT_3D('',#12696,#10095,#10096);
#8143=AXIS2_PLACEMENT_3D('',#12697,#10097,#10098);
#8144=AXIS2_PLACEMENT_3D('',#12698,#10099,#10100);
#8145=AXIS2_PLACEMENT_3D('',#12699,#10101,#10102);
#8146=AXIS2_PLACEMENT_3D('',#12705,#10106,#10107);
#8147=AXIS2_PLACEMENT_3D('',#12708,#10109,#10110);
#8148=AXIS2_PLACEMENT_3D('',#12709,#10111,#10112);
#8149=AXIS2_PLACEMENT_3D('',#12714,#10116,#10117);
#8150=AXIS2_PLACEMENT_3D('',#12715,#10118,#10119);
#8151=AXIS2_PLACEMENT_3D('',#12716,#10120,#10121);
#8152=AXIS2_PLACEMENT_3D('',#12717,#10122,#10123);
#8153=AXIS2_PLACEMENT_3D('',#12718,#10124,#10125);
#8154=AXIS2_PLACEMENT_3D('',#12725,#10126,#10127);
#8155=AXIS2_PLACEMENT_3D('',#12728,#10129,#10130);
#8156=AXIS2_PLACEMENT_3D('',#12729,#10131,#10132);
#8157=AXIS2_PLACEMENT_3D('',#12762,#10137,#10138);
#8158=AXIS2_PLACEMENT_3D('',#12769,#10139,#10140);
#8159=AXIS2_PLACEMENT_3D('',#12772,#10142,#10143);
#8160=AXIS2_PLACEMENT_3D('',#12797,#10144,#10145);
#8161=AXIS2_PLACEMENT_3D('',#12801,#10147,#10148);
#8162=AXIS2_PLACEMENT_3D('',#12803,#10150,#10151);
#8163=AXIS2_PLACEMENT_3D('',#12807,#10154,#10155);
#8164=AXIS2_PLACEMENT_3D('',#12810,#10157,#10158);
#8165=AXIS2_PLACEMENT_3D('',#12811,#10159,#10160);
#8166=AXIS2_PLACEMENT_3D('',#12815,#10162,#10163);
#8167=AXIS2_PLACEMENT_3D('',#12819,#10165,#10166);
#8168=AXIS2_PLACEMENT_3D('',#12823,#10168,#10169);
#8169=AXIS2_PLACEMENT_3D('',#12827,#10171,#10172);
#8170=AXIS2_PLACEMENT_3D('',#12831,#10174,#10175);
#8171=AXIS2_PLACEMENT_3D('',#12835,#10177,#10178);
#8172=AXIS2_PLACEMENT_3D('',#12837,#10179,#10180);
#8173=AXIS2_PLACEMENT_3D('',#12841,#10182,#10183);
#8174=AXIS2_PLACEMENT_3D('',#12846,#10186,#10187);
#8175=AXIS2_PLACEMENT_3D('',#12862,#10195,#10196);
#8176=AXIS2_PLACEMENT_3D('',#12864,#10198,#10199);
#8177=AXIS2_PLACEMENT_3D('',#12868,#10201,#10202);
#8178=AXIS2_PLACEMENT_3D('',#12870,#10204,#10205);
#8179=AXIS2_PLACEMENT_3D('',#12882,#10212,#10213);
#8180=AXIS2_PLACEMENT_3D('',#12885,#10215,#10216);
#8181=AXIS2_PLACEMENT_3D('',#12886,#10217,#10218);
#8182=AXIS2_PLACEMENT_3D('',#12903,#10226,#10227);
#8183=AXIS2_PLACEMENT_3D('',#12906,#10229,#10230);
#8184=AXIS2_PLACEMENT_3D('',#12910,#10232,#10233);
#8185=AXIS2_PLACEMENT_3D('',#12914,#10235,#10236);
#8186=AXIS2_PLACEMENT_3D('',#12918,#10238,#10239);
#8187=AXIS2_PLACEMENT_3D('',#12922,#10241,#10242);
#8188=AXIS2_PLACEMENT_3D('',#12926,#10244,#10245);
#8189=AXIS2_PLACEMENT_3D('',#12929,#10247,#10248);
#8190=AXIS2_PLACEMENT_3D('',#12930,#10249,#10250);
#8191=AXIS2_PLACEMENT_3D('',#12932,#10252,#10253);
#8192=AXIS2_PLACEMENT_3D('',#12934,#10255,#10256);
#8193=AXIS2_PLACEMENT_3D('',#12937,#10259,#10260);
#8194=AXIS2_PLACEMENT_3D('',#12938,#10261,#10262);
#8195=AXIS2_PLACEMENT_3D('',#12941,#10265,#10266);
#8196=AXIS2_PLACEMENT_3D('',#12942,#10267,#10268);
#8197=AXIS2_PLACEMENT_3D('',#12945,#10271,#10272);
#8198=AXIS2_PLACEMENT_3D('',#12946,#10273,#10274);
#8199=AXIS2_PLACEMENT_3D('',#12948,#10275,#10276);
#8200=AXIS2_PLACEMENT_3D('',#12950,#10278,#10279);
#8201=AXIS2_PLACEMENT_3D('',#12952,#10280,#10281);
#8202=AXIS2_PLACEMENT_3D('',#12954,#10283,#10284);
#8203=AXIS2_PLACEMENT_3D('',#12957,#10285,#10286);
#8204=AXIS2_PLACEMENT_3D('',#12960,#10289,#10290);
#8205=AXIS2_PLACEMENT_3D('',#12968,#10295,#10296);
#8206=AXIS2_PLACEMENT_3D('',#12970,#10297,#10298);
#8207=AXIS2_PLACEMENT_3D('',#12972,#10300,#10301);
#8208=AXIS2_PLACEMENT_3D('',#12974,#10303,#10304);
#8209=AXIS2_PLACEMENT_3D('',#12980,#10307,#10308);
#8210=AXIS2_PLACEMENT_3D('',#12984,#10310,#10311);
#8211=AXIS2_PLACEMENT_3D('',#12988,#10314,#10315);
#8212=AXIS2_PLACEMENT_3D('',#12992,#10317,#10318);
#8213=AXIS2_PLACEMENT_3D('',#12995,#10320,#10321);
#8214=AXIS2_PLACEMENT_3D('',#12996,#10322,#10323);
#8215=AXIS2_PLACEMENT_3D('',#12998,#10324,#10325);
#8216=AXIS2_PLACEMENT_3D('',#13002,#10327,#10328);
#8217=AXIS2_PLACEMENT_3D('',#13004,#10330,#10331);
#8218=AXIS2_PLACEMENT_3D('',#13008,#10333,#10334);
#8219=AXIS2_PLACEMENT_3D('',#13012,#10336,#10337);
#8220=AXIS2_PLACEMENT_3D('',#13015,#10340,#10341);
#8221=AXIS2_PLACEMENT_3D('',#13038,#10344,#10345);
#8222=AXIS2_PLACEMENT_3D('',#13044,#10349,#10350);
#8223=AXIS2_PLACEMENT_3D('',#13045,#10351,#10352);
#8224=AXIS2_PLACEMENT_3D('',#13046,#10353,#10354);
#8225=AXIS2_PLACEMENT_3D('',#13047,#10355,#10356);
#8226=AXIS2_PLACEMENT_3D('',#13049,#10357,#10358);
#8227=AXIS2_PLACEMENT_3D('',#13050,#10359,#10360);
#8228=AXIS2_PLACEMENT_3D('',#13051,#10361,#10362);
#8229=AXIS2_PLACEMENT_3D('',#13052,#10363,#10364);
#8230=AXIS2_PLACEMENT_3D('',#13054,#10365,#10366);
#8231=AXIS2_PLACEMENT_3D('',#13056,#10368,#10369);
#8232=AXIS2_PLACEMENT_3D('',#13058,#10370,#10371);
#8233=AXIS2_PLACEMENT_3D('',#13059,#10372,#10373);
#8234=AXIS2_PLACEMENT_3D('',#13060,#10374,#10375);
#8235=AXIS2_PLACEMENT_3D('',#13062,#10376,#10377);
#8236=AXIS2_PLACEMENT_3D('',#13064,#10379,#10380);
#8237=AXIS2_PLACEMENT_3D('',#13066,#10382,#10383);
#8238=AXIS2_PLACEMENT_3D('',#13067,#10384,#10385);
#8239=AXIS2_PLACEMENT_3D('',#13068,#10386,#10387);
#8240=AXIS2_PLACEMENT_3D('',#13069,#10388,#10389);
#8241=AXIS2_PLACEMENT_3D('',#13072,#10391,#10392);
#8242=AXIS2_PLACEMENT_3D('',#13073,#10393,#10394);
#8243=AXIS2_PLACEMENT_3D('',#13077,#10397,#10398);
#8244=AXIS2_PLACEMENT_3D('',#13078,#10399,#10400);
#8245=AXIS2_PLACEMENT_3D('',#13079,#10401,#10402);
#8246=AXIS2_PLACEMENT_3D('',#13081,#10404,#10405);
#8247=AXIS2_PLACEMENT_3D('',#13082,#10406,#10407);
#8248=AXIS2_PLACEMENT_3D('',#13083,#10408,#10409);
#8249=AXIS2_PLACEMENT_3D('',#13084,#10410,#10411);
#8250=AXIS2_PLACEMENT_3D('',#13085,#10412,#10413);
#8251=AXIS2_PLACEMENT_3D('',#13086,#10414,#10415);
#8252=AXIS2_PLACEMENT_3D('',#13087,#10416,#10417);
#8253=AXIS2_PLACEMENT_3D('',#13089,#10419,#10420);
#8254=AXIS2_PLACEMENT_3D('',#13091,#10422,#10423);
#8255=AXIS2_PLACEMENT_3D('',#13092,#10424,#10425);
#8256=AXIS2_PLACEMENT_3D('',#13093,#10426,#10427);
#8257=AXIS2_PLACEMENT_3D('',#13095,#10428,#10429);
#8258=AXIS2_PLACEMENT_3D('',#13098,#10431,#10432);
#8259=AXIS2_PLACEMENT_3D('',#13099,#10433,#10434);
#8260=AXIS2_PLACEMENT_3D('',#13101,#10435,#10436);
#8261=AXIS2_PLACEMENT_3D('',#13104,#10438,#10439);
#8262=AXIS2_PLACEMENT_3D('',#13105,#10440,#10441);
#8263=AXIS2_PLACEMENT_3D('',#13106,#10442,#10443);
#8264=AXIS2_PLACEMENT_3D('',#13107,#10444,#10445);
#8265=AXIS2_PLACEMENT_3D('',#13108,#10446,#10447);
#8266=AXIS2_PLACEMENT_3D('',#13114,#10451,#10452);
#8267=AXIS2_PLACEMENT_3D('',#13117,#10454,#10455);
#8268=AXIS2_PLACEMENT_3D('',#13118,#10456,#10457);
#8269=AXIS2_PLACEMENT_3D('',#13123,#10461,#10462);
#8270=AXIS2_PLACEMENT_3D('',#13124,#10463,#10464);
#8271=AXIS2_PLACEMENT_3D('',#13125,#10465,#10466);
#8272=AXIS2_PLACEMENT_3D('',#13126,#10467,#10468);
#8273=DIRECTION('axis',(0.,0.,1.));
#8274=DIRECTION('refdir',(1.,0.,0.));
#8275=DIRECTION('center_axis',(-0.707106781186546,8.0038773096314E-17,0.707106781186549));
#8276=DIRECTION('ref_axis',(0.707106781186549,0.,0.707106781186546));
#8277=DIRECTION('',(0.707106781186549,-7.85046229341886E-16,0.707106781186546));
#8278=DIRECTION('',(1.1319191842851E-16,1.,0.));
#8279=DIRECTION('',(-0.707106781186549,0.,-0.707106781186546));
#8280=DIRECTION('',(-1.1319191842851E-16,-1.,0.));
#8281=DIRECTION('center_axis',(0.,0.,1.));
#8282=DIRECTION('ref_axis',(0.809016994374947,-0.587785252292473,0.));
#8283=DIRECTION('center_axis',(0.,0.,-1.));
#8284=DIRECTION('ref_axis',(0.809016994374947,-0.587785252292473,0.));
#8285=DIRECTION('',(0.21850801222441,-0.672498511963958,0.707106781186547));
#8286=DIRECTION('center_axis',(0.,0.,1.));
#8287=DIRECTION('ref_axis',(0.809016994374947,-0.587785252292473,0.));
#8288=DIRECTION('center_axis',(-0.21850801222441,0.672498511963957,0.707106781186548));
#8289=DIRECTION('ref_axis',(0.955422563220239,0.,0.295241808844326));
#8290=DIRECTION('',(0.218508012224409,-0.672498511963958,0.707106781186547));
#8291=DIRECTION('',(0.951056516295154,0.309016994374947,0.));
#8292=DIRECTION('',(-0.951056516295154,-0.309016994374947,0.));
#8293=DIRECTION('center_axis',(0.,0.,1.));
#8294=DIRECTION('ref_axis',(-0.309016994374947,-0.951056516295154,0.));
#8295=DIRECTION('center_axis',(0.,0.,-1.));
#8296=DIRECTION('ref_axis',(-0.309016994374947,-0.951056516295154,0.));
#8297=DIRECTION('',(-0.572061402817684,-0.415626937777454,0.707106781186547));
#8298=DIRECTION('center_axis',(0.,0.,1.));
#8299=DIRECTION('ref_axis',(-0.309016994374947,-0.951056516295154,0.));
#8300=DIRECTION('center_axis',(0.572061402817684,0.415626937777453,0.707106781186548));
#8301=DIRECTION('ref_axis',(0.777437524821137,0.,-0.628960169645093));
#8302=DIRECTION('',(-0.572061402817685,-0.415626937777454,0.707106781186547));
#8303=DIRECTION('',(0.587785252292473,-0.809016994374947,0.));
#8304=DIRECTION('',(-0.587785252292473,0.809016994374947,0.));
#8305=DIRECTION('center_axis',(0.,0.,1.));
#8306=DIRECTION('ref_axis',(-1.,-1.37231112862212E-16,0.));
#8307=DIRECTION('center_axis',(0.,0.,-1.));
#8308=DIRECTION('ref_axis',(-1.,-1.37231112862212E-16,0.));
#8309=DIRECTION('',(-0.572061402817684,0.415626937777454,0.707106781186547));
#8310=DIRECTION('center_axis',(0.,0.,1.));
#8311=DIRECTION('ref_axis',(-1.,-1.37231112862212E-16,0.));
#8312=DIRECTION('center_axis',(0.572061402817684,-0.415626937777453,0.707106781186548));
#8313=DIRECTION('ref_axis',(0.777437524821137,0.,-0.628960169645093));
#8314=DIRECTION('',(-0.572061402817683,0.415626937777456,0.707106781186547));
#8315=DIRECTION('',(-0.587785252292473,-0.809016994374947,0.));
#8316=DIRECTION('',(0.587785252292473,0.809016994374947,0.));
#8317=DIRECTION('center_axis',(0.,0.,1.));
#8318=DIRECTION('ref_axis',(-0.309016994374947,0.951056516295154,0.));
#8319=DIRECTION('center_axis',(0.,0.,-1.));
#8320=DIRECTION('ref_axis',(-0.309016994374947,0.951056516295154,0.));
#8321=DIRECTION('',(0.218508012224411,0.672498511963958,0.707106781186546));
#8322=DIRECTION('center_axis',(0.,0.,1.));
#8323=DIRECTION('ref_axis',(-0.309016994374947,0.951056516295154,0.));
#8324=DIRECTION('center_axis',(-0.218508012224411,-0.672498511963957,0.707106781186548));
#8325=DIRECTION('ref_axis',(0.955422563220238,0.,0.295241808844326));
#8326=DIRECTION('',(0.218508012224412,0.672498511963957,0.707106781186548));
#8327=DIRECTION('',(-0.951056516295153,0.309016994374948,0.));
#8328=DIRECTION('',(0.951056516295153,-0.309016994374948,0.));
#8329=DIRECTION('center_axis',(0.,0.,1.));
#8330=DIRECTION('ref_axis',(0.809016994374947,0.587785252292473,0.));
#8331=DIRECTION('center_axis',(0.,0.,-1.));
#8332=DIRECTION('ref_axis',(0.809016994374947,0.587785252292473,0.));
#8333=DIRECTION('center_axis',(0.,0.,1.));
#8334=DIRECTION('ref_axis',(0.809016994374947,0.587785252292473,0.));
#8335=DIRECTION('center_axis',(-0.809016994374947,-0.587785252292473,0.));
#8336=DIRECTION('ref_axis',(-0.587785252292473,0.809016994374947,0.));
#8337=DIRECTION('',(0.,0.,1.));
#8338=DIRECTION('',(0.587785252292473,-0.809016994374947,0.));
#8339=DIRECTION('',(0.,0.,-1.));
#8340=DIRECTION('center_axis',(0.,0.,-1.));
#8341=DIRECTION('ref_axis',(-0.309016994374947,-0.951056516295154,0.));
#8342=DIRECTION('',(0.,0.,-1.));
#8343=DIRECTION('center_axis',(0.,0.,1.));
#8344=DIRECTION('ref_axis',(-0.309016994374947,-0.951056516295154,0.));
#8345=DIRECTION('center_axis',(0.309016994374947,-0.951056516295154,0.));
#8346=DIRECTION('ref_axis',(-0.951056516295154,-0.309016994374947,0.));
#8347=DIRECTION('',(0.,0.,1.));
#8348=DIRECTION('',(0.951056516295154,0.309016994374947,0.));
#8349=DIRECTION('center_axis',(0.,0.,-1.));
#8350=DIRECTION('ref_axis',(0.809016994374947,-0.587785252292473,0.));
#8351=DIRECTION('',(0.,0.,-1.));
#8352=DIRECTION('center_axis',(0.,0.,1.));
#8353=DIRECTION('ref_axis',(0.809016994374947,-0.587785252292473,0.));
#8354=DIRECTION('center_axis',(1.,-1.1319191842851E-16,0.));
#8355=DIRECTION('ref_axis',(-1.1319191842851E-16,-1.,0.));
#8356=DIRECTION('',(0.,0.,1.));
#8357=DIRECTION('',(1.1319191842851E-16,1.,0.));
#8358=DIRECTION('center_axis',(0.,0.,1.));
#8359=DIRECTION('ref_axis',(1.,0.,0.));
#8360=DIRECTION('',(-0.809016994374947,-0.587785252292473,-4.44089150293066E-16));
#8361=DIRECTION('',(-0.587785252292473,0.809016994374947,0.));
#8362=DIRECTION('',(-0.809016994374947,-0.587785252292473,-4.44089150293066E-16));
#8363=DIRECTION('',(0.587785252292473,-0.809016994374947,0.));
#8364=DIRECTION('center_axis',(0.,0.,1.));
#8365=DIRECTION('ref_axis',(0.309016994374947,0.951056516295154,0.));
#8366=DIRECTION('',(0.951056516295154,0.309016994374947,0.));
#8367=DIRECTION('',(0.309016994374947,-0.951056516295154,-4.44089150293066E-16));
#8368=DIRECTION('',(-0.951056516295154,-0.309016994374947,0.));
#8369=DIRECTION('',(0.309016994374947,-0.951056516295154,-4.44089150293066E-16));
#8370=DIRECTION('',(0.951056516295154,0.309016994374947,0.));
#8371=DIRECTION('center_axis',(0.,0.,1.));
#8372=DIRECTION('ref_axis',(-0.809016994374948,0.587785252292472,0.));
#8373=DIRECTION('',(0.,1.,0.));
#8374=DIRECTION('',(1.,0.,-4.44089150293066E-16));
#8375=DIRECTION('',(-7.64045449392444E-17,-1.,0.));
#8376=DIRECTION('',(1.,0.,-4.44089150293066E-16));
#8377=DIRECTION('',(0.,1.,0.));
#8378=DIRECTION('center_axis',(0.,0.,1.));
#8379=DIRECTION('ref_axis',(-0.809016994374947,-0.587785252292473,0.));
#8380=DIRECTION('',(-0.951056516295153,0.309016994374947,0.));
#8381=DIRECTION('',(0.309016994374948,0.951056516295154,-4.44089150293066E-16));
#8382=DIRECTION('',(0.951056516295154,-0.309016994374947,0.));
#8383=DIRECTION('',(0.309016994374948,0.951056516295154,-4.44089150293066E-16));
#8384=DIRECTION('',(-0.951056516295154,0.309016994374948,0.));
#8385=DIRECTION('center_axis',(0.,0.,1.));
#8386=DIRECTION('ref_axis',(0.309016994374947,-0.951056516295154,0.));
#8387=DIRECTION('',(-0.587785252292473,-0.809016994374947,0.));
#8388=DIRECTION('',(-0.809016994374947,0.587785252292473,-4.44089150293066E-16));
#8389=DIRECTION('',(0.587785252292473,0.809016994374947,0.));
#8390=DIRECTION('',(-0.809016994374947,0.587785252292473,-4.44089150293066E-16));
#8391=DIRECTION('',(-0.587785252292473,-0.809016994374947,0.));
#8392=DIRECTION('center_axis',(0.,0.,1.));
#8393=DIRECTION('ref_axis',(1.,7.87010094457031E-17,0.));
#8394=DIRECTION('',(0.587785252292473,-0.809016994374947,0.));
#8395=DIRECTION('center_axis',(-0.707106781186546,8.0038773096314E-17,-0.707106781186549));
#8396=DIRECTION('ref_axis',(-0.707106781186549,0.,0.707106781186546));
#8397=DIRECTION('',(0.707106781186549,0.,-0.707106781186546));
#8398=DIRECTION('',(-1.1319191842851E-16,-1.,0.));
#8399=DIRECTION('',(-0.707106781186549,7.85046229341886E-16,0.707106781186546));
#8400=DIRECTION('center_axis',(0.,0.,-1.));
#8401=DIRECTION('ref_axis',(0.809016994374947,0.587785252292473,0.));
#8402=DIRECTION('center_axis',(0.,0.,1.));
#8403=DIRECTION('ref_axis',(0.809016994374947,0.587785252292473,0.));
#8404=DIRECTION('',(0.21850801222441,0.672498511963958,-0.707106781186547));
#8405=DIRECTION('center_axis',(0.,0.,-1.));
#8406=DIRECTION('ref_axis',(0.809016994374947,0.587785252292473,0.));
#8407=DIRECTION('center_axis',(-0.218508012224411,-0.672498511963957,-0.707106781186548));
#8408=DIRECTION('ref_axis',(-0.955422563220238,0.,0.295241808844326));
#8409=DIRECTION('',(0.21850801222441,0.672498511963957,-0.707106781186548));
#8410=DIRECTION('',(0.951056516295153,-0.309016994374948,0.));
#8411=DIRECTION('',(-0.951056516295153,0.309016994374948,0.));
#8412=DIRECTION('center_axis',(0.,0.,-1.));
#8413=DIRECTION('ref_axis',(-0.309016994374947,0.951056516295154,0.));
#8414=DIRECTION('center_axis',(0.,0.,1.));
#8415=DIRECTION('ref_axis',(-0.309016994374947,0.951056516295154,0.));
#8416=DIRECTION('',(-0.572061402817686,0.415626937777453,-0.707106781186546));
#8417=DIRECTION('center_axis',(0.,0.,-1.));
#8418=DIRECTION('ref_axis',(-0.309016994374947,0.951056516295154,0.));
#8419=DIRECTION('center_axis',(0.572061402817684,-0.415626937777453,-0.707106781186548));
#8420=DIRECTION('ref_axis',(-0.777437524821137,0.,-0.628960169645093));
#8421=DIRECTION('',(-0.572061402817685,0.415626937777453,-0.707106781186547));
#8422=DIRECTION('',(0.587785252292473,0.809016994374947,0.));
#8423=DIRECTION('',(-0.587785252292473,-0.809016994374947,0.));
#8424=DIRECTION('center_axis',(0.,0.,-1.));
#8425=DIRECTION('ref_axis',(-1.,-1.37231112862212E-16,0.));
#8426=DIRECTION('center_axis',(0.,0.,1.));
#8427=DIRECTION('ref_axis',(-1.,-1.37231112862212E-16,0.));
#8428=DIRECTION('',(-0.572061402817685,-0.415626937777454,-0.707106781186547));
#8429=DIRECTION('center_axis',(0.,0.,-1.));
#8430=DIRECTION('ref_axis',(-1.,-1.37231112862212E-16,0.));
#8431=DIRECTION('center_axis',(0.572061402817684,0.415626937777453,-0.707106781186548));
#8432=DIRECTION('ref_axis',(-0.777437524821137,0.,-0.628960169645093));
#8433=DIRECTION('',(-0.572061402817685,-0.415626937777454,-0.707106781186547));
#8434=DIRECTION('',(-0.587785252292473,0.809016994374947,0.));
#8435=DIRECTION('center_axis',(0.,0.,-1.));
#8436=DIRECTION('ref_axis',(-0.309016994374947,-0.951056516295154,0.));
#8437=DIRECTION('',(0.218508012224411,-0.672498511963958,-0.707106781186547));
#8438=DIRECTION('center_axis',(0.,0.,-1.));
#8439=DIRECTION('ref_axis',(-0.309016994374947,-0.951056516295154,0.));
#8440=DIRECTION('center_axis',(-0.21850801222441,0.672498511963957,-0.707106781186548));
#8441=DIRECTION('ref_axis',(-0.955422563220239,0.,0.295241808844326));
#8442=DIRECTION('',(0.21850801222441,-0.672498511963957,-0.707106781186548));
#8443=DIRECTION('',(-0.951056516295154,-0.309016994374947,0.));
#8444=DIRECTION('center_axis',(0.,0.,-1.));
#8445=DIRECTION('ref_axis',(0.809016994374947,-0.587785252292473,0.));
#8446=DIRECTION('center_axis',(0.,0.,-1.));
#8447=DIRECTION('ref_axis',(0.809016994374947,-0.587785252292473,0.));
#8448=DIRECTION('center_axis',(-0.809016994374948,0.587785252292473,0.));
#8449=DIRECTION('ref_axis',(0.587785252292473,0.809016994374947,0.));
#8450=DIRECTION('',(0.,0.,1.));
#8451=DIRECTION('',(0.,0.,-1.));
#8452=DIRECTION('center_axis',(0.,0.,-1.));
#8453=DIRECTION('ref_axis',(-0.309016994374947,0.951056516295154,0.));
#8454=DIRECTION('',(0.,0.,1.));
#8455=DIRECTION('center_axis',(0.309016994374948,0.951056516295154,0.));
#8456=DIRECTION('ref_axis',(0.951056516295153,-0.309016994374948,0.));
#8457=DIRECTION('',(0.,0.,-1.));
#8458=DIRECTION('center_axis',(0.,0.,-1.));
#8459=DIRECTION('ref_axis',(0.809016994374947,0.587785252292473,0.));
#8460=DIRECTION('center_axis',(0.,0.,1.));
#8461=DIRECTION('ref_axis',(1.,0.,0.));
#8462=DIRECTION('',(0.809016994374947,0.587785252292473,-3.330668627198E-16));
#8463=DIRECTION('',(0.587785252292473,-0.809016994374947,0.));
#8464=DIRECTION('center_axis',(0.,0.,-1.));
#8465=DIRECTION('ref_axis',(1.,7.87010094457031E-17,0.));
#8466=DIRECTION('',(-0.587785252292473,-0.809016994374947,0.));
#8467=DIRECTION('',(0.809016994374947,-0.587785252292473,-3.330668627198E-16));
#8468=DIRECTION('',(-0.587785252292473,-0.809016994374947,0.));
#8469=DIRECTION('',(0.809016994374947,-0.587785252292473,-3.330668627198E-16));
#8470=DIRECTION('',(-0.587785252292473,-0.809016994374947,0.));
#8471=DIRECTION('center_axis',(0.,0.,-1.));
#8472=DIRECTION('ref_axis',(0.309016994374947,-0.951056516295154,0.));
#8473=DIRECTION('',(-0.951056516295154,0.309016994374948,0.));
#8474=DIRECTION('',(-0.309016994374948,-0.951056516295154,-3.330668627198E-16));
#8475=DIRECTION('',(-0.951056516295154,0.309016994374947,0.));
#8476=DIRECTION('',(-0.309016994374948,-0.951056516295154,-3.330668627198E-16));
#8477=DIRECTION('',(-0.951056516295153,0.309016994374947,0.));
#8478=DIRECTION('center_axis',(0.,0.,-1.));
#8479=DIRECTION('ref_axis',(-0.809016994374947,-0.587785252292473,0.));
#8480=DIRECTION('',(0.,1.,0.));
#8481=DIRECTION('',(-1.,0.,-3.330668627198E-16));
#8482=DIRECTION('',(7.64045449392444E-17,1.,0.));
#8483=DIRECTION('',(-1.,0.,-3.330668627198E-16));
#8484=DIRECTION('',(0.,1.,0.));
#8485=DIRECTION('center_axis',(0.,0.,-1.));
#8486=DIRECTION('ref_axis',(-0.809016994374948,0.587785252292472,0.));
#8487=DIRECTION('',(0.951056516295154,0.309016994374947,0.));
#8488=DIRECTION('',(-0.309016994374947,0.951056516295154,-3.330668627198E-16));
#8489=DIRECTION('',(0.951056516295154,0.309016994374947,0.));
#8490=DIRECTION('',(-0.309016994374947,0.951056516295154,-3.330668627198E-16));
#8491=DIRECTION('',(0.951056516295154,0.309016994374947,0.));
#8492=DIRECTION('center_axis',(0.,0.,-1.));
#8493=DIRECTION('ref_axis',(0.309016994374947,0.951056516295154,0.));
#8494=DIRECTION('',(0.587785252292473,-0.809016994374947,0.));
#8495=DIRECTION('',(0.809016994374947,0.587785252292473,-3.330668627198E-16));
#8496=DIRECTION('',(0.587785252292473,-0.809016994374947,0.));
#8497=DIRECTION('center_axis',(-0.587785252292473,0.809016994374947,0.));
#8498=DIRECTION('ref_axis',(-0.572061402817684,-0.415626937777453,-0.707106781186547));
#8499=DIRECTION('center_axis',(0.587785252292473,-0.809016994374948,0.));
#8500=DIRECTION('ref_axis',(-0.572061402817684,-0.415626937777453,-0.707106781186547));
#8501=DIRECTION('',(-0.587785252292473,0.809016994374947,0.));
#8502=DIRECTION('center_axis',(-0.587785252292473,0.809016994374948,0.));
#8503=DIRECTION('ref_axis',(-0.572061402817684,-0.415626937777453,-0.707106781186547));
#8504=DIRECTION('center_axis',(-0.809016994374947,-0.587785252292473,0.));
#8505=DIRECTION('ref_axis',(0.587785252292473,-0.809016994374947,0.));
#8506=DIRECTION('',(0.,0.,-1.));
#8507=DIRECTION('',(0.587785252292473,-0.809016994374947,0.));
#8508=DIRECTION('',(0.,0.,1.));
#8509=DIRECTION('center_axis',(-0.587785252292473,0.809016994374947,0.));
#8510=DIRECTION('ref_axis',(-0.572061402817684,-0.415626937777454,0.707106781186547));
#8511=DIRECTION('center_axis',(0.587785252292473,-0.809016994374948,0.));
#8512=DIRECTION('ref_axis',(-0.572061402817684,-0.415626937777454,0.707106781186547));
#8513=DIRECTION('center_axis',(-0.587785252292473,0.809016994374948,0.));
#8514=DIRECTION('ref_axis',(-0.572061402817684,-0.415626937777454,0.707106781186547));
#8515=DIRECTION('center_axis',(0.587785252292473,-0.809016994374948,0.));
#8516=DIRECTION('ref_axis',(-0.809016994374947,-0.587785252292473,0.));
#8517=DIRECTION('center_axis',(0.587785252292473,-0.809016994374948,0.));
#8518=DIRECTION('ref_axis',(-0.809016994374947,-0.587785252292473,0.));
#8519=DIRECTION('center_axis',(-0.587785252292473,0.809016994374948,0.));
#8520=DIRECTION('ref_axis',(-0.809016994374948,-0.587785252292473,0.));
#8521=DIRECTION('center_axis',(0.587785252292473,-0.809016994374948,0.));
#8522=DIRECTION('ref_axis',(-0.809016994374947,-0.587785252292473,0.));
#8523=DIRECTION('center_axis',(0.587785252292473,-0.809016994374948,0.));
#8524=DIRECTION('ref_axis',(-0.809016994374947,-0.587785252292473,0.));
#8525=DIRECTION('center_axis',(0.587785252292473,-0.809016994374948,0.));
#8526=DIRECTION('ref_axis',(-0.809016994374948,-0.587785252292473,0.));
#8527=DIRECTION('center_axis',(0.587785252292473,0.809016994374947,0.));
#8528=DIRECTION('ref_axis',(-0.572061402817684,0.415626937777453,-0.707106781186548));
#8529=DIRECTION('center_axis',(-0.587785252292473,-0.809016994374947,0.));
#8530=DIRECTION('ref_axis',(-0.572061402817684,0.415626937777453,-0.707106781186548));
#8531=DIRECTION('',(0.587785252292473,0.809016994374947,0.));
#8532=DIRECTION('center_axis',(0.587785252292473,0.809016994374947,0.));
#8533=DIRECTION('ref_axis',(-0.572061402817684,0.415626937777453,-0.707106781186548));
#8534=DIRECTION('center_axis',(-0.809016994374947,0.587785252292473,0.));
#8535=DIRECTION('ref_axis',(-0.587785252292473,-0.809016994374947,0.));
#8536=DIRECTION('',(0.,0.,-1.));
#8537=DIRECTION('',(-0.587785252292473,-0.809016994374947,0.));
#8538=DIRECTION('',(0.,0.,1.));
#8539=DIRECTION('center_axis',(0.587785252292473,0.809016994374947,0.));
#8540=DIRECTION('ref_axis',(-0.572061402817683,0.415626937777454,0.707106781186548));
#8541=DIRECTION('center_axis',(-0.587785252292473,-0.809016994374947,0.));
#8542=DIRECTION('ref_axis',(-0.572061402817683,0.415626937777454,0.707106781186548));
#8543=DIRECTION('center_axis',(0.587785252292473,0.809016994374947,0.));
#8544=DIRECTION('ref_axis',(-0.572061402817683,0.415626937777454,0.707106781186548));
#8545=DIRECTION('center_axis',(-0.587785252292473,-0.809016994374947,0.));
#8546=DIRECTION('ref_axis',(-0.809016994374947,0.587785252292473,0.));
#8547=DIRECTION('center_axis',(-0.587785252292473,-0.809016994374947,0.));
#8548=DIRECTION('ref_axis',(-0.809016994374947,0.587785252292473,0.));
#8549=DIRECTION('center_axis',(0.587785252292473,0.809016994374947,0.));
#8550=DIRECTION('ref_axis',(-0.809016994374947,0.587785252292473,0.));
#8551=DIRECTION('center_axis',(-0.587785252292473,-0.809016994374947,0.));
#8552=DIRECTION('ref_axis',(-0.809016994374947,0.587785252292473,0.));
#8553=DIRECTION('center_axis',(-0.587785252292473,-0.809016994374947,0.));
#8554=DIRECTION('ref_axis',(-0.809016994374947,0.587785252292473,0.));
#8555=DIRECTION('center_axis',(-0.587785252292473,-0.809016994374947,0.));
#8556=DIRECTION('ref_axis',(-0.809016994374947,0.587785252292473,0.));
#8557=DIRECTION('center_axis',(0.951056516295154,-0.309016994374947,0.));
#8558=DIRECTION('ref_axis',(0.21850801222441,0.672498511963956,0.707106781186549));
#8559=DIRECTION('center_axis',(-0.951056516295154,0.309016994374948,0.));
#8560=DIRECTION('ref_axis',(0.21850801222441,0.672498511963956,0.707106781186549));
#8561=DIRECTION('center_axis',(0.951056516295154,-0.309016994374948,0.));
#8562=DIRECTION('ref_axis',(0.21850801222441,0.672498511963956,0.707106781186549));
#8563=DIRECTION('',(-0.951056516295154,0.309016994374947,0.));
#8564=DIRECTION('center_axis',(0.951056516295154,-0.309016994374947,0.));
#8565=DIRECTION('ref_axis',(0.218508012224412,0.672498511963958,-0.707106781186547));
#8566=DIRECTION('center_axis',(-0.951056516295154,0.309016994374948,0.));
#8567=DIRECTION('ref_axis',(0.218508012224412,0.672498511963958,-0.707106781186547));
#8568=DIRECTION('',(0.951056516295154,-0.309016994374947,0.));
#8569=DIRECTION('center_axis',(0.951056516295154,-0.309016994374948,0.));
#8570=DIRECTION('ref_axis',(0.218508012224412,0.672498511963958,-0.707106781186547));
#8571=DIRECTION('center_axis',(0.309016994374947,0.951056516295154,0.));
#8572=DIRECTION('ref_axis',(-0.951056516295154,0.309016994374947,0.));
#8573=DIRECTION('',(0.,0.,1.));
#8574=DIRECTION('',(0.,0.,-1.));
#8575=DIRECTION('center_axis',(-0.951056516295154,0.309016994374948,0.));
#8576=DIRECTION('ref_axis',(0.309016994374948,0.951056516295154,0.));
#8577=DIRECTION('center_axis',(-0.951056516295154,0.309016994374948,0.));
#8578=DIRECTION('ref_axis',(0.309016994374948,0.951056516295154,0.));
#8579=DIRECTION('center_axis',(0.951056516295154,-0.309016994374948,0.));
#8580=DIRECTION('ref_axis',(0.309016994374948,0.951056516295154,0.));
#8581=DIRECTION('center_axis',(-0.951056516295154,0.309016994374948,0.));
#8582=DIRECTION('ref_axis',(0.309016994374948,0.951056516295154,0.));
#8583=DIRECTION('center_axis',(-0.951056516295154,0.309016994374948,0.));
#8584=DIRECTION('ref_axis',(0.309016994374948,0.951056516295154,0.));
#8585=DIRECTION('center_axis',(-0.951056516295154,0.309016994374948,0.));
#8586=DIRECTION('ref_axis',(0.309016994374948,0.951056516295154,0.));
#8587=DIRECTION('center_axis',(-0.951056516295154,-0.309016994374947,0.));
#8588=DIRECTION('ref_axis',(0.21850801222441,-0.672498511963957,0.707106781186548));
#8589=DIRECTION('center_axis',(0.951056516295154,0.309016994374947,0.));
#8590=DIRECTION('ref_axis',(0.21850801222441,-0.672498511963957,0.707106781186548));
#8591=DIRECTION('center_axis',(-0.951056516295154,-0.309016994374947,0.));
#8592=DIRECTION('ref_axis',(0.21850801222441,-0.672498511963957,0.707106781186548));
#8593=DIRECTION('',(0.951056516295154,0.309016994374947,0.));
#8594=DIRECTION('center_axis',(-0.951056516295154,-0.309016994374947,0.));
#8595=DIRECTION('ref_axis',(0.21850801222441,-0.672498511963957,-0.707106781186548));
#8596=DIRECTION('center_axis',(0.951056516295154,0.309016994374947,0.));
#8597=DIRECTION('ref_axis',(0.21850801222441,-0.672498511963957,-0.707106781186548));
#8598=DIRECTION('',(-0.951056516295154,-0.309016994374947,0.));
#8599=DIRECTION('center_axis',(-0.951056516295154,-0.309016994374947,0.));
#8600=DIRECTION('ref_axis',(0.21850801222441,-0.672498511963957,-0.707106781186548));
#8601=DIRECTION('center_axis',(0.309016994374947,-0.951056516295154,0.));
#8602=DIRECTION('ref_axis',(0.951056516295154,0.309016994374947,0.));
#8603=DIRECTION('',(0.,0.,1.));
#8604=DIRECTION('',(0.,0.,-1.));
#8605=DIRECTION('center_axis',(0.951056516295154,0.309016994374947,0.));
#8606=DIRECTION('ref_axis',(0.309016994374947,-0.951056516295154,0.));
#8607=DIRECTION('center_axis',(0.951056516295154,0.309016994374947,0.));
#8608=DIRECTION('ref_axis',(0.309016994374947,-0.951056516295154,0.));
#8609=DIRECTION('center_axis',(-0.951056516295154,-0.309016994374947,0.));
#8610=DIRECTION('ref_axis',(0.309016994374947,-0.951056516295154,0.));
#8611=DIRECTION('center_axis',(0.951056516295154,0.309016994374947,0.));
#8612=DIRECTION('ref_axis',(0.309016994374947,-0.951056516295154,0.));
#8613=DIRECTION('center_axis',(0.951056516295154,0.309016994374947,0.));
#8614=DIRECTION('ref_axis',(0.309016994374947,-0.951056516295154,0.));
#8615=DIRECTION('center_axis',(0.951056516295154,0.309016994374947,0.));
#8616=DIRECTION('ref_axis',(0.309016994374947,-0.951056516295154,0.));
#8617=DIRECTION('center_axis',(-7.64045449392444E-17,-1.,0.));
#8618=DIRECTION('ref_axis',(0.707106781186547,0.,0.707106781186548));
#8619=DIRECTION('center_axis',(0.,1.,0.));
#8620=DIRECTION('ref_axis',(0.707106781186547,0.,0.707106781186548));
#8621=DIRECTION('center_axis',(0.,-1.,0.));
#8622=DIRECTION('ref_axis',(0.707106781186547,0.,0.707106781186548));
#8623=DIRECTION('',(7.64045449392444E-17,1.,0.));
#8624=DIRECTION('center_axis',(-7.64045449392444E-17,-1.,0.));
#8625=DIRECTION('ref_axis',(0.707106781186547,0.,-0.707106781186548));
#8626=DIRECTION('center_axis',(0.,1.,0.));
#8627=DIRECTION('ref_axis',(0.707106781186547,0.,-0.707106781186548));
#8628=DIRECTION('',(-7.64045449392444E-17,-1.,0.));
#8629=DIRECTION('center_axis',(0.,-1.,0.));
#8630=DIRECTION('ref_axis',(0.707106781186547,0.,-0.707106781186548));
#8631=DIRECTION('center_axis',(1.,-7.64045449392444E-17,0.));
#8632=DIRECTION('ref_axis',(7.64045449392444E-17,1.,0.));
#8633=DIRECTION('',(0.,0.,1.));
#8634=DIRECTION('',(0.,0.,-1.));
#8635=DIRECTION('center_axis',(0.,1.,0.));
#8636=DIRECTION('ref_axis',(1.,0.,0.));
#8637=DIRECTION('center_axis',(0.,1.,0.));
#8638=DIRECTION('ref_axis',(1.,0.,0.));
#8639=DIRECTION('center_axis',(0.,-1.,0.));
#8640=DIRECTION('ref_axis',(1.,0.,0.));
#8641=DIRECTION('center_axis',(0.,1.,0.));
#8642=DIRECTION('ref_axis',(1.,0.,0.));
#8643=DIRECTION('center_axis',(0.,1.,0.));
#8644=DIRECTION('ref_axis',(1.,0.,0.));
#8645=DIRECTION('center_axis',(0.,1.,0.));
#8646=DIRECTION('ref_axis',(1.,0.,0.));
#8647=DIRECTION('center_axis',(0.,0.,-1.));
#8648=DIRECTION('ref_axis',(-1.,-1.37231112862212E-16,0.));
#8649=DIRECTION('center_axis',(0.,0.,1.));
#8650=DIRECTION('ref_axis',(-0.809016994374948,0.587785252292472,0.));
#8651=DIRECTION('',(0.,0.,-1.));
#8652=DIRECTION('',(0.,0.,1.));
#8653=DIRECTION('center_axis',(0.,1.,0.));
#8654=DIRECTION('ref_axis',(1.,0.,0.));
#8655=DIRECTION('center_axis',(0.,1.,0.));
#8656=DIRECTION('ref_axis',(1.,0.,0.));
#8657=DIRECTION('center_axis',(0.,0.,1.));
#8658=DIRECTION('ref_axis',(0.309016994374947,0.951056516295154,0.));
#8659=DIRECTION('',(0.,0.,-1.));
#8660=DIRECTION('',(0.,0.,1.));
#8661=DIRECTION('center_axis',(0.951056516295154,0.309016994374947,0.));
#8662=DIRECTION('ref_axis',(0.309016994374947,-0.951056516295154,0.));
#8663=DIRECTION('center_axis',(0.951056516295154,0.309016994374947,0.));
#8664=DIRECTION('ref_axis',(0.309016994374947,-0.951056516295154,0.));
#8665=DIRECTION('center_axis',(0.,0.,1.));
#8666=DIRECTION('ref_axis',(1.,7.87010094457031E-17,0.));
#8667=DIRECTION('',(0.,0.,-1.));
#8668=DIRECTION('',(0.,0.,1.));
#8669=DIRECTION('center_axis',(0.587785252292473,-0.809016994374948,0.));
#8670=DIRECTION('ref_axis',(-0.809016994374947,-0.587785252292473,0.));
#8671=DIRECTION('center_axis',(0.587785252292473,-0.809016994374948,0.));
#8672=DIRECTION('ref_axis',(-0.809016994374947,-0.587785252292473,0.));
#8673=DIRECTION('center_axis',(0.,0.,1.));
#8674=DIRECTION('ref_axis',(0.309016994374947,-0.951056516295154,0.));
#8675=DIRECTION('',(0.,0.,-1.));
#8676=DIRECTION('',(0.,0.,1.));
#8677=DIRECTION('center_axis',(-0.587785252292473,-0.809016994374947,0.));
#8678=DIRECTION('ref_axis',(-0.809016994374947,0.587785252292473,0.));
#8679=DIRECTION('center_axis',(-0.587785252292473,-0.809016994374947,0.));
#8680=DIRECTION('ref_axis',(-0.809016994374947,0.587785252292473,0.));
#8681=DIRECTION('center_axis',(0.,0.,1.));
#8682=DIRECTION('ref_axis',(-0.809016994374947,-0.587785252292473,0.));
#8683=DIRECTION('',(0.,0.,-1.));
#8684=DIRECTION('',(0.,0.,1.));
#8685=DIRECTION('center_axis',(-0.951056516295154,0.309016994374948,0.));
#8686=DIRECTION('ref_axis',(0.309016994374948,0.951056516295154,0.));
#8687=DIRECTION('center_axis',(-0.951056516295154,0.309016994374948,0.));
#8688=DIRECTION('ref_axis',(0.309016994374948,0.951056516295154,0.));
#8689=DIRECTION('center_axis',(0.951056516295154,0.309016994374947,0.));
#8690=DIRECTION('ref_axis',(0.309016994374947,-0.951056516295154,0.));
#8691=DIRECTION('center_axis',(0.951056516295154,0.309016994374947,0.));
#8692=DIRECTION('ref_axis',(0.309016994374947,-0.951056516295154,0.));
#8693=DIRECTION('center_axis',(0.951056516295154,0.309016994374947,0.));
#8694=DIRECTION('ref_axis',(0.309016994374947,-0.951056516295154,0.));
#8695=DIRECTION('center_axis',(0.951056516295154,0.309016994374947,0.));
#8696=DIRECTION('ref_axis',(0.309016994374947,-0.951056516295154,0.));
#8697=DIRECTION('center_axis',(-0.951056516295154,-0.309016994374947,0.));
#8698=DIRECTION('ref_axis',(0.309016994374947,-0.951056516295154,0.));
#8699=DIRECTION('',(0.951056516295154,0.309016994374947,0.));
#8700=DIRECTION('center_axis',(0.587785252292473,-0.809016994374948,0.));
#8701=DIRECTION('ref_axis',(-0.809016994374947,-0.587785252292473,0.));
#8702=DIRECTION('center_axis',(0.587785252292473,-0.809016994374948,0.));
#8703=DIRECTION('ref_axis',(-0.809016994374947,-0.587785252292473,0.));
#8704=DIRECTION('center_axis',(0.587785252292473,-0.809016994374948,0.));
#8705=DIRECTION('ref_axis',(-0.809016994374947,-0.587785252292473,0.));
#8706=DIRECTION('center_axis',(0.587785252292473,-0.809016994374948,0.));
#8707=DIRECTION('ref_axis',(-0.809016994374947,-0.587785252292473,0.));
#8708=DIRECTION('center_axis',(-0.587785252292473,0.809016994374948,0.));
#8709=DIRECTION('ref_axis',(-0.809016994374948,-0.587785252292473,0.));
#8710=DIRECTION('',(0.587785252292473,-0.809016994374948,0.));
#8711=DIRECTION('center_axis',(-0.587785252292473,-0.809016994374947,0.));
#8712=DIRECTION('ref_axis',(-0.809016994374947,0.587785252292473,0.));
#8713=DIRECTION('center_axis',(-0.587785252292473,-0.809016994374947,0.));
#8714=DIRECTION('ref_axis',(-0.809016994374947,0.587785252292473,0.));
#8715=DIRECTION('center_axis',(-0.587785252292473,-0.809016994374947,0.));
#8716=DIRECTION('ref_axis',(-0.809016994374947,0.587785252292473,0.));
#8717=DIRECTION('center_axis',(-0.587785252292473,-0.809016994374947,0.));
#8718=DIRECTION('ref_axis',(-0.809016994374947,0.587785252292473,0.));
#8719=DIRECTION('center_axis',(0.587785252292473,0.809016994374947,0.));
#8720=DIRECTION('ref_axis',(-0.809016994374947,0.587785252292473,0.));
#8721=DIRECTION('',(-0.587785252292473,-0.809016994374947,0.));
#8722=DIRECTION('center_axis',(-0.951056516295154,0.309016994374948,0.));
#8723=DIRECTION('ref_axis',(0.309016994374948,0.951056516295154,0.));
#8724=DIRECTION('center_axis',(-0.951056516295154,0.309016994374948,0.));
#8725=DIRECTION('ref_axis',(0.309016994374948,0.951056516295154,0.));
#8726=DIRECTION('center_axis',(-0.951056516295154,0.309016994374948,0.));
#8727=DIRECTION('ref_axis',(0.309016994374948,0.951056516295154,0.));
#8728=DIRECTION('center_axis',(-0.951056516295154,0.309016994374948,0.));
#8729=DIRECTION('ref_axis',(0.309016994374948,0.951056516295154,0.));
#8730=DIRECTION('center_axis',(0.951056516295154,-0.309016994374948,0.));
#8731=DIRECTION('ref_axis',(0.309016994374948,0.951056516295154,0.));
#8732=DIRECTION('',(-0.951056516295153,0.309016994374947,0.));
#8733=DIRECTION('center_axis',(0.,1.,0.));
#8734=DIRECTION('ref_axis',(1.,0.,0.));
#8735=DIRECTION('center_axis',(0.,1.,0.));
#8736=DIRECTION('ref_axis',(1.,0.,0.));
#8737=DIRECTION('center_axis',(0.,1.,0.));
#8738=DIRECTION('ref_axis',(1.,0.,0.));
#8739=DIRECTION('center_axis',(0.,1.,0.));
#8740=DIRECTION('ref_axis',(1.,0.,0.));
#8741=DIRECTION('center_axis',(0.,-1.,0.));
#8742=DIRECTION('ref_axis',(1.,0.,0.));
#8743=DIRECTION('',(0.,1.,0.));
#8744=DIRECTION('center_axis',(0.,0.,1.));
#8745=DIRECTION('ref_axis',(-0.707106781186548,0.707106781186548,0.));
#8746=DIRECTION('center_axis',(0.,0.,-1.));
#8747=DIRECTION('ref_axis',(-0.707106781186548,0.707106781186548,0.));
#8748=DIRECTION('',(-0.589255650988793,-0.390867979985283,-0.707106781186546));
#8749=DIRECTION('center_axis',(0.,0.,1.));
#8750=DIRECTION('ref_axis',(-0.707106781186547,0.707106781186547,0.));
#8751=DIRECTION('center_axis',(0.763762615825973,0.,-0.645497224367903));
#8752=DIRECTION('ref_axis',(-0.645497224367903,0.,-0.763762615825973));
#8753=DIRECTION('',(0.645497224367903,0.,0.763762615825973));
#8754=DIRECTION('',(0.,-1.,0.));
#8755=DIRECTION('',(-0.645497224367903,0.,-0.763762615825973));
#8756=DIRECTION('',(0.,1.,0.));
#8757=DIRECTION('center_axis',(0.,0.,1.));
#8758=DIRECTION('ref_axis',(0.707106781186548,-0.707106781186548,0.));
#8759=DIRECTION('center_axis',(0.,0.,1.));
#8760=DIRECTION('ref_axis',(0.707106781186547,-0.707106781186547,0.));
#8761=DIRECTION('',(0.589255650988791,-0.390867979985288,0.707106781186545));
#8762=DIRECTION('center_axis',(0.,0.,-1.));
#8763=DIRECTION('ref_axis',(0.707106781186548,-0.707106781186548,0.));
#8764=DIRECTION('center_axis',(0.,0.,-1.));
#8765=DIRECTION('ref_axis',(-0.707106781186547,0.707106781186547,0.));
#8766=DIRECTION('',(0.,0.,-1.));
#8767=DIRECTION('center_axis',(0.,0.,-1.));
#8768=DIRECTION('ref_axis',(-0.707106781186547,0.707106781186547,0.));
#8769=DIRECTION('',(0.,0.,1.));
#8770=DIRECTION('center_axis',(1.,0.,0.));
#8771=DIRECTION('ref_axis',(0.,-1.,0.));
#8772=DIRECTION('',(0.,0.,1.));
#8773=DIRECTION('',(0.,-1.,0.));
#8774=DIRECTION('center_axis',(0.,0.,-1.));
#8775=DIRECTION('ref_axis',(0.707106781186547,-0.707106781186547,0.));
#8776=DIRECTION('',(0.,0.,-1.));
#8777=DIRECTION('center_axis',(0.,0.,-1.));
#8778=DIRECTION('ref_axis',(0.707106781186547,-0.707106781186547,0.));
#8779=DIRECTION('center_axis',(0.,0.,-1.));
#8780=DIRECTION('ref_axis',(-1.,0.,0.));
#8781=DIRECTION('',(3.76648188781193E-16,1.,0.));
#8782=DIRECTION('center_axis',(0.,0.,-1.));
#8783=DIRECTION('ref_axis',(0.601815023152048,0.798635510047293,0.));
#8784=DIRECTION('',(-0.961261695938319,-0.275637355816999,0.));
#8785=DIRECTION('center_axis',(0.,0.,-1.));
#8786=DIRECTION('ref_axis',(-0.798635510047291,0.60181502315205,0.));
#8787=DIRECTION('',(0.,-1.,0.));
#8788=DIRECTION('center_axis',(0.,0.,1.));
#8789=DIRECTION('ref_axis',(0.707106781186548,-0.707106781186547,0.));
#8790=DIRECTION('',(-1.,4.44089209850063E-16,0.));
#8791=DIRECTION('center_axis',(0.,0.,-1.));
#8792=DIRECTION('ref_axis',(-0.707106781186546,0.707106781186549,0.));
#8793=DIRECTION('',(0.,-1.,0.));
#8794=DIRECTION('center_axis',(0.,0.,-1.));
#8795=DIRECTION('ref_axis',(-0.707106781186548,-0.707106781186547,0.));
#8796=DIRECTION('',(1.,0.,0.));
#8797=DIRECTION('center_axis',(0.,0.,1.));
#8798=DIRECTION('ref_axis',(0.,-1.,0.));
#8799=DIRECTION('center_axis',(0.,0.,-1.));
#8800=DIRECTION('ref_axis',(-0.798635510047291,-0.60181502315205,0.));
#8801=DIRECTION('',(0.961261695938319,-0.275637355816999,0.));
#8802=DIRECTION('center_axis',(0.,0.,-1.));
#8803=DIRECTION('ref_axis',(0.601815023152048,-0.798635510047293,0.));
#8804=DIRECTION('',(3.76648188781193E-16,1.,0.));
#8805=DIRECTION('',(0.,1.,0.));
#8806=DIRECTION('center_axis',(0.,0.,1.));
#8807=DIRECTION('ref_axis',(0.601815023152048,-0.798635510047293,0.));
#8808=DIRECTION('',(0.961261695938319,-0.275637355816999,0.));
#8809=DIRECTION('',(0.,1.,0.));
#8810=DIRECTION('',(1.,0.,0.));
#8811=DIRECTION('',(0.,-1.,0.));
#8812=DIRECTION('',(-1.,0.,0.));
#8813=DIRECTION('',(0.,1.,0.));
#8814=DIRECTION('',(-0.961261695938319,-0.275637355816999,0.));
#8815=DIRECTION('center_axis',(0.,0.,1.));
#8816=DIRECTION('ref_axis',(0.601815023152048,0.798635510047293,0.));
#8817=DIRECTION('',(0.,1.,0.));
#8818=DIRECTION('center_axis',(0.,0.,-1.));
#8819=DIRECTION('ref_axis',(-0.707106781186548,-0.707106781186547,0.));
#8820=DIRECTION('center_axis',(0.,0.,1.));
#8821=DIRECTION('ref_axis',(-0.707106781186548,-0.707106781186547,0.));
#8822=DIRECTION('',(0.,0.,-1.));
#8823=DIRECTION('',(0.,0.,1.));
#8824=DIRECTION('center_axis',(0.,-1.,0.));
#8825=DIRECTION('ref_axis',(-1.,0.,0.));
#8826=DIRECTION('',(-1.,0.,0.));
#8827=DIRECTION('',(0.,0.,1.));
#8828=DIRECTION('center_axis',(0.,0.,-1.));
#8829=DIRECTION('ref_axis',(-0.707106781186546,0.707106781186549,0.));
#8830=DIRECTION('center_axis',(0.,0.,1.));
#8831=DIRECTION('ref_axis',(-0.707106781186546,0.707106781186549,0.));
#8832=DIRECTION('',(0.,0.,-1.));
#8833=DIRECTION('',(0.,0.,1.));
#8834=DIRECTION('center_axis',(-1.,0.,0.));
#8835=DIRECTION('ref_axis',(0.,1.,0.));
#8836=DIRECTION('',(0.,1.,0.));
#8837=DIRECTION('center_axis',(0.,0.,-1.));
#8838=DIRECTION('ref_axis',(0.,-1.,0.));
#8839=DIRECTION('center_axis',(0.,0.,-1.));
#8840=DIRECTION('ref_axis',(0.,-1.,0.));
#8841=DIRECTION('',(0.,0.,-1.));
#8842=DIRECTION('center_axis',(0.,0.,-1.));
#8843=DIRECTION('ref_axis',(-0.798635510047291,-0.60181502315205,0.));
#8844=DIRECTION('center_axis',(0.,0.,1.));
#8845=DIRECTION('ref_axis',(-0.798635510047291,-0.60181502315205,0.));
#8846=DIRECTION('',(0.,0.,-1.));
#8847=DIRECTION('center_axis',(-0.275637355816999,-0.961261695938319,0.));
#8848=DIRECTION('ref_axis',(-0.961261695938319,0.275637355816999,0.));
#8849=DIRECTION('',(-0.961261695938319,0.275637355816999,0.));
#8850=DIRECTION('',(0.,0.,1.));
#8851=DIRECTION('',(0.961261695938319,-0.275637355816999,0.));
#8852=DIRECTION('',(0.,0.,1.));
#8853=DIRECTION('',(-0.961261695938319,0.275637355816999,0.));
#8854=DIRECTION('',(0.,0.,1.));
#8855=DIRECTION('center_axis',(0.,0.,-1.));
#8856=DIRECTION('ref_axis',(0.707106781186548,-0.707106781186547,0.));
#8857=DIRECTION('',(0.,0.,1.));
#8858=DIRECTION('center_axis',(0.,0.,-1.));
#8859=DIRECTION('ref_axis',(0.707106781186548,-0.707106781186547,0.));
#8860=DIRECTION('',(0.,0.,-1.));
#8861=DIRECTION('center_axis',(4.44089209850063E-16,1.,0.));
#8862=DIRECTION('ref_axis',(1.,-4.44089209850063E-16,0.));
#8863=DIRECTION('',(1.,-4.44089209850063E-16,0.));
#8864=DIRECTION('center_axis',(0.,0.,-1.));
#8865=DIRECTION('ref_axis',(-0.798635510047291,0.60181502315205,0.));
#8866=DIRECTION('center_axis',(0.,0.,1.));
#8867=DIRECTION('ref_axis',(-0.798635510047291,0.60181502315205,0.));
#8868=DIRECTION('',(0.,0.,-1.));
#8869=DIRECTION('',(0.,0.,1.));
#8870=DIRECTION('center_axis',(-1.,0.,0.));
#8871=DIRECTION('ref_axis',(0.,1.,0.));
#8872=DIRECTION('',(0.,1.,0.));
#8873=DIRECTION('center_axis',(0.,0.,-1.));
#8874=DIRECTION('ref_axis',(0.601815023152048,0.798635510047293,0.));
#8875=DIRECTION('center_axis',(0.,0.,1.));
#8876=DIRECTION('ref_axis',(0.601815023152048,0.798635510047293,0.));
#8877=DIRECTION('',(0.,0.,-1.));
#8878=DIRECTION('',(0.,0.,1.));
#8879=DIRECTION('center_axis',(-0.275637355816999,0.961261695938319,0.));
#8880=DIRECTION('ref_axis',(0.961261695938319,0.275637355816999,0.));
#8881=DIRECTION('',(0.961261695938319,0.275637355816999,0.));
#8882=DIRECTION('',(0.,0.,-1.));
#8883=DIRECTION('',(-0.961261695938319,-0.275637355816999,0.));
#8884=DIRECTION('',(0.,0.,-1.));
#8885=DIRECTION('',(0.961261695938319,0.275637355816999,0.));
#8886=DIRECTION('center_axis',(0.,0.,-1.));
#8887=DIRECTION('ref_axis',(0.601815023152048,0.798635510047293,0.));
#8888=DIRECTION('center_axis',(0.,0.,-1.));
#8889=DIRECTION('ref_axis',(0.601815023152048,0.798635510047293,0.));
#8890=DIRECTION('',(0.,0.,1.));
#8891=DIRECTION('center_axis',(0.,0.,1.));
#8892=DIRECTION('ref_axis',(0.601815023152048,0.798635510047293,0.));
#8893=DIRECTION('center_axis',(1.,-3.76648188781193E-16,0.));
#8894=DIRECTION('ref_axis',(-3.76648188781193E-16,-1.,0.));
#8895=DIRECTION('',(3.76648188781193E-16,1.,0.));
#8896=DIRECTION('',(0.,0.,-1.));
#8897=DIRECTION('',(-3.76648188781193E-16,-1.,0.));
#8898=DIRECTION('center_axis',(0.,0.,-1.));
#8899=DIRECTION('ref_axis',(0.601815023152048,-0.798635510047293,0.));
#8900=DIRECTION('center_axis',(0.,0.,1.));
#8901=DIRECTION('ref_axis',(0.601815023152048,-0.798635510047293,0.));
#8902=DIRECTION('',(0.,0.,-1.));
#8903=DIRECTION('center_axis',(0.,0.,-1.));
#8904=DIRECTION('ref_axis',(0.601815023152048,-0.798635510047293,0.));
#8905=DIRECTION('center_axis',(0.,0.,-1.));
#8906=DIRECTION('ref_axis',(0.601815023152048,-0.798635510047293,0.));
#8907=DIRECTION('center_axis',(0.,0.,1.));
#8908=DIRECTION('ref_axis',(0.601815023152048,-0.798635510047293,0.));
#8909=DIRECTION('center_axis',(0.,0.,1.));
#8910=DIRECTION('ref_axis',(-1.,0.,0.));
#8911=DIRECTION('',(0.,1.,0.));
#8912=DIRECTION('',(-0.961261695938319,-0.275637355816999,0.));
#8913=DIRECTION('center_axis',(0.,0.,1.));
#8914=DIRECTION('ref_axis',(-1.,0.,0.));
#8915=DIRECTION('',(0.,-1.,0.));
#8916=DIRECTION('center_axis',(0.,0.,1.));
#8917=DIRECTION('ref_axis',(-1.,0.,0.));
#8918=DIRECTION('',(0.961261695938319,-0.275637355816999,0.));
#8919=DIRECTION('',(0.,1.,0.));
#8920=DIRECTION('center_axis',(-1.,0.,0.));
#8921=DIRECTION('ref_axis',(0.,1.,0.));
#8922=DIRECTION('',(0.,1.,0.));
#8923=DIRECTION('center_axis',(-1.,0.,0.));
#8924=DIRECTION('ref_axis',(0.,1.,-3.55738289173649E-16));
#8925=DIRECTION('',(0.,0.,-1.));
#8926=DIRECTION('center_axis',(-1.,0.,0.));
#8927=DIRECTION('ref_axis',(0.,1.,-1.77869144586825E-16));
#8928=DIRECTION('center_axis',(-1.,0.,0.));
#8929=DIRECTION('ref_axis',(0.,1.,0.));
#8930=DIRECTION('center_axis',(-1.,0.,0.));
#8931=DIRECTION('ref_axis',(0.,-1.,-1.77869144586825E-16));
#8932=DIRECTION('',(0.,0.,1.));
#8933=DIRECTION('center_axis',(-1.,0.,0.));
#8934=DIRECTION('ref_axis',(0.,-1.,1.77869144586825E-16));
#8935=DIRECTION('',(0.,1.,0.));
#8936=DIRECTION('center_axis',(0.,0.,-1.));
#8937=DIRECTION('ref_axis',(-1.,0.,0.));
#8938=DIRECTION('',(-0.961261695938319,0.275637355816999,0.));
#8939=DIRECTION('center_axis',(0.,0.,-1.));
#8940=DIRECTION('ref_axis',(1.,0.,0.));
#8941=DIRECTION('',(0.,-1.,0.));
#8942=DIRECTION('center_axis',(0.,0.,-1.));
#8943=DIRECTION('ref_axis',(1.,0.,0.));
#8944=DIRECTION('',(0.961261695938319,0.275637355816999,0.));
#8945=DIRECTION('',(-3.76648188781193E-16,-1.,0.));
#8946=DIRECTION('center_axis',(1.,0.,0.));
#8947=DIRECTION('ref_axis',(0.,-1.,0.));
#8948=DIRECTION('',(0.,0.,1.));
#8949=DIRECTION('',(0.,0.,-1.));
#8950=DIRECTION('center_axis',(-0.275637355816999,0.961261695938319,0.));
#8951=DIRECTION('ref_axis',(0.961261695938319,0.275637355816999,0.));
#8952=DIRECTION('',(0.961261695938319,0.275637355816999,0.));
#8953=DIRECTION('',(0.,0.,-1.));
#8954=DIRECTION('',(-0.961261695938319,-0.275637355816999,0.));
#8955=DIRECTION('center_axis',(0.961261695938319,0.275637355816999,0.));
#8956=DIRECTION('ref_axis',(-0.194905043446529,0.679714663692868,-0.707106781186546));
#8957=DIRECTION('center_axis',(-0.961261695938319,-0.275637355816999,0.));
#8958=DIRECTION('ref_axis',(-0.275637355816999,0.961261695938319,0.));
#8959=DIRECTION('center_axis',(1.,0.,0.));
#8960=DIRECTION('ref_axis',(0.,1.,-3.55738289173649E-16));
#8961=DIRECTION('center_axis',(0.,0.,1.));
#8962=DIRECTION('ref_axis',(1.,0.,0.));
#8963=DIRECTION('center_axis',(0.,0.,-1.));
#8964=DIRECTION('ref_axis',(0.601815023152048,0.798635510047293,0.));
#8965=DIRECTION('center_axis',(0.,1.,0.));
#8966=DIRECTION('ref_axis',(1.,0.,0.));
#8967=DIRECTION('center_axis',(0.961261695938319,-0.275637355816999,0.));
#8968=DIRECTION('ref_axis',(-0.194905043446529,-0.679714663692866,0.707106781186547));
#8969=DIRECTION('center_axis',(0.961261695938319,-0.275637355816999,0.));
#8970=DIRECTION('ref_axis',(0.,0.,1.));
#8971=DIRECTION('',(-0.961261695938319,0.275637355816999,0.));
#8972=DIRECTION('center_axis',(1.,0.,0.));
#8973=DIRECTION('ref_axis',(0.,-1.,-1.77869144586825E-16));
#8974=DIRECTION('',(0.961261695938319,-0.275637355816999,0.));
#8975=DIRECTION('center_axis',(0.,0.,-1.));
#8976=DIRECTION('ref_axis',(-1.,0.,0.));
#8977=DIRECTION('center_axis',(0.,0.,1.));
#8978=DIRECTION('ref_axis',(0.601815023152048,-0.798635510047293,0.));
#8979=DIRECTION('center_axis',(0.,1.,0.));
#8980=DIRECTION('ref_axis',(0.,0.,1.));
#8981=DIRECTION('center_axis',(0.,0.,-1.));
#8982=DIRECTION('ref_axis',(0.601815023152048,-0.798635510047293,0.));
#8983=DIRECTION('center_axis',(0.,0.,-1.));
#8984=DIRECTION('ref_axis',(0.60181502315205,-0.798635510047292,0.));
#8985=DIRECTION('center_axis',(0.,0.,-1.));
#8986=DIRECTION('ref_axis',(0.601815023152048,-0.798635510047293,0.));
#8987=DIRECTION('',(0.,0.,1.));
#8988=DIRECTION('center_axis',(0.,-1.,0.));
#8989=DIRECTION('ref_axis',(0.707106781186548,0.,-0.707106781186547));
#8990=DIRECTION('',(0.,-1.,0.));
#8991=DIRECTION('center_axis',(0.,1.,0.));
#8992=DIRECTION('ref_axis',(1.,0.,0.));
#8993=DIRECTION('center_axis',(0.,0.,1.));
#8994=DIRECTION('ref_axis',(1.,0.,0.));
#8995=DIRECTION('center_axis',(0.961261695938319,-0.275637355816999,0.));
#8996=DIRECTION('ref_axis',(-0.275637355816999,-0.961261695938319,0.));
#8997=DIRECTION('center_axis',(-0.961261695938319,0.275637355816999,0.));
#8998=DIRECTION('ref_axis',(-0.194905043446529,-0.679714663692866,-0.707106781186547));
#8999=DIRECTION('',(-0.961261695938319,0.275637355816999,0.));
#9000=DIRECTION('center_axis',(1.,0.,0.));
#9001=DIRECTION('ref_axis',(0.,-1.,1.77869144586825E-16));
#9002=DIRECTION('center_axis',(1.,0.,0.));
#9003=DIRECTION('ref_axis',(0.,0.,-1.));
#9004=DIRECTION('',(0.,0.,-1.));
#9005=DIRECTION('',(0.,1.,0.));
#9006=DIRECTION('center_axis',(0.,0.,-1.));
#9007=DIRECTION('ref_axis',(0.601815023152048,0.798635510047293,0.));
#9008=DIRECTION('center_axis',(0.,0.,1.));
#9009=DIRECTION('ref_axis',(0.601815023152048,0.798635510047293,0.));
#9010=DIRECTION('center_axis',(-1.,0.,0.));
#9011=DIRECTION('ref_axis',(0.,1.,0.));
#9012=DIRECTION('',(0.,0.,-1.));
#9013=DIRECTION('',(0.,1.,0.));
#9014=DIRECTION('center_axis',(1.,0.,0.));
#9015=DIRECTION('ref_axis',(0.,1.,-1.77869144586825E-16));
#9016=DIRECTION('center_axis',(0.961261695938319,0.275637355816999,0.));
#9017=DIRECTION('ref_axis',(-0.194905043446529,0.679714663692866,0.707106781186547));
#9018=DIRECTION('',(0.961261695938319,0.275637355816999,0.));
#9019=DIRECTION('center_axis',(-0.961261695938319,-0.275637355816999,0.));
#9020=DIRECTION('ref_axis',(0.,0.,1.));
#9021=DIRECTION('center_axis',(0.,0.,-1.));
#9022=DIRECTION('ref_axis',(-1.,0.,0.));
#9023=DIRECTION('center_axis',(0.,0.,-1.));
#9024=DIRECTION('ref_axis',(0.601815023152048,0.798635510047293,0.));
#9025=DIRECTION('center_axis',(0.,1.,0.));
#9026=DIRECTION('ref_axis',(0.,0.,1.));
#9027=DIRECTION('center_axis',(0.,-1.,0.));
#9028=DIRECTION('ref_axis',(0.707106781186548,0.,0.707106781186547));
#9029=DIRECTION('',(0.,-1.,0.));
#9030=DIRECTION('center_axis',(-0.275637355816999,-0.961261695938319,0.));
#9031=DIRECTION('ref_axis',(-0.961261695938319,0.275637355816999,0.));
#9032=DIRECTION('',(0.,0.,-1.));
#9033=DIRECTION('center_axis',(-1.,0.,0.));
#9034=DIRECTION('ref_axis',(0.,1.,0.));
#9035=DIRECTION('',(0.,1.,0.));
#9036=DIRECTION('',(0.,0.,1.));
#9037=DIRECTION('center_axis',(0.,-1.,0.));
#9038=DIRECTION('ref_axis',(1.,0.,0.));
#9039=DIRECTION('center_axis',(0.,1.,0.));
#9040=DIRECTION('ref_axis',(1.,0.,0.));
#9041=DIRECTION('',(1.,0.,0.));
#9042=DIRECTION('center_axis',(0.,0.,1.));
#9043=DIRECTION('ref_axis',(1.,0.,0.));
#9044=DIRECTION('',(0.,-1.,0.));
#9045=DIRECTION('',(1.,0.,0.));
#9046=DIRECTION('center_axis',(0.,-1.,0.));
#9047=DIRECTION('ref_axis',(1.,0.,0.));
#9048=DIRECTION('center_axis',(0.,1.,0.));
#9049=DIRECTION('ref_axis',(1.,0.,0.));
#9050=DIRECTION('',(0.,1.,0.));
#9051=DIRECTION('center_axis',(0.,1.,0.));
#9052=DIRECTION('ref_axis',(1.,0.,0.));
#9053=DIRECTION('center_axis',(0.,-1.,0.));
#9054=DIRECTION('ref_axis',(1.,0.,0.));
#9055=DIRECTION('center_axis',(0.,-1.,0.));
#9056=DIRECTION('ref_axis',(1.,0.,0.));
#9057=DIRECTION('',(0.,1.,0.));
#9058=DIRECTION('center_axis',(0.,-1.,0.));
#9059=DIRECTION('ref_axis',(1.,0.,0.));
#9060=DIRECTION('center_axis',(0.,-1.,0.));
#9061=DIRECTION('ref_axis',(1.,0.,0.));
#9062=DIRECTION('center_axis',(0.,-1.,0.));
#9063=DIRECTION('ref_axis',(1.,0.,0.));
#9064=DIRECTION('center_axis',(0.,-1.,0.));
#9065=DIRECTION('ref_axis',(1.,0.,0.));
#9066=DIRECTION('center_axis',(0.707106781186549,0.,-0.707106781186546));
#9067=DIRECTION('ref_axis',(-0.707106781186546,0.,-0.707106781186549));
#9068=DIRECTION('',(-0.707106781186546,1.57009245868378E-15,-0.707106781186549));
#9069=DIRECTION('',(0.,1.,0.));
#9070=DIRECTION('',(0.707106781186546,0.,0.707106781186549));
#9071=DIRECTION('center_axis',(0.,0.,1.));
#9072=DIRECTION('ref_axis',(0.707106781186547,-0.707106781186547,0.));
#9073=DIRECTION('',(0.707106781186565,0.,-0.70710678118653));
#9074=DIRECTION('center_axis',(0.,0.,1.));
#9075=DIRECTION('ref_axis',(0.707106781186547,-0.707106781186547,0.));
#9076=DIRECTION('center_axis',(-0.707106781186549,0.,-0.707106781186546));
#9077=DIRECTION('ref_axis',(-0.707106781186546,0.,0.707106781186549));
#9078=DIRECTION('',(0.707106781186546,-1.57009245868378E-15,-0.707106781186549));
#9079=DIRECTION('',(0.,-1.,0.));
#9080=DIRECTION('',(0.,1.,0.));
#9081=DIRECTION('center_axis',(0.,0.,1.));
#9082=DIRECTION('ref_axis',(-0.707106781186547,0.707106781186547,0.));
#9083=DIRECTION('center_axis',(0.,0.,1.));
#9084=DIRECTION('ref_axis',(-0.707106781186547,0.707106781186547,0.));
#9085=DIRECTION('center_axis',(0.,0.,-1.));
#9086=DIRECTION('ref_axis',(-1.,0.,0.));
#9087=DIRECTION('center_axis',(-1.,0.,0.));
#9088=DIRECTION('ref_axis',(0.,1.,0.));
#9089=DIRECTION('center_axis',(0.,0.,1.));
#9090=DIRECTION('ref_axis',(-0.891006524188368,-0.453990499739547,0.));
#9091=DIRECTION('center_axis',(0.,0.,-1.));
#9092=DIRECTION('ref_axis',(-0.891006524188368,-0.453990499739547,0.));
#9093=DIRECTION('',(0.189647529189115,-0.681200275009093,-0.707106781186547));
#9094=DIRECTION('center_axis',(0.,0.,1.));
#9095=DIRECTION('ref_axis',(-0.891006524188368,-0.453990499739547,0.));
#9096=DIRECTION('center_axis',(0.23601562795849,0.726381412683924,-0.645497224367903));
#9097=DIRECTION('ref_axis',(-0.939189449537799,0.,-0.343399443617614));
#9098=DIRECTION('',(0.199469612151539,0.613904341485529,0.763762615825974));
#9099=DIRECTION('',(0.951056516295154,-0.309016994374948,0.));
#9100=DIRECTION('',(-0.199469612151543,-0.613904341485528,-0.763762615825973));
#9101=DIRECTION('',(-0.951056516295153,0.309016994374947,0.));
#9102=DIRECTION('center_axis',(0.,0.,1.));
#9103=DIRECTION('ref_axis',(0.891006524188368,0.453990499739547,0.));
#9104=DIRECTION('center_axis',(0.,0.,1.));
#9105=DIRECTION('ref_axis',(0.891006524188368,0.453990499739547,0.));
#9106=DIRECTION('',(0.553827549563144,0.439630578264168,0.707106781186545));
#9107=DIRECTION('center_axis',(0.,0.,-1.));
#9108=DIRECTION('ref_axis',(0.891006524188368,0.453990499739547,0.));
#9109=DIRECTION('center_axis',(0.,0.,-1.));
#9110=DIRECTION('ref_axis',(-0.891006524188368,-0.453990499739547,0.));
#9111=DIRECTION('',(0.,0.,-1.));
#9112=DIRECTION('center_axis',(0.,0.,-1.));
#9113=DIRECTION('ref_axis',(-0.891006524188368,-0.453990499739547,0.));
#9114=DIRECTION('',(0.,0.,1.));
#9115=DIRECTION('center_axis',(0.309016994374948,0.951056516295154,0.));
#9116=DIRECTION('ref_axis',(0.951056516295154,-0.309016994374948,0.));
#9117=DIRECTION('',(0.,0.,1.));
#9118=DIRECTION('',(0.951056516295154,-0.309016994374948,0.));
#9119=DIRECTION('center_axis',(0.,0.,-1.));
#9120=DIRECTION('ref_axis',(0.891006524188368,0.453990499739547,0.));
#9121=DIRECTION('',(0.,0.,-1.));
#9122=DIRECTION('center_axis',(0.,0.,-1.));
#9123=DIRECTION('ref_axis',(0.891006524188368,0.453990499739547,0.));
#9124=DIRECTION('center_axis',(0.,0.,-1.));
#9125=DIRECTION('ref_axis',(-0.309016994374948,-0.951056516295154,0.));
#9126=DIRECTION('',(-0.951056516295153,0.309016994374948,0.));
#9127=DIRECTION('center_axis',(0.,0.,-1.));
#9128=DIRECTION('ref_axis',(-0.573576436351055,0.819152044288986,0.));
#9129=DIRECTION('',(-0.0348994967025008,-0.999390827019096,0.));
#9130=DIRECTION('center_axis',(0.,0.,-1.));
#9131=DIRECTION('ref_axis',(-0.819152044288993,-0.573576436351044,0.));
#9132=DIRECTION('',(0.951056516295153,-0.309016994374949,0.));
#9133=DIRECTION('center_axis',(0.,0.,1.));
#9134=DIRECTION('ref_axis',(0.891006524188369,0.453990499739545,0.));
#9135=DIRECTION('',(-0.309016994374948,-0.951056516295153,0.));
#9136=DIRECTION('center_axis',(0.,0.,-1.));
#9137=DIRECTION('ref_axis',(-0.891006524188367,-0.453990499739549,0.));
#9138=DIRECTION('',(0.951056516295153,-0.309016994374948,0.));
#9139=DIRECTION('center_axis',(0.,0.,-1.));
#9140=DIRECTION('ref_axis',(0.453990499739548,-0.891006524188367,0.));
#9141=DIRECTION('',(0.309016994374947,0.951056516295154,0.));
#9142=DIRECTION('center_axis',(0.,0.,1.));
#9143=DIRECTION('ref_axis',(-0.453990499739547,0.891006524188368,0.));
#9144=DIRECTION('center_axis',(0.,0.,-1.));
#9145=DIRECTION('ref_axis',(-0.829037572555042,0.559192903470747,0.));
#9146=DIRECTION('',(0.559192903470747,0.829037572555041,0.));
#9147=DIRECTION('center_axis',(0.,0.,-1.));
#9148=DIRECTION('ref_axis',(0.945518575599322,0.325568154457143,0.));
#9149=DIRECTION('',(-0.951056516295153,0.309016994374948,0.));
#9150=DIRECTION('',(-0.951056516295154,0.309016994374948,0.));
#9151=DIRECTION('center_axis',(0.,0.,1.));
#9152=DIRECTION('ref_axis',(0.945518575599317,0.325568154457157,-3.52170046973666E-32));
#9153=DIRECTION('',(0.559192903470747,0.829037572555042,0.));
#9154=DIRECTION('',(-0.951056516295154,0.309016994374948,0.));
#9155=DIRECTION('',(0.309016994374948,0.951056516295154,0.));
#9156=DIRECTION('',(0.951056516295154,-0.309016994374948,0.));
#9157=DIRECTION('',(-0.309016994374948,-0.951056516295154,0.));
#9158=DIRECTION('',(-0.951056516295154,0.309016994374948,0.));
#9159=DIRECTION('',(-0.0348994967025007,-0.999390827019096,0.));
#9160=DIRECTION('center_axis',(0.,0.,1.));
#9161=DIRECTION('ref_axis',(-0.573576436351047,0.819152044288991,-3.52170046973666E-32));
#9162=DIRECTION('',(-0.951056516295154,0.309016994374948,0.));
#9163=DIRECTION('center_axis',(0.,0.,-1.));
#9164=DIRECTION('ref_axis',(-0.829037572555042,0.559192903470747,0.));
#9165=DIRECTION('',(0.,0.,1.));
#9166=DIRECTION('center_axis',(0.,0.,1.));
#9167=DIRECTION('ref_axis',(-0.829037572555042,0.559192903470747,0.));
#9168=DIRECTION('',(0.,0.,-1.));
#9169=DIRECTION('center_axis',(0.829037572555041,-0.559192903470747,0.));
#9170=DIRECTION('ref_axis',(-0.559192903470747,-0.829037572555041,0.));
#9171=DIRECTION('',(-0.559192903470747,-0.829037572555041,0.));
#9172=DIRECTION('',(0.,0.,1.));
#9173=DIRECTION('',(0.559192903470747,0.829037572555041,0.));
#9174=DIRECTION('',(0.,0.,1.));
#9175=DIRECTION('',(-0.559192903470747,-0.829037572555041,0.));
#9176=DIRECTION('',(0.,0.,1.));
#9177=DIRECTION('center_axis',(0.,0.,-1.));
#9178=DIRECTION('ref_axis',(-0.453990499739547,0.891006524188368,0.));
#9179=DIRECTION('',(0.,0.,1.));
#9180=DIRECTION('center_axis',(0.,0.,-1.));
#9181=DIRECTION('ref_axis',(-0.453990499739547,0.891006524188368,0.));
#9182=DIRECTION('center_axis',(0.951056516295154,-0.309016994374947,0.));
#9183=DIRECTION('ref_axis',(-0.309016994374947,-0.951056516295154,0.));
#9184=DIRECTION('',(0.,0.,-1.));
#9185=DIRECTION('',(-0.309016994374947,-0.951056516295154,0.));
#9186=DIRECTION('center_axis',(0.,0.,-1.));
#9187=DIRECTION('ref_axis',(-0.819152044288993,-0.573576436351044,0.));
#9188=DIRECTION('center_axis',(0.,0.,1.));
#9189=DIRECTION('ref_axis',(-0.819152044288993,-0.573576436351044,0.));
#9190=DIRECTION('',(0.,0.,-1.));
#9191=DIRECTION('',(0.,0.,1.));
#9192=DIRECTION('center_axis',(-0.309016994374949,-0.951056516295153,0.));
#9193=DIRECTION('ref_axis',(-0.951056516295153,0.309016994374949,0.));
#9194=DIRECTION('',(-0.951056516295153,0.309016994374949,0.));
#9195=DIRECTION('',(0.,0.,1.));
#9196=DIRECTION('center_axis',(0.,0.,-1.));
#9197=DIRECTION('ref_axis',(0.891006524188369,0.453990499739545,0.));
#9198=DIRECTION('center_axis',(0.,0.,-1.));
#9199=DIRECTION('ref_axis',(0.891006524188369,0.453990499739545,0.));
#9200=DIRECTION('',(0.,0.,-1.));
#9201=DIRECTION('center_axis',(-0.951056516295153,0.309016994374948,0.));
#9202=DIRECTION('ref_axis',(0.309016994374948,0.951056516295153,0.));
#9203=DIRECTION('',(0.309016994374948,0.951056516295153,0.));
#9204=DIRECTION('',(0.,0.,1.));
#9205=DIRECTION('center_axis',(0.,0.,-1.));
#9206=DIRECTION('ref_axis',(-0.891006524188367,-0.453990499739549,0.));
#9207=DIRECTION('center_axis',(0.,0.,1.));
#9208=DIRECTION('ref_axis',(-0.891006524188367,-0.453990499739549,0.));
#9209=DIRECTION('',(0.,0.,-1.));
#9210=DIRECTION('center_axis',(-0.309016994374948,-0.951056516295154,0.));
#9211=DIRECTION('ref_axis',(-0.951056516295153,0.309016994374948,0.));
#9212=DIRECTION('',(-0.951056516295153,0.309016994374948,0.));
#9213=DIRECTION('',(0.,0.,1.));
#9214=DIRECTION('center_axis',(0.,0.,-1.));
#9215=DIRECTION('ref_axis',(0.453990499739548,-0.891006524188367,0.));
#9216=DIRECTION('center_axis',(0.,0.,1.));
#9217=DIRECTION('ref_axis',(0.453990499739548,-0.891006524188367,0.));
#9218=DIRECTION('center_axis',(0.,0.,-1.));
#9219=DIRECTION('ref_axis',(-0.573576436351055,0.819152044288986,0.));
#9220=DIRECTION('center_axis',(0.,0.,-1.));
#9221=DIRECTION('ref_axis',(-0.573576436351055,0.819152044288986,0.));
#9222=DIRECTION('',(0.,0.,1.));
#9223=DIRECTION('center_axis',(0.,0.,1.));
#9224=DIRECTION('ref_axis',(-0.573576436351055,0.819152044288986,0.));
#9225=DIRECTION('',(0.,0.,-1.));
#9226=DIRECTION('center_axis',(0.309016994374948,0.951056516295153,0.));
#9227=DIRECTION('ref_axis',(0.951056516295153,-0.309016994374948,0.));
#9228=DIRECTION('',(-0.951056516295153,0.309016994374948,0.));
#9229=DIRECTION('',(0.,0.,-1.));
#9230=DIRECTION('',(0.951056516295153,-0.309016994374948,0.));
#9231=DIRECTION('center_axis',(0.,0.,-1.));
#9232=DIRECTION('ref_axis',(0.945518575599322,0.325568154457143,0.));
#9233=DIRECTION('center_axis',(0.,0.,1.));
#9234=DIRECTION('ref_axis',(0.945518575599322,0.325568154457143,0.));
#9235=DIRECTION('',(0.,0.,-1.));
#9236=DIRECTION('center_axis',(0.,0.,-1.));
#9237=DIRECTION('ref_axis',(0.945518575599322,0.325568154457143,0.));
#9238=DIRECTION('center_axis',(0.,0.,-1.));
#9239=DIRECTION('ref_axis',(0.945518575599322,0.325568154457143,0.));
#9240=DIRECTION('center_axis',(0.,0.,1.));
#9241=DIRECTION('ref_axis',(0.945518575599322,0.325568154457143,0.));
#9242=DIRECTION('center_axis',(0.,0.,-1.));
#9243=DIRECTION('ref_axis',(-0.573576436351055,0.819152044288986,0.));
#9244=DIRECTION('center_axis',(0.,0.,1.));
#9245=DIRECTION('ref_axis',(-0.573576436351055,0.819152044288986,0.));
#9246=DIRECTION('',(0.,0.,-1.));
#9247=DIRECTION('',(0.,0.,1.));
#9248=DIRECTION('center_axis',(-0.999390827019096,0.0348994967025008,0.));
#9249=DIRECTION('ref_axis',(0.0348994967025008,0.999390827019096,0.));
#9250=DIRECTION('',(0.0348994967025008,0.999390827019096,0.));
#9251=DIRECTION('',(0.,0.,-1.));
#9252=DIRECTION('',(-0.0348994967025008,-0.999390827019096,0.));
#9253=DIRECTION('',(0.0348994967025008,0.999390827019096,0.));
#9254=DIRECTION('center_axis',(0.,0.,-1.));
#9255=DIRECTION('ref_axis',(-1.,0.,0.));
#9256=DIRECTION('',(0.951056516295153,-0.309016994374948,0.));
#9257=DIRECTION('',(-0.951056516295154,0.309016994374947,0.));
#9258=DIRECTION('',(-0.559192903470747,-0.829037572555042,0.));
#9259=DIRECTION('center_axis',(0.,0.,-1.));
#9260=DIRECTION('ref_axis',(1.,0.,0.));
#9261=DIRECTION('',(0.951056516295154,-0.309016994374947,0.));
#9262=DIRECTION('center_axis',(0.,0.,-1.));
#9263=DIRECTION('ref_axis',(1.,0.,0.));
#9264=DIRECTION('',(0.0348994967025007,0.999390827019096,0.));
#9265=DIRECTION('',(-0.951056516295154,0.309016994374947,0.));
#9266=DIRECTION('center_axis',(-0.309016994374947,-0.951056516295154,0.));
#9267=DIRECTION('ref_axis',(-0.951056516295154,0.309016994374947,0.));
#9268=DIRECTION('',(-0.951056516295154,0.309016994374947,0.));
#9269=DIRECTION('center_axis',(-0.309016994374947,-0.951056516295154,0.));
#9270=DIRECTION('ref_axis',(0.951056516295154,-0.309016994374947,3.55738289173649E-16));
#9271=DIRECTION('',(0.,0.,1.));
#9272=DIRECTION('center_axis',(-0.309016994374947,-0.951056516295154,0.));
#9273=DIRECTION('ref_axis',(0.951056516295154,-0.309016994374947,9.78280295227535E-16));
#9274=DIRECTION('center_axis',(-0.309016994374947,-0.951056516295154,0.));
#9275=DIRECTION('ref_axis',(-0.951056516295154,0.309016994374947,0.));
#9276=DIRECTION('center_axis',(-0.309016994374947,-0.951056516295154,0.));
#9277=DIRECTION('ref_axis',(-0.951056516295154,0.309016994374947,8.00411150640711E-16));
#9278=DIRECTION('',(0.,0.,-1.));
#9279=DIRECTION('center_axis',(-0.309016994374947,-0.951056516295154,0.));
#9280=DIRECTION('ref_axis',(-0.951056516295154,0.309016994374947,-8.89345722934123E-16));
#9281=DIRECTION('',(-0.951056516295154,0.309016994374947,0.));
#9282=DIRECTION('center_axis',(0.309016994374947,0.951056516295154,0.));
#9283=DIRECTION('ref_axis',(0.951056516295154,-0.309016994374947,0.));
#9284=DIRECTION('',(0.,0.,-1.));
#9285=DIRECTION('',(0.951056516295154,-0.309016994374947,0.));
#9286=DIRECTION('',(0.,0.,1.));
#9287=DIRECTION('center_axis',(0.,0.,1.));
#9288=DIRECTION('ref_axis',(-1.,0.,0.));
#9289=DIRECTION('',(-0.0348994967025007,-0.999390827019096,0.));
#9290=DIRECTION('center_axis',(0.,0.,1.));
#9291=DIRECTION('ref_axis',(-1.,0.,0.));
#9292=DIRECTION('center_axis',(0.,0.,1.));
#9293=DIRECTION('ref_axis',(-1.,0.,0.));
#9294=DIRECTION('',(0.559192903470747,0.829037572555042,0.));
#9295=DIRECTION('center_axis',(0.0348994967025007,0.999390827019096,0.));
#9296=DIRECTION('ref_axis',(-0.706676030840835,0.0246776707783358,-0.707106781186547));
#9297=DIRECTION('center_axis',(-0.0348994967025006,-0.999390827019096,0.));
#9298=DIRECTION('ref_axis',(-0.999390827019096,0.0348994967025006,0.));
#9299=DIRECTION('center_axis',(0.309016994374948,0.951056516295154,0.));
#9300=DIRECTION('ref_axis',(-0.951056516295154,0.309016994374948,8.00411150640711E-16));
#9301=DIRECTION('',(0.0348994967025007,0.999390827019096,0.));
#9302=DIRECTION('center_axis',(0.,0.,1.));
#9303=DIRECTION('ref_axis',(1.,0.,0.));
#9304=DIRECTION('center_axis',(0.,0.,-1.));
#9305=DIRECTION('ref_axis',(-0.573576436351047,0.819152044288991,1.11022302462516E-16));
#9306=DIRECTION('center_axis',(-0.951056516295154,0.309016994374946,0.));
#9307=DIRECTION('ref_axis',(0.309016994374946,0.951056516295154,-1.85037170770859E-16));
#9308=DIRECTION('center_axis',(0.,0.,-1.));
#9309=DIRECTION('ref_axis',(-0.573576436351046,0.819152044288992,0.));
#9310=DIRECTION('center_axis',(0.,0.,1.));
#9311=DIRECTION('ref_axis',(-0.573576436351047,0.819152044288991,-1.11022302462516E-16));
#9312=DIRECTION('',(0.,0.,-1.));
#9313=DIRECTION('center_axis',(0.829037572555042,-0.559192903470747,0.));
#9314=DIRECTION('ref_axis',(-0.559192903470747,-0.829037572555042,0.));
#9315=DIRECTION('',(0.559192903470747,0.829037572555042,0.));
#9316=DIRECTION('',(0.,0.,-1.));
#9317=DIRECTION('',(-0.559192903470747,-0.829037572555042,0.));
#9318=DIRECTION('center_axis',(0.559192903470747,0.829037572555042,0.));
#9319=DIRECTION('ref_axis',(0.586218089412105,-0.395409094035561,0.707106781186546));
#9320=DIRECTION('center_axis',(0.559192903470748,0.829037572555041,0.));
#9321=DIRECTION('ref_axis',(0.,0.,1.));
#9322=DIRECTION('',(-0.559192903470747,-0.829037572555042,0.));
#9323=DIRECTION('center_axis',(0.309016994374948,0.951056516295154,0.));
#9324=DIRECTION('ref_axis',(0.951056516295154,-0.309016994374948,3.55738289173649E-16));
#9325=DIRECTION('center_axis',(0.,0.,-1.));
#9326=DIRECTION('ref_axis',(0.945518575599317,0.325568154457157,0.));
#9327=DIRECTION('center_axis',(0.,0.,1.));
#9328=DIRECTION('ref_axis',(0.945518575599317,0.325568154457157,-1.11022302462516E-16));
#9329=DIRECTION('center_axis',(-0.951056516295153,0.309016994374949,0.));
#9330=DIRECTION('ref_axis',(0.,0.,1.));
#9331=DIRECTION('center_axis',(0.,0.,-1.));
#9332=DIRECTION('ref_axis',(0.945518575599317,0.325568154457157,3.52170046973666E-32));
#9333=DIRECTION('center_axis',(0.951056516295154,-0.309016994374948,0.));
#9334=DIRECTION('ref_axis',(0.21850801222441,0.672498511963958,-0.707106781186547));
#9335=DIRECTION('',(0.951056516295154,-0.309016994374948,0.));
#9336=DIRECTION('center_axis',(-0.951056516295153,0.309016994374949,0.));
#9337=DIRECTION('ref_axis',(0.309016994374949,0.951056516295153,0.));
#9338=DIRECTION('center_axis',(0.,0.,1.));
#9339=DIRECTION('ref_axis',(1.,0.,0.));
#9340=DIRECTION('center_axis',(0.559192903470748,0.829037572555041,0.));
#9341=DIRECTION('ref_axis',(0.829037572555041,-0.559192903470748,-1.8503717077086E-16));
#9342=DIRECTION('center_axis',(0.,0.,-1.));
#9343=DIRECTION('ref_axis',(0.945518575599317,0.325568154457157,1.11022302462516E-16));
#9344=DIRECTION('center_axis',(-0.559192903470747,-0.829037572555042,0.));
#9345=DIRECTION('ref_axis',(0.586218089412105,-0.395409094035561,-0.707106781186546));
#9346=DIRECTION('center_axis',(0.309016994374948,0.951056516295154,0.));
#9347=DIRECTION('ref_axis',(0.951056516295154,-0.309016994374948,9.78280295227535E-16));
#9348=DIRECTION('center_axis',(-0.309016994374948,-0.951056516295154,0.));
#9349=DIRECTION('ref_axis',(-0.951056516295154,0.309016994374948,0.));
#9350=DIRECTION('',(-0.951056516295154,0.309016994374948,0.));
#9351=DIRECTION('',(0.,0.,1.));
#9352=DIRECTION('center_axis',(0.0348994967025007,0.999390827019096,0.));
#9353=DIRECTION('ref_axis',(-0.706676030840834,0.0246776707783358,0.707106781186548));
#9354=DIRECTION('',(-0.0348994967025007,-0.999390827019096,0.));
#9355=DIRECTION('center_axis',(0.309016994374948,0.951056516295154,0.));
#9356=DIRECTION('ref_axis',(-0.951056516295154,0.309016994374947,-8.89345722934123E-16));
#9357=DIRECTION('',(0.0348994967025007,0.999390827019096,0.));
#9358=DIRECTION('center_axis',(-0.0348994967025007,-0.999390827019096,0.));
#9359=DIRECTION('ref_axis',(0.,0.,1.));
#9360=DIRECTION('center_axis',(0.,0.,-1.));
#9361=DIRECTION('ref_axis',(-1.,0.,0.));
#9362=DIRECTION('center_axis',(0.,0.,-1.));
#9363=DIRECTION('ref_axis',(-0.573576436351047,0.819152044288991,3.52170046973666E-32));
#9364=DIRECTION('center_axis',(-0.951056516295154,0.309016994374946,0.));
#9365=DIRECTION('ref_axis',(0.,0.,1.));
#9366=DIRECTION('center_axis',(0.951056516295154,-0.309016994374948,0.));
#9367=DIRECTION('ref_axis',(0.21850801222441,0.672498511963958,0.707106781186547));
#9368=DIRECTION('',(-0.951056516295154,0.309016994374948,0.));
#9369=DIRECTION('',(0.951056516295154,-0.309016994374948,0.));
#9370=DIRECTION('center_axis',(0.,0.,1.));
#9371=DIRECTION('ref_axis',(0.309016994374948,0.951056516295154,0.));
#9372=DIRECTION('',(-0.951056516295154,0.309016994374948,0.));
#9373=DIRECTION('',(0.309016994374948,0.951056516295154,0.));
#9374=DIRECTION('',(0.951056516295154,-0.309016994374948,0.));
#9375=DIRECTION('',(0.309016994374948,0.951056516295154,0.));
#9376=DIRECTION('center_axis',(-0.309016994374948,-0.951056516295154,0.));
#9377=DIRECTION('ref_axis',(-0.951056516295154,0.309016994374948,0.));
#9378=DIRECTION('',(0.,0.,-1.));
#9379=DIRECTION('',(0.,0.,-1.));
#9380=DIRECTION('center_axis',(-0.999390827019096,0.0348994967025007,0.));
#9381=DIRECTION('ref_axis',(0.0348994967025007,0.999390827019096,0.));
#9382=DIRECTION('center_axis',(0.309016994374948,0.951056516295154,0.));
#9383=DIRECTION('ref_axis',(0.,0.,-1.));
#9384=DIRECTION('',(0.,0.,1.));
#9385=DIRECTION('center_axis',(0.,0.,-1.));
#9386=DIRECTION('ref_axis',(0.945518575599317,0.325568154457157,0.));
#9387=DIRECTION('center_axis',(0.951056516295154,-0.309016994374948,0.));
#9388=DIRECTION('ref_axis',(0.309016994374948,0.951056516295154,0.));
#9389=DIRECTION('center_axis',(-0.951056516295154,0.309016994374948,0.));
#9390=DIRECTION('ref_axis',(0.309016994374948,0.951056516295154,0.));
#9391=DIRECTION('center_axis',(0.951056516295154,-0.309016994374948,0.));
#9392=DIRECTION('ref_axis',(0.309016994374947,0.951056516295154,0.));
#9393=DIRECTION('center_axis',(-0.951056516295154,0.309016994374948,0.));
#9394=DIRECTION('ref_axis',(0.309016994374947,0.951056516295154,0.));
#9395=DIRECTION('',(-0.951056516295154,0.309016994374947,0.));
#9396=DIRECTION('center_axis',(-0.951056516295154,0.309016994374948,0.));
#9397=DIRECTION('ref_axis',(0.309016994374947,0.951056516295154,0.));
#9398=DIRECTION('center_axis',(0.951056516295154,-0.309016994374948,0.));
#9399=DIRECTION('ref_axis',(0.309016994374948,0.951056516295154,0.));
#9400=DIRECTION('center_axis',(0.951056516295154,-0.309016994374948,0.));
#9401=DIRECTION('ref_axis',(0.309016994374948,0.951056516295154,0.));
#9402=DIRECTION('',(-0.951056516295154,0.309016994374948,0.));
#9403=DIRECTION('center_axis',(0.951056516295154,-0.309016994374948,0.));
#9404=DIRECTION('ref_axis',(0.309016994374948,0.951056516295154,0.));
#9405=DIRECTION('center_axis',(0.951056516295154,-0.309016994374948,0.));
#9406=DIRECTION('ref_axis',(0.309016994374948,0.951056516295154,0.));
#9407=DIRECTION('center_axis',(0.951056516295154,-0.309016994374948,0.));
#9408=DIRECTION('ref_axis',(0.309016994374948,0.951056516295154,0.));
#9409=DIRECTION('center_axis',(0.951056516295154,-0.309016994374948,0.));
#9410=DIRECTION('ref_axis',(0.309016994374948,0.951056516295154,0.));
#9411=DIRECTION('center_axis',(0.218508012224411,0.672498511963958,-0.707106781186546));
#9412=DIRECTION('ref_axis',(-0.21850801222441,-0.672498511963956,-0.707106781186549));
#9413=DIRECTION('',(-0.218508012224412,-0.672498511963956,-0.707106781186549));
#9414=DIRECTION('',(-0.951056516295154,0.309016994374948,0.));
#9415=DIRECTION('',(0.21850801222441,0.672498511963956,0.707106781186549));
#9416=DIRECTION('center_axis',(0.,0.,1.));
#9417=DIRECTION('ref_axis',(0.891006524188368,0.453990499739547,0.));
#9418=DIRECTION('',(0.218508012224416,0.672498511963974,-0.70710678118653));
#9419=DIRECTION('center_axis',(0.,0.,1.));
#9420=DIRECTION('ref_axis',(0.891006524188368,0.453990499739547,0.));
#9421=DIRECTION('center_axis',(-0.218508012224411,-0.672498511963958,-0.707106781186546));
#9422=DIRECTION('ref_axis',(-0.21850801222441,-0.672498511963956,0.707106781186549));
#9423=DIRECTION('',(0.218508012224412,0.672498511963956,-0.707106781186549));
#9424=DIRECTION('',(0.951056516295154,-0.309016994374948,0.));
#9425=DIRECTION('',(-0.951056516295154,0.309016994374948,0.));
#9426=DIRECTION('center_axis',(0.,0.,1.));
#9427=DIRECTION('ref_axis',(-0.891006524188368,-0.453990499739547,0.));
#9428=DIRECTION('center_axis',(0.,0.,1.));
#9429=DIRECTION('ref_axis',(-0.891006524188368,-0.453990499739547,0.));
#9430=DIRECTION('center_axis',(0.,0.,-1.));
#9431=DIRECTION('ref_axis',(-0.309016994374948,-0.951056516295154,0.));
#9432=DIRECTION('center_axis',(-0.309016994374948,-0.951056516295154,0.));
#9433=DIRECTION('ref_axis',(-0.951056516295154,0.309016994374948,0.));
#9434=DIRECTION('center_axis',(0.,0.,1.));
#9435=DIRECTION('ref_axis',(0.156434465040231,-0.987688340595138,0.));
#9436=DIRECTION('center_axis',(0.,0.,-1.));
#9437=DIRECTION('ref_axis',(0.156434465040231,-0.987688340595138,0.));
#9438=DIRECTION('',(0.706464269910097,-0.0301369431161112,-0.707106781186554));
#9439=DIRECTION('center_axis',(0.,0.,1.));
#9440=DIRECTION('ref_axis',(0.156434465040231,-0.987688340595138,0.));
#9441=DIRECTION('center_axis',(-0.617896935871476,0.448928401834829,-0.645497224367904));
#9442=DIRECTION('ref_axis',(-0.722381977232224,0.,0.69149423639685));
#9443=DIRECTION('',(-0.522218224335486,0.379413748879183,0.763762615825975));
#9444=DIRECTION('',(0.587785252292473,0.809016994374947,0.));
#9445=DIRECTION('',(0.52221822433549,-0.379413748879182,-0.763762615825973));
#9446=DIRECTION('',(-0.587785252292473,-0.809016994374947,0.));
#9447=DIRECTION('center_axis',(0.,0.,1.));
#9448=DIRECTION('ref_axis',(-0.156434465040231,0.987688340595138,0.));
#9449=DIRECTION('center_axis',(0.,0.,1.));
#9450=DIRECTION('ref_axis',(-0.156434465040231,0.987688340595138,0.));
#9451=DIRECTION('',(-0.246971401452701,0.662574619846317,0.707106781186546));
#9452=DIRECTION('center_axis',(0.,0.,-1.));
#9453=DIRECTION('ref_axis',(-0.156434465040231,0.987688340595138,0.));
#9454=DIRECTION('center_axis',(0.,0.,-1.));
#9455=DIRECTION('ref_axis',(0.156434465040231,-0.987688340595138,0.));
#9456=DIRECTION('',(0.,0.,-1.));
#9457=DIRECTION('center_axis',(0.,0.,-1.));
#9458=DIRECTION('ref_axis',(0.156434465040231,-0.987688340595138,0.));
#9459=DIRECTION('',(0.,0.,1.));
#9460=DIRECTION('center_axis',(-0.809016994374947,0.587785252292473,0.));
#9461=DIRECTION('ref_axis',(0.587785252292473,0.809016994374947,0.));
#9462=DIRECTION('',(0.,0.,1.));
#9463=DIRECTION('',(0.587785252292473,0.809016994374947,0.));
#9464=DIRECTION('center_axis',(0.,0.,-1.));
#9465=DIRECTION('ref_axis',(-0.156434465040231,0.987688340595138,0.));
#9466=DIRECTION('',(0.,0.,-1.));
#9467=DIRECTION('center_axis',(0.,0.,-1.));
#9468=DIRECTION('ref_axis',(-0.156434465040231,0.987688340595138,0.));
#9469=DIRECTION('center_axis',(0.,0.,-1.));
#9470=DIRECTION('ref_axis',(0.809016994374947,-0.587785252292473,0.));
#9471=DIRECTION('',(-0.587785252292473,-0.809016994374947,0.));
#9472=DIRECTION('center_axis',(0.,0.,-1.));
#9473=DIRECTION('ref_axis',(-0.956304755963034,-0.292371704722743,0.));
#9474=DIRECTION('',(0.939692620785908,-0.342020143325669,0.));
#9475=DIRECTION('center_axis',(0.,0.,-1.));
#9476=DIRECTION('ref_axis',(0.292371704722736,-0.956304755963036,0.));
#9477=DIRECTION('',(0.587785252292475,0.809016994374946,0.));
#9478=DIRECTION('center_axis',(0.,0.,1.));
#9479=DIRECTION('ref_axis',(-0.156434465040229,0.987688340595138,0.));
#9480=DIRECTION('',(0.809016994374947,-0.587785252292474,0.));
#9481=DIRECTION('center_axis',(0.,0.,-1.));
#9482=DIRECTION('ref_axis',(0.15643446504023,-0.987688340595138,0.));
#9483=DIRECTION('',(0.587785252292473,0.809016994374947,0.));
#9484=DIRECTION('center_axis',(0.,0.,-1.));
#9485=DIRECTION('ref_axis',(0.987688340595138,0.156434465040229,0.));
#9486=DIRECTION('',(-0.809016994374947,0.587785252292474,0.));
#9487=DIRECTION('center_axis',(0.,0.,1.));
#9488=DIRECTION('ref_axis',(-0.987688340595138,-0.156434465040228,0.));
#9489=DIRECTION('center_axis',(0.,0.,-1.));
#9490=DIRECTION('ref_axis',(-0.788010753606722,-0.615661475325658,0.));
#9491=DIRECTION('',(-0.615661475325658,0.788010753606722,0.));
#9492=DIRECTION('center_axis',(0.,0.,-1.));
#9493=DIRECTION('ref_axis',(-0.0174524064372996,0.999847695156391,0.));
#9494=DIRECTION('',(-0.587785252292473,-0.809016994374947,0.));
#9495=DIRECTION('',(-0.587785252292473,-0.809016994374947,0.));
#9496=DIRECTION('center_axis',(0.,0.,1.));
#9497=DIRECTION('ref_axis',(-0.0174524064372834,0.999847695156391,0.));
#9498=DIRECTION('',(-0.615661475325658,0.788010753606722,0.));
#9499=DIRECTION('',(-0.587785252292473,-0.809016994374947,0.));
#9500=DIRECTION('',(-0.809016994374947,0.587785252292473,0.));
#9501=DIRECTION('',(0.587785252292473,0.809016994374947,0.));
#9502=DIRECTION('',(0.809016994374947,-0.587785252292473,0.));
#9503=DIRECTION('',(-0.587785252292473,-0.809016994374947,0.));
#9504=DIRECTION('',(0.939692620785909,-0.342020143325669,0.));
#9505=DIRECTION('center_axis',(0.,0.,1.));
#9506=DIRECTION('ref_axis',(-0.956304755963036,-0.292371704722737,0.));
#9507=DIRECTION('',(-0.587785252292473,-0.809016994374947,0.));
#9508=DIRECTION('center_axis',(0.,0.,-1.));
#9509=DIRECTION('ref_axis',(0.292371704722736,-0.956304755963036,0.));
#9510=DIRECTION('center_axis',(0.,0.,1.));
#9511=DIRECTION('ref_axis',(0.292371704722736,-0.956304755963036,0.));
#9512=DIRECTION('',(0.,0.,-1.));
#9513=DIRECTION('',(0.,0.,1.));
#9514=DIRECTION('center_axis',(0.809016994374946,-0.587785252292475,0.));
#9515=DIRECTION('ref_axis',(-0.587785252292475,-0.809016994374946,0.));
#9516=DIRECTION('',(-0.587785252292475,-0.809016994374946,0.));
#9517=DIRECTION('',(0.,0.,1.));
#9518=DIRECTION('center_axis',(0.,0.,-1.));
#9519=DIRECTION('ref_axis',(0.15643446504023,-0.987688340595138,0.));
#9520=DIRECTION('center_axis',(0.,0.,1.));
#9521=DIRECTION('ref_axis',(0.15643446504023,-0.987688340595138,0.));
#9522=DIRECTION('',(0.,0.,-1.));
#9523=DIRECTION('',(0.,0.,1.));
#9524=DIRECTION('center_axis',(0.809016994374947,-0.587785252292473,0.));
#9525=DIRECTION('ref_axis',(-0.587785252292473,-0.809016994374947,0.));
#9526=DIRECTION('',(-0.587785252292473,-0.809016994374947,0.));
#9527=DIRECTION('',(0.,0.,1.));
#9528=DIRECTION('center_axis',(0.,0.,-1.));
#9529=DIRECTION('ref_axis',(-0.156434465040229,0.987688340595138,0.));
#9530=DIRECTION('center_axis',(0.,0.,-1.));
#9531=DIRECTION('ref_axis',(-0.156434465040229,0.987688340595138,0.));
#9532=DIRECTION('',(0.,0.,-1.));
#9533=DIRECTION('center_axis',(0.,0.,-1.));
#9534=DIRECTION('ref_axis',(-0.788010753606722,-0.615661475325658,0.));
#9535=DIRECTION('',(0.,0.,1.));
#9536=DIRECTION('center_axis',(0.,0.,1.));
#9537=DIRECTION('ref_axis',(-0.788010753606722,-0.615661475325658,0.));
#9538=DIRECTION('',(0.,0.,-1.));
#9539=DIRECTION('center_axis',(0.788010753606722,0.615661475325658,0.));
#9540=DIRECTION('ref_axis',(0.615661475325658,-0.788010753606722,0.));
#9541=DIRECTION('',(0.615661475325658,-0.788010753606722,0.));
#9542=DIRECTION('',(0.,0.,1.));
#9543=DIRECTION('',(-0.615661475325658,0.788010753606722,0.));
#9544=DIRECTION('',(0.,0.,1.));
#9545=DIRECTION('',(0.615661475325658,-0.788010753606722,0.));
#9546=DIRECTION('',(0.,0.,1.));
#9547=DIRECTION('center_axis',(0.,0.,-1.));
#9548=DIRECTION('ref_axis',(-0.987688340595138,-0.156434465040228,0.));
#9549=DIRECTION('',(0.,0.,1.));
#9550=DIRECTION('center_axis',(0.,0.,-1.));
#9551=DIRECTION('ref_axis',(-0.987688340595138,-0.156434465040228,0.));
#9552=DIRECTION('center_axis',(0.,0.,-1.));
#9553=DIRECTION('ref_axis',(0.987688340595138,0.156434465040229,0.));
#9554=DIRECTION('center_axis',(0.,0.,1.));
#9555=DIRECTION('ref_axis',(0.987688340595138,0.156434465040229,0.));
#9556=DIRECTION('',(0.,0.,-1.));
#9557=DIRECTION('center_axis',(0.587785252292474,0.809016994374947,0.));
#9558=DIRECTION('ref_axis',(0.809016994374947,-0.587785252292474,0.));
#9559=DIRECTION('',(0.809016994374947,-0.587785252292474,0.));
#9560=DIRECTION('center_axis',(0.,0.,-1.));
#9561=DIRECTION('ref_axis',(-0.956304755963034,-0.292371704722743,0.));
#9562=DIRECTION('center_axis',(0.,0.,1.));
#9563=DIRECTION('ref_axis',(-0.956304755963034,-0.292371704722743,0.));
#9564=DIRECTION('',(0.,0.,-1.));
#9565=DIRECTION('',(0.,0.,1.));
#9566=DIRECTION('center_axis',(-0.342020143325669,-0.939692620785908,0.));
#9567=DIRECTION('ref_axis',(-0.939692620785908,0.342020143325669,0.));
#9568=DIRECTION('',(-0.939692620785908,0.342020143325669,0.));
#9569=DIRECTION('',(0.,0.,-1.));
#9570=DIRECTION('',(0.939692620785908,-0.342020143325669,0.));
#9571=DIRECTION('',(0.,0.,-1.));
#9572=DIRECTION('',(-0.939692620785908,0.342020143325669,0.));
#9573=DIRECTION('center_axis',(0.,0.,-1.));
#9574=DIRECTION('ref_axis',(-0.956304755963034,-0.292371704722743,0.));
#9575=DIRECTION('center_axis',(0.,0.,-1.));
#9576=DIRECTION('ref_axis',(-0.956304755963034,-0.292371704722743,0.));
#9577=DIRECTION('',(0.,0.,1.));
#9578=DIRECTION('center_axis',(0.,0.,1.));
#9579=DIRECTION('ref_axis',(-0.956304755963034,-0.292371704722743,0.));
#9580=DIRECTION('center_axis',(-0.809016994374947,0.587785252292473,0.));
#9581=DIRECTION('ref_axis',(0.587785252292473,0.809016994374947,0.));
#9582=DIRECTION('',(-0.587785252292473,-0.809016994374947,0.));
#9583=DIRECTION('',(0.,0.,-1.));
#9584=DIRECTION('',(0.587785252292473,0.809016994374947,0.));
#9585=DIRECTION('center_axis',(0.,0.,-1.));
#9586=DIRECTION('ref_axis',(-0.0174524064372996,0.999847695156391,0.));
#9587=DIRECTION('center_axis',(0.,0.,1.));
#9588=DIRECTION('ref_axis',(-0.0174524064372996,0.999847695156391,0.));
#9589=DIRECTION('',(0.,0.,-1.));
#9590=DIRECTION('center_axis',(0.,0.,-1.));
#9591=DIRECTION('ref_axis',(-0.0174524064372996,0.999847695156391,0.));
#9592=DIRECTION('center_axis',(0.,0.,-1.));
#9593=DIRECTION('ref_axis',(-0.0174524064372996,0.999847695156391,0.));
#9594=DIRECTION('center_axis',(0.,0.,1.));
#9595=DIRECTION('ref_axis',(-0.0174524064372996,0.999847695156391,0.));
#9596=DIRECTION('center_axis',(-0.587785252292474,-0.809016994374947,0.));
#9597=DIRECTION('ref_axis',(-0.809016994374947,0.587785252292474,0.));
#9598=DIRECTION('',(-0.809016994374947,0.587785252292474,0.));
#9599=DIRECTION('center_axis',(0.,0.,-1.));
#9600=DIRECTION('ref_axis',(-1.,0.,0.));
#9601=DIRECTION('',(0.587785252292473,0.809016994374947,0.));
#9602=DIRECTION('',(-0.587785252292473,-0.809016994374947,0.));
#9603=DIRECTION('',(0.615661475325658,-0.788010753606722,0.));
#9604=DIRECTION('center_axis',(0.,0.,-1.));
#9605=DIRECTION('ref_axis',(1.,0.,0.));
#9606=DIRECTION('',(0.587785252292473,0.809016994374947,0.));
#9607=DIRECTION('center_axis',(0.,0.,-1.));
#9608=DIRECTION('ref_axis',(1.,0.,0.));
#9609=DIRECTION('',(-0.939692620785909,0.342020143325669,0.));
#9610=DIRECTION('',(-0.587785252292473,-0.809016994374947,0.));
#9611=DIRECTION('center_axis',(0.809016994374947,-0.587785252292473,0.));
#9612=DIRECTION('ref_axis',(-0.587785252292473,-0.809016994374947,0.));
#9613=DIRECTION('',(-0.587785252292473,-0.809016994374947,0.));
#9614=DIRECTION('center_axis',(0.809016994374947,-0.587785252292473,0.));
#9615=DIRECTION('ref_axis',(0.587785252292473,0.809016994374947,-4.44672861467062E-16));
#9616=DIRECTION('',(0.,0.,1.));
#9617=DIRECTION('center_axis',(0.809016994374947,-0.587785252292473,0.));
#9618=DIRECTION('ref_axis',(0.587785252292473,0.809016994374947,-2.66803716880237E-16));
#9619=DIRECTION('center_axis',(-0.809016994374947,0.587785252292473,0.));
#9620=DIRECTION('ref_axis',(0.587785252292473,0.809016994374947,0.));
#9621=DIRECTION('',(0.,0.,-1.));
#9622=DIRECTION('',(0.587785252292473,0.809016994374947,0.));
#9623=DIRECTION('',(0.,0.,1.));
#9624=DIRECTION('center_axis',(0.809016994374947,-0.587785252292473,0.));
#9625=DIRECTION('ref_axis',(-0.587785252292473,-0.809016994374947,0.));
#9626=DIRECTION('center_axis',(0.809016994374947,-0.587785252292473,0.));
#9627=DIRECTION('ref_axis',(-0.587785252292473,-0.809016994374947,-5.33607433760474E-16));
#9628=DIRECTION('',(0.,0.,-1.));
#9629=DIRECTION('center_axis',(0.809016994374947,-0.587785252292473,0.));
#9630=DIRECTION('ref_axis',(-0.587785252292473,-0.809016994374947,8.00411150640711E-16));
#9631=DIRECTION('',(-0.587785252292473,-0.809016994374947,0.));
#9632=DIRECTION('center_axis',(0.,0.,1.));
#9633=DIRECTION('ref_axis',(-1.,0.,0.));
#9634=DIRECTION('',(0.939692620785909,-0.342020143325669,0.));
#9635=DIRECTION('center_axis',(0.,0.,1.));
#9636=DIRECTION('ref_axis',(-1.,0.,0.));
#9637=DIRECTION('center_axis',(0.,0.,1.));
#9638=DIRECTION('ref_axis',(-1.,0.,0.));
#9639=DIRECTION('',(-0.615661475325658,0.788010753606722,0.));
#9640=DIRECTION('center_axis',(-0.939692620785908,0.342020143325669,0.));
#9641=DIRECTION('ref_axis',(-0.241844762647976,-0.664463024388675,-0.707106781186547));
#9642=DIRECTION('center_axis',(0.939692620785908,-0.342020143325669,0.));
#9643=DIRECTION('ref_axis',(-0.342020143325669,-0.939692620785908,0.));
#9644=DIRECTION('center_axis',(-0.809016994374947,0.587785252292473,0.));
#9645=DIRECTION('ref_axis',(-0.587785252292473,-0.809016994374947,-5.33607433760474E-16));
#9646=DIRECTION('',(-0.939692620785909,0.342020143325669,0.));
#9647=DIRECTION('center_axis',(0.,0.,1.));
#9648=DIRECTION('ref_axis',(-0.956304755963036,-0.292371704722736,0.));
#9649=DIRECTION('center_axis',(0.,0.,-1.));
#9650=DIRECTION('ref_axis',(-0.956304755963036,-0.292371704722737,0.));
#9651=DIRECTION('center_axis',(-0.587785252292475,-0.809016994374946,0.));
#9652=DIRECTION('ref_axis',(-0.809016994374946,0.587785252292475,0.));
#9653=DIRECTION('center_axis',(0.,0.,-1.));
#9654=DIRECTION('ref_axis',(-0.956304755963036,-0.292371704722736,0.));
#9655=DIRECTION('center_axis',(0.,0.,1.));
#9656=DIRECTION('ref_axis',(-0.956304755963036,-0.292371704722737,0.));
#9657=DIRECTION('',(0.,0.,-1.));
#9658=DIRECTION('center_axis',(0.788010753606722,0.615661475325658,0.));
#9659=DIRECTION('ref_axis',(0.615661475325658,-0.788010753606722,0.));
#9660=DIRECTION('',(-0.615661475325658,0.788010753606722,0.));
#9661=DIRECTION('',(0.,0.,-1.));
#9662=DIRECTION('',(0.615661475325658,-0.788010753606722,0.));
#9663=DIRECTION('center_axis',(-0.615661475325658,0.788010753606722,0.));
#9664=DIRECTION('ref_axis',(0.557207747523235,0.435338404118088,0.707106781186547));
#9665=DIRECTION('center_axis',(-0.615661475325656,0.788010753606724,0.));
#9666=DIRECTION('ref_axis',(0.,0.,1.));
#9667=DIRECTION('',(0.615661475325658,-0.788010753606722,0.));
#9668=DIRECTION('center_axis',(-0.809016994374947,0.587785252292473,0.));
#9669=DIRECTION('ref_axis',(0.587785252292473,0.809016994374947,5.33607433760474E-16));
#9670=DIRECTION('center_axis',(0.,0.,-1.));
#9671=DIRECTION('ref_axis',(-1.,0.,0.));
#9672=DIRECTION('center_axis',(0.,0.,1.));
#9673=DIRECTION('ref_axis',(-0.0174524064372834,0.999847695156391,0.));
#9674=DIRECTION('center_axis',(-0.587785252292473,-0.809016994374948,0.));
#9675=DIRECTION('ref_axis',(0.,0.,1.));
#9676=DIRECTION('center_axis',(0.,0.,-1.));
#9677=DIRECTION('ref_axis',(-0.0174524064372834,0.999847695156391,0.));
#9678=DIRECTION('center_axis',(0.587785252292473,0.809016994374947,0.));
#9679=DIRECTION('ref_axis',(-0.572061402817684,0.415626937777455,-0.707106781186547));
#9680=DIRECTION('',(0.587785252292473,0.809016994374947,0.));
#9681=DIRECTION('center_axis',(-0.587785252292473,-0.809016994374948,0.));
#9682=DIRECTION('ref_axis',(-0.809016994374948,0.587785252292473,0.));
#9683=DIRECTION('center_axis',(0.,0.,1.));
#9684=DIRECTION('ref_axis',(1.,0.,0.));
#9685=DIRECTION('center_axis',(-0.615661475325656,0.788010753606724,0.));
#9686=DIRECTION('ref_axis',(0.788010753606724,0.615661475325656,0.));
#9687=DIRECTION('center_axis',(0.,0.,-1.));
#9688=DIRECTION('ref_axis',(-0.0174524064372834,0.999847695156391,0.));
#9689=DIRECTION('center_axis',(0.615661475325658,-0.788010753606722,0.));
#9690=DIRECTION('ref_axis',(0.557207747523238,0.435338404118084,-0.707106781186547));
#9691=DIRECTION('center_axis',(-0.809016994374947,0.587785252292473,0.));
#9692=DIRECTION('ref_axis',(0.587785252292473,0.809016994374947,-2.66803716880237E-16));
#9693=DIRECTION('center_axis',(0.809016994374947,-0.587785252292473,0.));
#9694=DIRECTION('ref_axis',(-0.587785252292473,-0.809016994374947,0.));
#9695=DIRECTION('',(-0.587785252292473,-0.809016994374947,0.));
#9696=DIRECTION('',(0.,0.,1.));
#9697=DIRECTION('center_axis',(-0.939692620785908,0.342020143325669,0.));
#9698=DIRECTION('ref_axis',(-0.241844762647976,-0.664463024388675,0.707106781186547));
#9699=DIRECTION('',(0.939692620785909,-0.342020143325669,0.));
#9700=DIRECTION('center_axis',(-0.809016994374947,0.587785252292473,0.));
#9701=DIRECTION('ref_axis',(-0.587785252292473,-0.809016994374947,8.00411150640711E-16));
#9702=DIRECTION('',(-0.939692620785909,0.342020143325669,0.));
#9703=DIRECTION('center_axis',(0.939692620785908,-0.34202014332567,0.));
#9704=DIRECTION('ref_axis',(0.,0.,1.));
#9705=DIRECTION('center_axis',(0.,0.,-1.));
#9706=DIRECTION('ref_axis',(-1.,0.,0.));
#9707=DIRECTION('center_axis',(0.,0.,-1.));
#9708=DIRECTION('ref_axis',(-0.956304755963036,-0.292371704722737,0.));
#9709=DIRECTION('center_axis',(-0.587785252292475,-0.809016994374946,0.));
#9710=DIRECTION('ref_axis',(0.,0.,1.));
#9711=DIRECTION('center_axis',(0.587785252292473,0.809016994374947,0.));
#9712=DIRECTION('ref_axis',(-0.572061402817684,0.415626937777455,0.707106781186547));
#9713=DIRECTION('',(-0.587785252292473,-0.809016994374947,0.));
#9714=DIRECTION('',(0.587785252292473,0.809016994374947,0.));
#9715=DIRECTION('center_axis',(0.,0.,1.));
#9716=DIRECTION('ref_axis',(-0.809016994374947,0.587785252292473,0.));
#9717=DIRECTION('',(-0.587785252292473,-0.809016994374947,0.));
#9718=DIRECTION('',(-0.809016994374947,0.587785252292473,0.));
#9719=DIRECTION('',(0.587785252292473,0.809016994374947,0.));
#9720=DIRECTION('',(-0.809016994374947,0.587785252292473,0.));
#9721=DIRECTION('center_axis',(0.809016994374947,-0.587785252292473,0.));
#9722=DIRECTION('ref_axis',(-0.587785252292473,-0.809016994374947,0.));
#9723=DIRECTION('',(0.,0.,-1.));
#9724=DIRECTION('',(0.,0.,-1.));
#9725=DIRECTION('center_axis',(-0.342020143325669,-0.939692620785908,0.));
#9726=DIRECTION('ref_axis',(-0.939692620785909,0.342020143325669,0.));
#9727=DIRECTION('center_axis',(-0.809016994374947,0.587785252292473,0.));
#9728=DIRECTION('ref_axis',(0.,0.,-1.));
#9729=DIRECTION('',(0.,0.,1.));
#9730=DIRECTION('center_axis',(0.,0.,-1.));
#9731=DIRECTION('ref_axis',(-0.0174524064372844,0.999847695156391,0.));
#9732=DIRECTION('center_axis',(0.587785252292473,0.809016994374947,0.));
#9733=DIRECTION('ref_axis',(-0.809016994374947,0.587785252292473,0.));
#9734=DIRECTION('center_axis',(-0.587785252292473,-0.809016994374947,0.));
#9735=DIRECTION('ref_axis',(-0.809016994374947,0.587785252292473,0.));
#9736=DIRECTION('center_axis',(0.587785252292473,0.809016994374947,0.));
#9737=DIRECTION('ref_axis',(-0.809016994374947,0.587785252292473,0.));
#9738=DIRECTION('center_axis',(-0.587785252292473,-0.809016994374947,0.));
#9739=DIRECTION('ref_axis',(-0.809016994374947,0.587785252292473,0.));
#9740=DIRECTION('',(-0.587785252292473,-0.809016994374947,0.));
#9741=DIRECTION('center_axis',(-0.587785252292473,-0.809016994374947,0.));
#9742=DIRECTION('ref_axis',(-0.809016994374947,0.587785252292473,0.));
#9743=DIRECTION('center_axis',(0.587785252292473,0.809016994374947,0.));
#9744=DIRECTION('ref_axis',(-0.809016994374947,0.587785252292473,0.));
#9745=DIRECTION('center_axis',(0.587785252292473,0.809016994374947,0.));
#9746=DIRECTION('ref_axis',(-0.809016994374947,0.587785252292473,0.));
#9747=DIRECTION('',(-0.587785252292473,-0.809016994374947,0.));
#9748=DIRECTION('center_axis',(0.587785252292473,0.809016994374947,0.));
#9749=DIRECTION('ref_axis',(-0.809016994374947,0.587785252292473,0.));
#9750=DIRECTION('center_axis',(0.587785252292473,0.809016994374947,0.));
#9751=DIRECTION('ref_axis',(-0.809016994374947,0.587785252292473,0.));
#9752=DIRECTION('center_axis',(0.587785252292473,0.809016994374947,0.));
#9753=DIRECTION('ref_axis',(-0.809016994374947,0.587785252292473,0.));
#9754=DIRECTION('center_axis',(0.587785252292473,0.809016994374947,0.));
#9755=DIRECTION('ref_axis',(-0.809016994374947,0.587785252292473,0.));
#9756=DIRECTION('center_axis',(-0.572061402817685,0.415626937777454,-0.707106781186546));
#9757=DIRECTION('ref_axis',(0.572061402817683,-0.415626937777453,-0.707106781186549));
#9758=DIRECTION('',(0.572061402817682,-0.415626937777454,-0.707106781186549));
#9759=DIRECTION('',(-0.587785252292473,-0.809016994374947,0.));
#9760=DIRECTION('',(-0.572061402817683,0.415626937777453,0.707106781186549));
#9761=DIRECTION('center_axis',(0.,0.,1.));
#9762=DIRECTION('ref_axis',(-0.156434465040231,0.987688340595138,0.));
#9763=DIRECTION('',(-0.572061402817699,0.415626937777464,-0.70710678118653));
#9764=DIRECTION('center_axis',(0.,0.,1.));
#9765=DIRECTION('ref_axis',(-0.156434465040231,0.987688340595138,0.));
#9766=DIRECTION('center_axis',(0.572061402817685,-0.415626937777454,-0.707106781186546));
#9767=DIRECTION('ref_axis',(0.572061402817683,-0.415626937777453,0.707106781186549));
#9768=DIRECTION('',(-0.572061402817682,0.415626937777454,-0.707106781186549));
#9769=DIRECTION('',(0.587785252292473,0.809016994374947,0.));
#9770=DIRECTION('',(-0.587785252292473,-0.809016994374947,0.));
#9771=DIRECTION('center_axis',(0.,0.,1.));
#9772=DIRECTION('ref_axis',(0.156434465040231,-0.987688340595138,0.));
#9773=DIRECTION('center_axis',(0.,0.,1.));
#9774=DIRECTION('ref_axis',(0.156434465040231,-0.987688340595138,0.));
#9775=DIRECTION('center_axis',(0.,0.,-1.));
#9776=DIRECTION('ref_axis',(0.809016994374947,-0.587785252292473,0.));
#9777=DIRECTION('center_axis',(0.809016994374947,-0.587785252292473,0.));
#9778=DIRECTION('ref_axis',(-0.587785252292473,-0.809016994374947,0.));
#9779=DIRECTION('center_axis',(0.,0.,1.));
#9780=DIRECTION('ref_axis',(0.987688340595138,-0.156434465040231,0.));
#9781=DIRECTION('center_axis',(0.,0.,-1.));
#9782=DIRECTION('ref_axis',(0.987688340595138,-0.156434465040231,0.));
#9783=DIRECTION('',(0.246971401452706,0.662574619846316,-0.707106781186545));
#9784=DIRECTION('center_axis',(0.,0.,1.));
#9785=DIRECTION('ref_axis',(0.987688340595138,-0.156434465040231,0.));
#9786=DIRECTION('center_axis',(-0.61789693587148,-0.448928401834831,-0.645497224367898));
#9787=DIRECTION('ref_axis',(-0.722381977232219,0.,0.691494236396855));
#9788=DIRECTION('',(-0.522218224335479,-0.379413748879188,0.763762615825977));
#9789=DIRECTION('',(-0.587785252292473,0.809016994374947,0.));
#9790=DIRECTION('',(0.522218224335478,0.37941374887918,-0.763762615825983));
#9791=DIRECTION('',(0.587785252292473,-0.809016994374947,0.));
#9792=DIRECTION('center_axis',(0.,0.,1.));
#9793=DIRECTION('ref_axis',(-0.987688340595138,0.156434465040231,0.));
#9794=DIRECTION('center_axis',(0.,0.,1.));
#9795=DIRECTION('ref_axis',(-0.987688340595138,0.156434465040231,0.));
#9796=DIRECTION('',(-0.706464269910104,-0.0301369431161046,0.707106781186548));
#9797=DIRECTION('center_axis',(0.,0.,-1.));
#9798=DIRECTION('ref_axis',(-0.987688340595138,0.156434465040231,0.));
#9799=DIRECTION('center_axis',(0.,0.,-1.));
#9800=DIRECTION('ref_axis',(0.987688340595138,-0.156434465040231,0.));
#9801=DIRECTION('',(0.,0.,-1.));
#9802=DIRECTION('center_axis',(0.,0.,-1.));
#9803=DIRECTION('ref_axis',(0.987688340595138,-0.156434465040231,0.));
#9804=DIRECTION('',(0.,0.,1.));
#9805=DIRECTION('center_axis',(-0.809016994374948,-0.587785252292473,0.));
#9806=DIRECTION('ref_axis',(-0.587785252292473,0.809016994374947,0.));
#9807=DIRECTION('',(0.,0.,1.));
#9808=DIRECTION('',(-0.587785252292473,0.809016994374947,0.));
#9809=DIRECTION('center_axis',(0.,0.,-1.));
#9810=DIRECTION('ref_axis',(-0.987688340595138,0.156434465040231,0.));
#9811=DIRECTION('',(0.,0.,-1.));
#9812=DIRECTION('center_axis',(0.,0.,-1.));
#9813=DIRECTION('ref_axis',(-0.987688340595138,0.156434465040231,0.));
#9814=DIRECTION('center_axis',(0.,0.,-1.));
#9815=DIRECTION('ref_axis',(0.809016994374947,0.587785252292473,0.));
#9816=DIRECTION('',(0.587785252292473,-0.809016994374947,0.));
#9817=DIRECTION('center_axis',(0.,0.,-1.));
#9818=DIRECTION('ref_axis',(-0.0174524064372996,-0.999847695156391,0.));
#9819=DIRECTION('',(0.615661475325657,0.788010753606723,0.));
#9820=DIRECTION('center_axis',(0.,0.,-1.));
#9821=DIRECTION('ref_axis',(0.999847695156391,-0.0174524064372794,0.));
#9822=DIRECTION('',(-0.587785252292475,0.809016994374946,0.));
#9823=DIRECTION('center_axis',(0.,0.,1.));
#9824=DIRECTION('ref_axis',(-0.987688340595138,0.156434465040228,0.));
#9825=DIRECTION('',(0.809016994374947,0.587785252292473,0.));
#9826=DIRECTION('center_axis',(0.,0.,-1.));
#9827=DIRECTION('ref_axis',(0.987688340595138,-0.15643446504023,0.));
#9828=DIRECTION('',(-0.587785252292473,0.809016994374947,0.));
#9829=DIRECTION('center_axis',(0.,0.,-1.));
#9830=DIRECTION('ref_axis',(0.156434465040229,0.987688340595138,0.));
#9831=DIRECTION('',(-0.809016994374948,-0.587785252292473,0.));
#9832=DIRECTION('center_axis',(0.,0.,1.));
#9833=DIRECTION('ref_axis',(-0.156434465040233,-0.987688340595137,0.));
#9834=DIRECTION('center_axis',(0.,0.,-1.));
#9835=DIRECTION('ref_axis',(0.342020143325667,-0.939692620785909,0.));
#9836=DIRECTION('',(-0.939692620785909,-0.342020143325668,0.));
#9837=DIRECTION('center_axis',(0.,0.,-1.));
#9838=DIRECTION('ref_axis',(-0.95630475596304,0.292371704722722,0.));
#9839=DIRECTION('',(0.587785252292473,-0.809016994374947,0.));
#9840=DIRECTION('',(0.587785252292473,-0.809016994374947,0.));
#9841=DIRECTION('center_axis',(0.,0.,1.));
#9842=DIRECTION('ref_axis',(-0.956304755963036,0.292371704722736,-3.52170046973666E-32));
#9843=DIRECTION('',(-0.939692620785909,-0.342020143325668,0.));
#9844=DIRECTION('',(0.587785252292473,-0.809016994374947,0.));
#9845=DIRECTION('',(-0.809016994374947,-0.587785252292473,0.));
#9846=DIRECTION('',(-0.587785252292473,0.809016994374947,0.));
#9847=DIRECTION('',(0.809016994374947,0.587785252292473,0.));
#9848=DIRECTION('',(0.587785252292473,-0.809016994374947,0.));
#9849=DIRECTION('',(0.615661475325658,0.788010753606722,0.));
#9850=DIRECTION('center_axis',(0.,0.,1.));
#9851=DIRECTION('ref_axis',(-0.0174524064372825,-0.999847695156391,-3.52170046973666E-32));
#9852=DIRECTION('',(0.587785252292473,-0.809016994374947,0.));
#9853=DIRECTION('center_axis',(0.,0.,-1.));
#9854=DIRECTION('ref_axis',(0.987688340595138,-0.15643446504023,0.));
#9855=DIRECTION('center_axis',(0.,0.,1.));
#9856=DIRECTION('ref_axis',(0.987688340595138,-0.15643446504023,0.));
#9857=DIRECTION('',(0.,0.,-1.));
#9858=DIRECTION('',(0.,0.,1.));
#9859=DIRECTION('center_axis',(0.809016994374948,0.587785252292473,0.));
#9860=DIRECTION('ref_axis',(0.587785252292473,-0.809016994374947,0.));
#9861=DIRECTION('',(0.587785252292473,-0.809016994374947,0.));
#9862=DIRECTION('',(0.,0.,1.));
#9863=DIRECTION('center_axis',(0.,0.,-1.));
#9864=DIRECTION('ref_axis',(0.999847695156391,-0.0174524064372794,0.));
#9865=DIRECTION('center_axis',(0.,0.,1.));
#9866=DIRECTION('ref_axis',(0.999847695156391,-0.0174524064372794,0.));
#9867=DIRECTION('',(0.,0.,-1.));
#9868=DIRECTION('',(0.,0.,1.));
#9869=DIRECTION('center_axis',(0.809016994374946,0.587785252292475,0.));
#9870=DIRECTION('ref_axis',(0.587785252292475,-0.809016994374946,0.));
#9871=DIRECTION('',(0.587785252292475,-0.809016994374946,0.));
#9872=DIRECTION('',(0.,0.,1.));
#9873=DIRECTION('center_axis',(0.,0.,-1.));
#9874=DIRECTION('ref_axis',(-0.987688340595138,0.156434465040228,0.));
#9875=DIRECTION('center_axis',(0.,0.,-1.));
#9876=DIRECTION('ref_axis',(-0.987688340595138,0.156434465040228,0.));
#9877=DIRECTION('',(0.,0.,-1.));
#9878=DIRECTION('center_axis',(0.,0.,-1.));
#9879=DIRECTION('ref_axis',(0.342020143325667,-0.939692620785909,0.));
#9880=DIRECTION('',(0.,0.,1.));
#9881=DIRECTION('center_axis',(0.,0.,1.));
#9882=DIRECTION('ref_axis',(0.342020143325667,-0.939692620785909,0.));
#9883=DIRECTION('',(0.,0.,-1.));
#9884=DIRECTION('center_axis',(-0.342020143325668,0.939692620785909,0.));
#9885=DIRECTION('ref_axis',(0.939692620785909,0.342020143325668,0.));
#9886=DIRECTION('',(0.939692620785909,0.342020143325668,0.));
#9887=DIRECTION('',(0.,0.,1.));
#9888=DIRECTION('',(-0.939692620785909,-0.342020143325668,0.));
#9889=DIRECTION('',(0.,0.,1.));
#9890=DIRECTION('',(0.939692620785909,0.342020143325668,0.));
#9891=DIRECTION('',(0.,0.,1.));
#9892=DIRECTION('center_axis',(0.,0.,-1.));
#9893=DIRECTION('ref_axis',(-0.156434465040233,-0.987688340595137,0.));
#9894=DIRECTION('',(0.,0.,1.));
#9895=DIRECTION('center_axis',(0.,0.,-1.));
#9896=DIRECTION('ref_axis',(-0.156434465040233,-0.987688340595137,0.));
#9897=DIRECTION('center_axis',(0.,0.,-1.));
#9898=DIRECTION('ref_axis',(0.156434465040229,0.987688340595138,0.));
#9899=DIRECTION('center_axis',(0.,0.,1.));
#9900=DIRECTION('ref_axis',(0.156434465040229,0.987688340595138,0.));
#9901=DIRECTION('',(0.,0.,-1.));
#9902=DIRECTION('center_axis',(-0.587785252292473,0.809016994374948,0.));
#9903=DIRECTION('ref_axis',(0.809016994374948,0.587785252292473,0.));
#9904=DIRECTION('',(0.809016994374948,0.587785252292473,0.));
#9905=DIRECTION('center_axis',(0.,0.,-1.));
#9906=DIRECTION('ref_axis',(-0.0174524064372996,-0.999847695156391,0.));
#9907=DIRECTION('center_axis',(0.,0.,1.));
#9908=DIRECTION('ref_axis',(-0.0174524064372996,-0.999847695156391,0.));
#9909=DIRECTION('',(0.,0.,-1.));
#9910=DIRECTION('',(0.,0.,1.));
#9911=DIRECTION('center_axis',(0.788010753606723,-0.615661475325657,0.));
#9912=DIRECTION('ref_axis',(-0.615661475325657,-0.788010753606723,0.));
#9913=DIRECTION('',(-0.615661475325657,-0.788010753606723,0.));
#9914=DIRECTION('',(0.,0.,-1.));
#9915=DIRECTION('',(0.615661475325657,0.788010753606723,0.));
#9916=DIRECTION('',(0.,0.,-1.));
#9917=DIRECTION('',(-0.615661475325657,-0.788010753606723,0.));
#9918=DIRECTION('center_axis',(0.,0.,-1.));
#9919=DIRECTION('ref_axis',(-0.0174524064372996,-0.999847695156391,0.));
#9920=DIRECTION('center_axis',(0.,0.,-1.));
#9921=DIRECTION('ref_axis',(-0.0174524064372996,-0.999847695156391,0.));
#9922=DIRECTION('',(0.,0.,1.));
#9923=DIRECTION('center_axis',(0.,0.,1.));
#9924=DIRECTION('ref_axis',(-0.0174524064372996,-0.999847695156391,0.));
#9925=DIRECTION('center_axis',(-0.809016994374947,-0.587785252292473,0.));
#9926=DIRECTION('ref_axis',(-0.587785252292473,0.809016994374947,0.));
#9927=DIRECTION('',(0.587785252292473,-0.809016994374947,0.));
#9928=DIRECTION('',(0.,0.,-1.));
#9929=DIRECTION('',(-0.587785252292473,0.809016994374947,0.));
#9930=DIRECTION('center_axis',(0.,0.,-1.));
#9931=DIRECTION('ref_axis',(-0.95630475596304,0.292371704722722,0.));
#9932=DIRECTION('center_axis',(0.,0.,1.));
#9933=DIRECTION('ref_axis',(-0.95630475596304,0.292371704722722,0.));
#9934=DIRECTION('',(0.,0.,-1.));
#9935=DIRECTION('center_axis',(0.,0.,-1.));
#9936=DIRECTION('ref_axis',(-0.95630475596304,0.292371704722722,0.));
#9937=DIRECTION('center_axis',(0.,0.,-1.));
#9938=DIRECTION('ref_axis',(-0.95630475596304,0.292371704722722,0.));
#9939=DIRECTION('center_axis',(0.,0.,1.));
#9940=DIRECTION('ref_axis',(-0.95630475596304,0.292371704722722,0.));
#9941=DIRECTION('center_axis',(0.587785252292473,-0.809016994374947,0.));
#9942=DIRECTION('ref_axis',(-0.809016994374947,-0.587785252292473,0.));
#9943=DIRECTION('',(-0.809016994374947,-0.587785252292473,0.));
#9944=DIRECTION('center_axis',(0.,0.,-1.));
#9945=DIRECTION('ref_axis',(-1.,0.,0.));
#9946=DIRECTION('',(-0.587785252292473,0.809016994374947,0.));
#9947=DIRECTION('',(0.587785252292473,-0.809016994374947,0.));
#9948=DIRECTION('',(0.939692620785909,0.342020143325668,0.));
#9949=DIRECTION('center_axis',(0.,0.,-1.));
#9950=DIRECTION('ref_axis',(1.,0.,0.));
#9951=DIRECTION('',(-0.587785252292473,0.809016994374948,0.));
#9952=DIRECTION('center_axis',(0.,0.,-1.));
#9953=DIRECTION('ref_axis',(1.,0.,0.));
#9954=DIRECTION('',(-0.615661475325658,-0.788010753606722,0.));
#9955=DIRECTION('',(0.587785252292473,-0.809016994374947,0.));
#9956=DIRECTION('center_axis',(0.809016994374948,0.587785252292473,0.));
#9957=DIRECTION('ref_axis',(0.587785252292473,-0.809016994374947,0.));
#9958=DIRECTION('',(0.587785252292473,-0.809016994374947,0.));
#9959=DIRECTION('center_axis',(0.809016994374948,0.587785252292473,0.));
#9960=DIRECTION('ref_axis',(-0.587785252292473,0.809016994374947,-2.04549516274848E-15));
#9961=DIRECTION('',(0.,0.,1.));
#9962=DIRECTION('center_axis',(0.809016994374948,0.587785252292473,0.));
#9963=DIRECTION('ref_axis',(-0.587785252292473,0.809016994374947,2.84590631338919E-15));
#9964=DIRECTION('center_axis',(0.809016994374948,0.587785252292473,0.));
#9965=DIRECTION('ref_axis',(0.587785252292473,-0.809016994374947,0.));
#9966=DIRECTION('center_axis',(0.809016994374948,0.587785252292473,0.));
#9967=DIRECTION('ref_axis',(0.587785252292473,-0.809016994374947,-6.22542006053886E-16));
#9968=DIRECTION('',(0.,0.,-1.));
#9969=DIRECTION('center_axis',(0.809016994374948,0.587785252292473,0.));
#9970=DIRECTION('ref_axis',(0.587785252292473,-0.809016994374947,8.89345722934123E-17));
#9971=DIRECTION('',(0.587785252292473,-0.809016994374947,0.));
#9972=DIRECTION('center_axis',(-0.809016994374948,-0.587785252292473,0.));
#9973=DIRECTION('ref_axis',(-0.587785252292473,0.809016994374948,0.));
#9974=DIRECTION('',(0.,0.,-1.));
#9975=DIRECTION('',(-0.587785252292473,0.809016994374948,0.));
#9976=DIRECTION('',(0.,0.,1.));
#9977=DIRECTION('center_axis',(0.,0.,1.));
#9978=DIRECTION('ref_axis',(-1.,0.,0.));
#9979=DIRECTION('',(0.615661475325658,0.788010753606722,0.));
#9980=DIRECTION('center_axis',(0.,0.,1.));
#9981=DIRECTION('ref_axis',(-1.,0.,0.));
#9982=DIRECTION('center_axis',(0.,0.,1.));
#9983=DIRECTION('ref_axis',(-1.,0.,0.));
#9984=DIRECTION('',(-0.939692620785909,-0.342020143325668,0.));
#9985=DIRECTION('center_axis',(-0.615661475325658,-0.788010753606722,0.));
#9986=DIRECTION('ref_axis',(0.557207747523235,-0.435338404118088,-0.707106781186547));
#9987=DIRECTION('center_axis',(0.615661475325659,0.788010753606722,0.));
#9988=DIRECTION('ref_axis',(0.788010753606722,-0.615661475325658,0.));
#9989=DIRECTION('center_axis',(-0.809016994374948,-0.587785252292473,0.));
#9990=DIRECTION('ref_axis',(0.587785252292473,-0.809016994374947,-6.22542006053886E-16));
#9991=DIRECTION('',(-0.615661475325658,-0.788010753606722,0.));
#9992=DIRECTION('center_axis',(0.,0.,1.));
#9993=DIRECTION('ref_axis',(1.,0.,0.));
#9994=DIRECTION('center_axis',(0.,0.,-1.));
#9995=DIRECTION('ref_axis',(-0.0174524064372825,-0.999847695156391,1.11022302462516E-16));
#9996=DIRECTION('center_axis',(0.587785252292473,-0.809016994374947,0.));
#9997=DIRECTION('ref_axis',(-0.809016994374947,-0.587785252292473,-1.85037170770859E-16));
#9998=DIRECTION('center_axis',(0.,0.,-1.));
#9999=DIRECTION('ref_axis',(-0.0174524064372844,-0.999847695156391,0.));
#10000=DIRECTION('center_axis',(0.,0.,1.));
#10001=DIRECTION('ref_axis',(-0.0174524064372825,-0.999847695156391,-1.11022302462516E-16));
#10002=DIRECTION('',(0.,0.,-1.));
#10003=DIRECTION('center_axis',(-0.342020143325668,0.939692620785909,0.));
#10004=DIRECTION('ref_axis',(0.939692620785909,0.342020143325668,0.));
#10005=DIRECTION('',(-0.939692620785909,-0.342020143325668,0.));
#10006=DIRECTION('',(0.,0.,-1.));
#10007=DIRECTION('',(0.939692620785909,0.342020143325668,0.));
#10008=DIRECTION('center_axis',(-0.939692620785909,-0.342020143325668,0.));
#10009=DIRECTION('ref_axis',(-0.241844762647976,0.664463024388675,0.707106781186547));
#10010=DIRECTION('center_axis',(-0.939692620785908,-0.342020143325669,0.));
#10011=DIRECTION('ref_axis',(0.,0.,1.));
#10012=DIRECTION('',(0.939692620785909,0.342020143325668,0.));
#10013=DIRECTION('center_axis',(-0.809016994374948,-0.587785252292473,0.));
#10014=DIRECTION('ref_axis',(-0.587785252292473,0.809016994374947,-2.04549516274848E-15));
#10015=DIRECTION('center_axis',(0.,0.,-1.));
#10016=DIRECTION('ref_axis',(-1.,0.,0.));
#10017=DIRECTION('center_axis',(0.,0.,1.));
#10018=DIRECTION('ref_axis',(-0.956304755963036,0.292371704722736,-1.11022302462516E-16));
#10019=DIRECTION('center_axis',(0.587785252292472,-0.809016994374948,0.));
#10020=DIRECTION('ref_axis',(0.,0.,1.));
#10021=DIRECTION('center_axis',(0.,0.,-1.));
#10022=DIRECTION('ref_axis',(-0.956304755963036,0.292371704722736,3.52170046973666E-32));
#10023=DIRECTION('center_axis',(-0.615661475325658,-0.788010753606722,0.));
#10024=DIRECTION('ref_axis',(0.557207747523235,-0.435338404118085,0.707106781186549));
#10025=DIRECTION('',(0.615661475325658,0.788010753606722,0.));
#10026=DIRECTION('center_axis',(-0.809016994374948,-0.587785252292473,0.));
#10027=DIRECTION('ref_axis',(0.587785252292473,-0.809016994374947,8.89345722934123E-17));
#10028=DIRECTION('',(-0.615661475325658,-0.788010753606722,0.));
#10029=DIRECTION('center_axis',(0.61566147532566,0.788010753606721,0.));
#10030=DIRECTION('ref_axis',(0.,0.,1.));
#10031=DIRECTION('center_axis',(0.,0.,-1.));
#10032=DIRECTION('ref_axis',(-1.,0.,0.));
#10033=DIRECTION('center_axis',(0.,0.,-1.));
#10034=DIRECTION('ref_axis',(-0.0174524064372825,-0.999847695156391,3.52170046973666E-32));
#10035=DIRECTION('center_axis',(0.587785252292473,-0.809016994374947,0.));
#10036=DIRECTION('ref_axis',(0.,0.,1.));
#10037=DIRECTION('center_axis',(-0.587785252292473,0.809016994374948,0.));
#10038=DIRECTION('ref_axis',(-0.572061402817684,-0.415626937777453,0.707106781186548));
#10039=DIRECTION('',(0.587785252292473,-0.809016994374947,0.));
#10040=DIRECTION('',(-0.587785252292473,0.809016994374947,0.));
#10041=DIRECTION('center_axis',(0.788010753606722,-0.615661475325658,0.));
#10042=DIRECTION('ref_axis',(-0.615661475325658,-0.788010753606722,0.));
#10043=DIRECTION('',(0.,0.,-1.));
#10044=DIRECTION('center_axis',(-0.809016994374948,-0.587785252292473,0.));
#10045=DIRECTION('ref_axis',(0.,0.,-1.));
#10046=DIRECTION('',(0.,0.,1.));
#10047=DIRECTION('',(-0.587785252292473,0.809016994374947,0.));
#10048=DIRECTION('center_axis',(0.,0.,-1.));
#10049=DIRECTION('ref_axis',(-0.956304755963035,0.292371704722737,0.));
#10050=DIRECTION('center_axis',(0.,0.,-1.));
#10051=DIRECTION('ref_axis',(-0.956304755963036,0.292371704722736,1.11022302462516E-16));
#10052=DIRECTION('center_axis',(0.809016994374948,0.587785252292473,0.));
#10053=DIRECTION('ref_axis',(0.587785252292473,-0.809016994374947,0.));
#10054=DIRECTION('',(0.587785252292473,-0.809016994374947,0.));
#10055=DIRECTION('',(0.,0.,1.));
#10056=DIRECTION('center_axis',(-0.809016994374948,-0.587785252292473,0.));
#10057=DIRECTION('ref_axis',(-0.587785252292473,0.809016994374947,2.84590631338919E-15));
#10058=DIRECTION('center_axis',(-0.587785252292473,0.809016994374948,0.));
#10059=DIRECTION('ref_axis',(-0.572061402817684,-0.415626937777453,-0.707106781186548));
#10060=DIRECTION('center_axis',(0.587785252292473,-0.809016994374948,0.));
#10061=DIRECTION('ref_axis',(-0.809016994374948,-0.587785252292473,0.));
#10062=DIRECTION('center_axis',(0.,0.,1.));
#10063=DIRECTION('ref_axis',(-0.956304755963036,0.292371704722736,0.));
#10064=DIRECTION('center_axis',(-0.939692620785908,-0.342020143325669,0.));
#10065=DIRECTION('ref_axis',(-0.342020143325669,0.939692620785908,-1.85037170770859E-16));
#10066=DIRECTION('center_axis',(0.939692620785909,0.342020143325668,0.));
#10067=DIRECTION('ref_axis',(-0.24184476264798,0.664463024388674,-0.707106781186546));
#10068=DIRECTION('center_axis',(0.809016994374948,0.587785252292473,0.));
#10069=DIRECTION('ref_axis',(0.587785252292473,-0.809016994374947,0.));
#10070=DIRECTION('',(0.,0.,-1.));
#10071=DIRECTION('',(0.587785252292473,-0.809016994374947,0.));
#10072=DIRECTION('center_axis',(0.,0.,1.));
#10073=DIRECTION('ref_axis',(-0.809016994374947,-0.587785252292473,0.));
#10074=DIRECTION('',(-0.809016994374947,-0.587785252292473,0.));
#10075=DIRECTION('',(-0.587785252292473,0.809016994374947,0.));
#10076=DIRECTION('',(-0.809016994374947,-0.587785252292473,0.));
#10077=DIRECTION('center_axis',(-0.587785252292473,0.809016994374948,0.));
#10078=DIRECTION('ref_axis',(-0.809016994374947,-0.587785252292473,0.));
#10079=DIRECTION('center_axis',(0.587785252292473,-0.809016994374948,0.));
#10080=DIRECTION('ref_axis',(-0.809016994374947,-0.587785252292473,0.));
#10081=DIRECTION('center_axis',(-0.587785252292473,0.809016994374948,0.));
#10082=DIRECTION('ref_axis',(-0.809016994374947,-0.587785252292473,0.));
#10083=DIRECTION('center_axis',(0.587785252292473,-0.809016994374948,0.));
#10084=DIRECTION('ref_axis',(-0.809016994374947,-0.587785252292473,0.));
#10085=DIRECTION('',(0.587785252292473,-0.809016994374948,0.));
#10086=DIRECTION('center_axis',(0.587785252292473,-0.809016994374948,0.));
#10087=DIRECTION('ref_axis',(-0.809016994374947,-0.587785252292473,0.));
#10088=DIRECTION('center_axis',(-0.587785252292473,0.809016994374948,0.));
#10089=DIRECTION('ref_axis',(-0.809016994374947,-0.587785252292473,0.));
#10090=DIRECTION('center_axis',(-0.587785252292473,0.809016994374948,0.));
#10091=DIRECTION('ref_axis',(-0.809016994374947,-0.587785252292473,0.));
#10092=DIRECTION('',(0.587785252292473,-0.809016994374947,0.));
#10093=DIRECTION('center_axis',(-0.587785252292473,0.809016994374948,0.));
#10094=DIRECTION('ref_axis',(-0.809016994374947,-0.587785252292473,0.));
#10095=DIRECTION('center_axis',(-0.587785252292473,0.809016994374948,0.));
#10096=DIRECTION('ref_axis',(-0.809016994374947,-0.587785252292473,0.));
#10097=DIRECTION('center_axis',(-0.587785252292473,0.809016994374948,0.));
#10098=DIRECTION('ref_axis',(-0.809016994374947,-0.587785252292473,0.));
#10099=DIRECTION('center_axis',(-0.587785252292473,0.809016994374948,0.));
#10100=DIRECTION('ref_axis',(-0.809016994374947,-0.587785252292473,0.));
#10101=DIRECTION('center_axis',(-0.572061402817685,-0.415626937777454,-0.707106781186546));
#10102=DIRECTION('ref_axis',(0.572061402817683,0.415626937777453,-0.707106781186549));
#10103=DIRECTION('',(0.572061402817684,0.415626937777451,-0.707106781186549));
#10104=DIRECTION('',(0.587785252292473,-0.809016994374947,0.));
#10105=DIRECTION('',(-0.572061402817683,-0.415626937777453,0.707106781186549));
#10106=DIRECTION('center_axis',(0.,0.,1.));
#10107=DIRECTION('ref_axis',(-0.987688340595138,0.156434465040231,0.));
#10108=DIRECTION('',(-0.572061402817699,-0.415626937777464,-0.70710678118653));
#10109=DIRECTION('center_axis',(0.,0.,1.));
#10110=DIRECTION('ref_axis',(-0.987688340595138,0.156434465040231,0.));
#10111=DIRECTION('center_axis',(0.572061402817685,0.415626937777454,-0.707106781186546));
#10112=DIRECTION('ref_axis',(0.572061402817683,0.415626937777453,0.707106781186549));
#10113=DIRECTION('',(-0.572061402817684,-0.415626937777451,-0.707106781186549));
#10114=DIRECTION('',(-0.587785252292473,0.809016994374947,0.));
#10115=DIRECTION('',(0.587785252292473,-0.809016994374947,0.));
#10116=DIRECTION('center_axis',(0.,0.,1.));
#10117=DIRECTION('ref_axis',(0.987688340595138,-0.156434465040231,0.));
#10118=DIRECTION('center_axis',(0.,0.,1.));
#10119=DIRECTION('ref_axis',(0.987688340595138,-0.156434465040231,0.));
#10120=DIRECTION('center_axis',(0.,0.,-1.));
#10121=DIRECTION('ref_axis',(0.809016994374947,0.587785252292473,0.));
#10122=DIRECTION('center_axis',(0.809016994374948,0.587785252292473,0.));
#10123=DIRECTION('ref_axis',(0.587785252292473,-0.809016994374947,0.));
#10124=DIRECTION('center_axis',(0.,0.,1.));
#10125=DIRECTION('ref_axis',(0.453990499739547,0.891006524188368,0.));
#10126=DIRECTION('center_axis',(0.,0.,-1.));
#10127=DIRECTION('ref_axis',(0.453990499739547,0.891006524188368,0.));
#10128=DIRECTION('',(-0.553827549563141,0.439630578264178,-0.707106781186542));
#10129=DIRECTION('center_axis',(0.,0.,1.));
#10130=DIRECTION('ref_axis',(0.453990499739547,0.891006524188368,0.));
#10131=DIRECTION('center_axis',(0.23601562795849,-0.726381412683925,-0.645497224367902));
#10132=DIRECTION('ref_axis',(-0.939189449537798,0.,-0.343399443617615));
#10133=DIRECTION('',(0.199469612151549,-0.613904341485527,0.763762615825973));
#10134=DIRECTION('',(-0.951056516295154,-0.309016994374947,0.));
#10135=DIRECTION('',(-0.199469612151544,0.613904341485527,-0.763762615825973));
#10136=DIRECTION('',(0.951056516295154,0.309016994374947,0.));
#10137=DIRECTION('center_axis',(0.,0.,1.));
#10138=DIRECTION('ref_axis',(-0.453990499739547,-0.891006524188368,0.));
#10139=DIRECTION('center_axis',(0.,0.,1.));
#10140=DIRECTION('ref_axis',(-0.453990499739547,-0.891006524188368,0.));
#10141=DIRECTION('',(-0.189647529189127,-0.681200275009091,0.707106781186546));
#10142=DIRECTION('center_axis',(0.,0.,-1.));
#10143=DIRECTION('ref_axis',(-0.453990499739547,-0.891006524188368,0.));
#10144=DIRECTION('center_axis',(0.,0.,-1.));
#10145=DIRECTION('ref_axis',(0.453990499739547,0.891006524188368,0.));
#10146=DIRECTION('',(0.,0.,-1.));
#10147=DIRECTION('center_axis',(0.,0.,-1.));
#10148=DIRECTION('ref_axis',(0.453990499739547,0.891006524188368,0.));
#10149=DIRECTION('',(0.,0.,1.));
#10150=DIRECTION('center_axis',(0.309016994374947,-0.951056516295154,0.));
#10151=DIRECTION('ref_axis',(-0.951056516295154,-0.309016994374947,0.));
#10152=DIRECTION('',(0.,0.,1.));
#10153=DIRECTION('',(-0.951056516295154,-0.309016994374947,0.));
#10154=DIRECTION('center_axis',(0.,0.,-1.));
#10155=DIRECTION('ref_axis',(-0.453990499739547,-0.891006524188368,0.));
#10156=DIRECTION('',(0.,0.,-1.));
#10157=DIRECTION('center_axis',(0.,0.,-1.));
#10158=DIRECTION('ref_axis',(-0.453990499739547,-0.891006524188368,0.));
#10159=DIRECTION('center_axis',(0.,0.,-1.));
#10160=DIRECTION('ref_axis',(-0.309016994374947,0.951056516295154,0.));
#10161=DIRECTION('',(0.951056516295154,0.309016994374947,0.));
#10162=DIRECTION('center_axis',(0.,0.,-1.));
#10163=DIRECTION('ref_axis',(0.945518575599319,-0.325568154457152,0.));
#10164=DIRECTION('',(-0.559192903470746,0.829037572555042,0.));
#10165=DIRECTION('center_axis',(0.,0.,-1.));
#10166=DIRECTION('ref_axis',(0.325568154457157,0.945518575599317,0.));
#10167=DIRECTION('',(-0.951056516295153,-0.309016994374948,0.));
#10168=DIRECTION('center_axis',(0.,0.,1.));
#10169=DIRECTION('ref_axis',(-0.453990499739547,-0.891006524188368,0.));
#10170=DIRECTION('',(-0.309016994374947,0.951056516295154,0.));
#10171=DIRECTION('center_axis',(0.,0.,-1.));
#10172=DIRECTION('ref_axis',(0.45399049973955,0.891006524188366,0.));
#10173=DIRECTION('',(-0.951056516295154,-0.309016994374947,0.));
#10174=DIRECTION('center_axis',(0.,0.,-1.));
#10175=DIRECTION('ref_axis',(-0.891006524188368,0.453990499739546,0.));
#10176=DIRECTION('',(0.309016994374947,-0.951056516295154,0.));
#10177=DIRECTION('center_axis',(0.,0.,1.));
#10178=DIRECTION('ref_axis',(0.891006524188369,-0.453990499739545,0.));
#10179=DIRECTION('center_axis',(0.,0.,-1.));
#10180=DIRECTION('ref_axis',(0.999390827019096,0.0348994967025007,0.));
#10181=DIRECTION('',(0.0348994967025004,-0.999390827019096,0.));
#10182=DIRECTION('center_axis',(0.,0.,-1.));
#10183=DIRECTION('ref_axis',(-0.573576436351056,-0.819152044288985,0.));
#10184=DIRECTION('',(0.951056516295154,0.309016994374947,0.));
#10185=DIRECTION('',(0.951056516295154,0.309016994374947,0.));
#10186=DIRECTION('center_axis',(0.,0.,1.));
#10187=DIRECTION('ref_axis',(-0.573576436351047,-0.819152044288991,0.));
#10188=DIRECTION('',(0.0348994967025004,-0.999390827019096,0.));
#10189=DIRECTION('',(0.951056516295154,0.309016994374947,0.));
#10190=DIRECTION('',(0.309016994374947,-0.951056516295154,0.));
#10191=DIRECTION('',(-0.951056516295154,-0.309016994374947,0.));
#10192=DIRECTION('',(-0.309016994374947,0.951056516295154,0.));
#10193=DIRECTION('',(0.951056516295154,0.309016994374947,0.));
#10194=DIRECTION('',(-0.559192903470747,0.829037572555042,0.));
#10195=DIRECTION('center_axis',(0.,0.,1.));
#10196=DIRECTION('ref_axis',(0.945518575599317,-0.325568154457157,0.));
#10197=DIRECTION('',(0.951056516295154,0.309016994374947,0.));
#10198=DIRECTION('center_axis',(0.,0.,-1.));
#10199=DIRECTION('ref_axis',(0.999390827019096,0.0348994967025007,0.));
#10200=DIRECTION('',(0.,0.,1.));
#10201=DIRECTION('center_axis',(0.,0.,1.));
#10202=DIRECTION('ref_axis',(0.999390827019096,0.0348994967025007,0.));
#10203=DIRECTION('',(0.,0.,-1.));
#10204=DIRECTION('center_axis',(-0.999390827019096,-0.0348994967025004,
0.));
#10205=DIRECTION('ref_axis',(-0.0348994967025004,0.999390827019096,0.));
#10206=DIRECTION('',(-0.0348994967025004,0.999390827019096,0.));
#10207=DIRECTION('',(0.,0.,1.));
#10208=DIRECTION('',(0.0348994967025004,-0.999390827019096,0.));
#10209=DIRECTION('',(0.,0.,1.));
#10210=DIRECTION('',(-0.0348994967025004,0.999390827019096,0.));
#10211=DIRECTION('',(0.,0.,1.));
#10212=DIRECTION('center_axis',(0.,0.,-1.));
#10213=DIRECTION('ref_axis',(0.891006524188369,-0.453990499739545,0.));
#10214=DIRECTION('',(0.,0.,1.));
#10215=DIRECTION('center_axis',(0.,0.,-1.));
#10216=DIRECTION('ref_axis',(0.891006524188369,-0.453990499739545,0.));
#10217=DIRECTION('center_axis',(0.,0.,1.));
#10218=DIRECTION('ref_axis',(0.309016994374947,-0.951056516295154,0.));
#10219=DIRECTION('',(0.559192903470747,-0.829037572555042,0.));
#10220=DIRECTION('',(0.951056516295154,0.309016994374947,0.));
#10221=DIRECTION('',(0.309016994374947,-0.951056516295154,0.));
#10222=DIRECTION('',(-0.951056516295154,-0.309016994374947,0.));
#10223=DIRECTION('',(0.309016994374947,-0.951056516295154,0.));
#10224=DIRECTION('',(0.951056516295154,0.309016994374947,0.));
#10225=DIRECTION('',(-0.0348994967025004,0.999390827019096,0.));
#10226=DIRECTION('center_axis',(0.,0.,-1.));
#10227=DIRECTION('ref_axis',(-0.573576436351047,-0.819152044288991,0.));
#10228=DIRECTION('',(-0.951056516295154,-0.309016994374947,0.));
#10229=DIRECTION('center_axis',(0.,0.,-1.));
#10230=DIRECTION('ref_axis',(0.945518575599317,-0.325568154457157,0.));
#10231=DIRECTION('',(-0.309016994374947,0.951056516295154,0.));
#10232=DIRECTION('center_axis',(0.,0.,1.));
#10233=DIRECTION('ref_axis',(-0.891006524188368,0.453990499739546,0.));
#10234=DIRECTION('',(0.951056516295154,0.309016994374947,0.));
#10235=DIRECTION('center_axis',(0.,0.,1.));
#10236=DIRECTION('ref_axis',(0.45399049973955,0.891006524188366,0.));
#10237=DIRECTION('',(0.309016994374947,-0.951056516295154,0.));
#10238=DIRECTION('center_axis',(0.,0.,-1.));
#10239=DIRECTION('ref_axis',(-0.453990499739547,-0.891006524188368,0.));
#10240=DIRECTION('',(0.951056516295153,0.309016994374948,0.));
#10241=DIRECTION('center_axis',(0.,0.,1.));
#10242=DIRECTION('ref_axis',(0.325568154457157,0.945518575599317,0.));
#10243=DIRECTION('',(0.559192903470746,-0.829037572555042,0.));
#10244=DIRECTION('center_axis',(0.,0.,1.));
#10245=DIRECTION('ref_axis',(0.945518575599319,-0.325568154457152,0.));
#10246=DIRECTION('',(-0.951056516295154,-0.309016994374947,0.));
#10247=DIRECTION('center_axis',(0.,0.,1.));
#10248=DIRECTION('ref_axis',(-0.573576436351056,-0.819152044288985,0.));
#10249=DIRECTION('center_axis',(-0.951056516295154,-0.309016994374947,0.));
#10250=DIRECTION('ref_axis',(-0.309016994374947,0.951056516295154,0.));
#10251=DIRECTION('',(0.,0.,-1.));
#10252=DIRECTION('center_axis',(0.,0.,-1.));
#10253=DIRECTION('ref_axis',(-0.891006524188368,0.453990499739546,0.));
#10254=DIRECTION('',(0.,0.,1.));
#10255=DIRECTION('center_axis',(0.,0.,-1.));
#10256=DIRECTION('ref_axis',(0.45399049973955,0.891006524188366,0.));
#10257=DIRECTION('',(0.,0.,-1.));
#10258=DIRECTION('',(0.,0.,1.));
#10259=DIRECTION('center_axis',(-0.309016994374947,0.951056516295154,0.));
#10260=DIRECTION('ref_axis',(0.951056516295154,0.309016994374947,0.));
#10261=DIRECTION('center_axis',(0.,0.,-1.));
#10262=DIRECTION('ref_axis',(-0.453990499739547,-0.891006524188368,0.));
#10263=DIRECTION('',(0.,0.,1.));
#10264=DIRECTION('',(0.,0.,-1.));
#10265=DIRECTION('center_axis',(0.951056516295154,0.309016994374947,0.));
#10266=DIRECTION('ref_axis',(0.309016994374947,-0.951056516295154,0.));
#10267=DIRECTION('center_axis',(0.,0.,-1.));
#10268=DIRECTION('ref_axis',(0.325568154457157,0.945518575599317,0.));
#10269=DIRECTION('',(0.,0.,-1.));
#10270=DIRECTION('',(0.,0.,1.));
#10271=DIRECTION('center_axis',(-0.309016994374948,0.951056516295154,0.));
#10272=DIRECTION('ref_axis',(0.951056516295153,0.309016994374948,0.));
#10273=DIRECTION('center_axis',(0.,0.,-1.));
#10274=DIRECTION('ref_axis',(-0.573576436351056,-0.819152044288985,0.));
#10275=DIRECTION('center_axis',(0.,0.,1.));
#10276=DIRECTION('ref_axis',(-0.573576436351056,-0.819152044288985,0.));
#10277=DIRECTION('',(0.,0.,-1.));
#10278=DIRECTION('center_axis',(0.,0.,-1.));
#10279=DIRECTION('ref_axis',(-0.573576436351056,-0.819152044288985,0.));
#10280=DIRECTION('center_axis',(0.,0.,-1.));
#10281=DIRECTION('ref_axis',(-0.573576436351056,-0.819152044288985,0.));
#10282=DIRECTION('',(0.,0.,-1.));
#10283=DIRECTION('center_axis',(0.,0.,-1.));
#10284=DIRECTION('ref_axis',(0.945518575599319,-0.325568154457152,0.));
#10285=DIRECTION('center_axis',(0.,0.,1.));
#10286=DIRECTION('ref_axis',(0.945518575599319,-0.325568154457152,0.));
#10287=DIRECTION('',(0.,0.,-1.));
#10288=DIRECTION('',(0.,0.,1.));
#10289=DIRECTION('center_axis',(0.829037572555042,0.559192903470746,0.));
#10290=DIRECTION('ref_axis',(0.559192903470746,-0.829037572555042,0.));
#10291=DIRECTION('',(0.559192903470746,-0.829037572555042,0.));
#10292=DIRECTION('',(0.,0.,-1.));
#10293=DIRECTION('',(-0.559192903470746,0.829037572555042,0.));
#10294=DIRECTION('',(0.,0.,-1.));
#10295=DIRECTION('center_axis',(0.,0.,-1.));
#10296=DIRECTION('ref_axis',(0.945518575599319,-0.325568154457152,0.));
#10297=DIRECTION('center_axis',(0.,0.,-1.));
#10298=DIRECTION('ref_axis',(0.945518575599319,-0.325568154457152,0.));
#10299=DIRECTION('',(0.,0.,1.));
#10300=DIRECTION('center_axis',(0.309016994374947,-0.951056516295154,0.));
#10301=DIRECTION('ref_axis',(-0.951056516295154,-0.309016994374947,0.));
#10302=DIRECTION('',(0.951056516295154,0.309016994374947,0.));
#10303=DIRECTION('center_axis',(0.,0.,1.));
#10304=DIRECTION('ref_axis',(-1.,0.,0.));
#10305=DIRECTION('',(0.951056516295154,0.309016994374947,0.));
#10306=DIRECTION('',(-0.559192903470747,0.829037572555042,0.));
#10307=DIRECTION('center_axis',(0.,0.,1.));
#10308=DIRECTION('ref_axis',(-1.,0.,0.));
#10309=DIRECTION('',(-0.951056516295154,-0.309016994374947,0.));
#10310=DIRECTION('center_axis',(0.,0.,1.));
#10311=DIRECTION('ref_axis',(-1.,0.,0.));
#10312=DIRECTION('',(0.0348994967025004,-0.999390827019096,0.));
#10313=DIRECTION('',(0.951056516295154,0.309016994374947,0.));
#10314=DIRECTION('center_axis',(-0.309016994374947,0.951056516295154,0.));
#10315=DIRECTION('ref_axis',(0.951056516295154,0.309016994374947,0.));
#10316=DIRECTION('',(0.951056516295154,0.309016994374947,0.));
#10317=DIRECTION('center_axis',(-0.309016994374947,0.951056516295154,0.));
#10318=DIRECTION('ref_axis',(0.951056516295154,0.309016994374947,9.78280295227535E-16));
#10319=DIRECTION('',(0.,0.,-1.));
#10320=DIRECTION('center_axis',(-0.309016994374947,0.951056516295154,0.));
#10321=DIRECTION('ref_axis',(0.951056516295154,0.309016994374947,-1.68975687357483E-15));
#10322=DIRECTION('center_axis',(-0.309016994374947,0.951056516295154,0.));
#10323=DIRECTION('ref_axis',(0.951056516295154,0.309016994374947,0.));
#10324=DIRECTION('center_axis',(-0.309016994374947,0.951056516295154,0.));
#10325=DIRECTION('ref_axis',(-0.951056516295154,-0.309016994374947,3.55738289173649E-16));
#10326=DIRECTION('',(0.,0.,1.));
#10327=DIRECTION('center_axis',(-0.309016994374947,0.951056516295154,0.));
#10328=DIRECTION('ref_axis',(-0.951056516295154,-0.309016994374947,8.89345722934123E-17));
#10329=DIRECTION('',(0.951056516295154,0.309016994374947,0.));
#10330=DIRECTION('center_axis',(0.,0.,-1.));
#10331=DIRECTION('ref_axis',(-1.,0.,0.));
#10332=DIRECTION('',(-0.0348994967025004,0.999390827019096,0.));
#10333=DIRECTION('center_axis',(0.,0.,-1.));
#10334=DIRECTION('ref_axis',(1.,0.,0.));
#10335=DIRECTION('',(-0.951056516295154,-0.309016994374947,0.));
#10336=DIRECTION('center_axis',(0.,0.,-1.));
#10337=DIRECTION('ref_axis',(1.,0.,0.));
#10338=DIRECTION('',(0.559192903470747,-0.829037572555042,0.));
#10339=DIRECTION('',(-0.951056516295154,-0.309016994374947,0.));
#10340=DIRECTION('center_axis',(0.309016994374947,-0.951056516295154,0.));
#10341=DIRECTION('ref_axis',(-0.951056516295154,-0.309016994374947,0.));
#10342=DIRECTION('',(0.,0.,1.));
#10343=DIRECTION('',(0.,0.,-1.));
#10344=DIRECTION('center_axis',(0.829037572555042,0.559192903470747,0.));
#10345=DIRECTION('ref_axis',(0.559192903470747,-0.829037572555042,0.));
#10346=DIRECTION('',(0.559192903470747,-0.829037572555042,0.));
#10347=DIRECTION('',(0.,0.,-1.));
#10348=DIRECTION('',(-0.559192903470747,0.829037572555042,0.));
#10349=DIRECTION('center_axis',(0.559192903470747,-0.829037572555042,0.));
#10350=DIRECTION('ref_axis',(0.586218089412105,0.395409094035561,-0.707106781186546));
#10351=DIRECTION('center_axis',(-0.559192903470749,0.829037572555041,0.));
#10352=DIRECTION('ref_axis',(0.82903757255504,0.559192903470749,0.));
#10353=DIRECTION('center_axis',(0.309016994374947,-0.951056516295154,0.));
#10354=DIRECTION('ref_axis',(0.951056516295154,0.309016994374947,9.78280295227535E-16));
#10355=DIRECTION('center_axis',(0.,0.,1.));
#10356=DIRECTION('ref_axis',(1.,0.,0.));
#10357=DIRECTION('center_axis',(0.,0.,-1.));
#10358=DIRECTION('ref_axis',(0.945518575599317,-0.325568154457157,0.));
#10359=DIRECTION('center_axis',(0.951056516295153,0.30901699437495,0.));
#10360=DIRECTION('ref_axis',(0.30901699437495,-0.951056516295153,0.));
#10361=DIRECTION('center_axis',(0.0348994967025004,-0.999390827019096,0.));
#10362=DIRECTION('ref_axis',(-0.706676030840835,-0.0246776707783358,0.707106781186547));
#10363=DIRECTION('center_axis',(0.0348994967025007,-0.999390827019096,0.));
#10364=DIRECTION('ref_axis',(0.,0.,1.));
#10365=DIRECTION('center_axis',(0.309016994374947,-0.951056516295154,0.));
#10366=DIRECTION('ref_axis',(-0.951056516295154,-0.309016994374947,3.55738289173649E-16));
#10367=DIRECTION('',(0.0348994967025004,-0.999390827019096,0.));
#10368=DIRECTION('center_axis',(0.,0.,-1.));
#10369=DIRECTION('ref_axis',(-1.,0.,0.));
#10370=DIRECTION('center_axis',(0.,0.,1.));
#10371=DIRECTION('ref_axis',(-0.573576436351047,-0.819152044288991,0.));
#10372=DIRECTION('center_axis',(0.951056516295154,0.309016994374947,0.));
#10373=DIRECTION('ref_axis',(0.,0.,1.));
#10374=DIRECTION('center_axis',(0.,0.,-1.));
#10375=DIRECTION('ref_axis',(-0.573576436351046,-0.819152044288992,0.));
#10376=DIRECTION('center_axis',(0.,0.,-1.));
#10377=DIRECTION('ref_axis',(-0.573576436351047,-0.819152044288991,0.));
#10378=DIRECTION('',(0.,0.,1.));
#10379=DIRECTION('center_axis',(-0.951056516295154,-0.309016994374947,0.));
#10380=DIRECTION('ref_axis',(0.218508012224411,-0.672498511963958,-0.707106781186547));
#10381=DIRECTION('',(-0.951056516295154,-0.309016994374947,0.));
#10382=DIRECTION('center_axis',(0.951056516295154,0.309016994374947,0.));
#10383=DIRECTION('ref_axis',(0.309016994374947,-0.951056516295154,0.));
#10384=DIRECTION('center_axis',(0.,0.,1.));
#10385=DIRECTION('ref_axis',(1.,0.,0.));
#10386=DIRECTION('center_axis',(0.0348994967025007,-0.999390827019096,0.));
#10387=DIRECTION('ref_axis',(-0.999390827019096,-0.0348994967025007,0.));
#10388=DIRECTION('center_axis',(-0.0348994967025004,0.999390827019096,0.));
#10389=DIRECTION('ref_axis',(-0.706676030840835,-0.0246776707783358,-0.707106781186547));
#10390=DIRECTION('',(-0.0348994967025004,0.999390827019096,0.));
#10391=DIRECTION('center_axis',(0.309016994374947,-0.951056516295154,0.));
#10392=DIRECTION('ref_axis',(-0.951056516295154,-0.309016994374947,8.89345722934123E-17));
#10393=DIRECTION('center_axis',(0.309016994374947,-0.951056516295154,0.));
#10394=DIRECTION('ref_axis',(0.,0.,-1.));
#10395=DIRECTION('',(0.,0.,-1.));
#10396=DIRECTION('',(0.951056516295154,0.309016994374947,0.));
#10397=DIRECTION('center_axis',(0.,0.,-1.));
#10398=DIRECTION('ref_axis',(0.945518575599317,-0.325568154457157,0.));
#10399=DIRECTION('center_axis',(0.,0.,1.));
#10400=DIRECTION('ref_axis',(0.945518575599317,-0.325568154457157,0.));
#10401=DIRECTION('center_axis',(-0.309016994374947,0.951056516295154,0.));
#10402=DIRECTION('ref_axis',(0.951056516295154,0.309016994374947,0.));
#10403=DIRECTION('',(0.,0.,-1.));
#10404=DIRECTION('center_axis',(0.309016994374947,-0.951056516295154,0.));
#10405=DIRECTION('ref_axis',(0.951056516295154,0.309016994374947,-1.68975687357483E-15));
#10406=DIRECTION('center_axis',(0.559192903470747,-0.829037572555042,0.));
#10407=DIRECTION('ref_axis',(0.586218089412103,0.39540909403556,0.707106781186548));
#10408=DIRECTION('center_axis',(-0.55919290347075,0.82903757255504,0.));
#10409=DIRECTION('ref_axis',(0.,0.,1.));
#10410=DIRECTION('center_axis',(0.,0.,-1.));
#10411=DIRECTION('ref_axis',(0.945518575599317,-0.325568154457157,0.));
#10412=DIRECTION('center_axis',(0.951056516295153,0.30901699437495,0.));
#10413=DIRECTION('ref_axis',(0.,0.,1.));
#10414=DIRECTION('center_axis',(-0.951056516295154,-0.309016994374947,0.));
#10415=DIRECTION('ref_axis',(0.218508012224411,-0.672498511963958,0.707106781186547));
#10416=DIRECTION('center_axis',(-0.999390827019096,-0.0348994967025004,
0.));
#10417=DIRECTION('ref_axis',(-0.0348994967025004,0.999390827019096,0.));
#10418=DIRECTION('',(0.,0.,-1.));
#10419=DIRECTION('center_axis',(-0.309016994374947,0.951056516295154,0.));
#10420=DIRECTION('ref_axis',(0.951056516295154,0.309016994374947,0.));
#10421=DIRECTION('',(0.,0.,1.));
#10422=DIRECTION('center_axis',(-0.951056516295154,-0.309016994374947,0.));
#10423=DIRECTION('ref_axis',(0.309016994374947,-0.951056516295154,0.));
#10424=DIRECTION('center_axis',(0.951056516295154,0.309016994374947,0.));
#10425=DIRECTION('ref_axis',(0.309016994374947,-0.951056516295154,0.));
#10426=DIRECTION('center_axis',(-0.951056516295154,-0.309016994374947,0.));
#10427=DIRECTION('ref_axis',(0.309016994374947,-0.951056516295154,0.));
#10428=DIRECTION('center_axis',(0.951056516295154,0.309016994374947,0.));
#10429=DIRECTION('ref_axis',(0.309016994374947,-0.951056516295154,0.));
#10430=DIRECTION('',(0.951056516295154,0.309016994374947,0.));
#10431=DIRECTION('center_axis',(0.951056516295154,0.309016994374947,0.));
#10432=DIRECTION('ref_axis',(0.309016994374947,-0.951056516295154,0.));
#10433=DIRECTION('center_axis',(-0.951056516295154,-0.309016994374947,0.));
#10434=DIRECTION('ref_axis',(0.309016994374947,-0.951056516295154,0.));
#10435=DIRECTION('center_axis',(-0.951056516295154,-0.309016994374947,0.));
#10436=DIRECTION('ref_axis',(0.309016994374947,-0.951056516295154,0.));
#10437=DIRECTION('',(0.951056516295154,0.309016994374947,0.));
#10438=DIRECTION('center_axis',(-0.951056516295154,-0.309016994374947,0.));
#10439=DIRECTION('ref_axis',(0.309016994374947,-0.951056516295154,0.));
#10440=DIRECTION('center_axis',(-0.951056516295154,-0.309016994374947,0.));
#10441=DIRECTION('ref_axis',(0.309016994374947,-0.951056516295154,0.));
#10442=DIRECTION('center_axis',(-0.951056516295154,-0.309016994374947,0.));
#10443=DIRECTION('ref_axis',(0.309016994374947,-0.951056516295154,0.));
#10444=DIRECTION('center_axis',(-0.951056516295154,-0.309016994374947,0.));
#10445=DIRECTION('ref_axis',(0.309016994374947,-0.951056516295154,0.));
#10446=DIRECTION('center_axis',(0.218508012224411,-0.672498511963958,-0.707106781186546));
#10447=DIRECTION('ref_axis',(-0.21850801222441,0.672498511963956,-0.707106781186549));
#10448=DIRECTION('',(-0.218508012224409,0.672498511963957,-0.707106781186549));
#10449=DIRECTION('',(0.951056516295154,0.309016994374947,0.));
#10450=DIRECTION('',(0.21850801222441,-0.672498511963956,0.707106781186549));
#10451=DIRECTION('center_axis',(0.,0.,1.));
#10452=DIRECTION('ref_axis',(-0.453990499739547,-0.891006524188368,0.));
#10453=DIRECTION('',(0.218508012224416,-0.672498511963974,-0.70710678118653));
#10454=DIRECTION('center_axis',(0.,0.,1.));
#10455=DIRECTION('ref_axis',(-0.453990499739547,-0.891006524188368,0.));
#10456=DIRECTION('center_axis',(-0.218508012224411,0.672498511963958,-0.707106781186546));
#10457=DIRECTION('ref_axis',(-0.21850801222441,0.672498511963956,0.707106781186549));
#10458=DIRECTION('',(0.218508012224409,-0.672498511963957,-0.707106781186549));
#10459=DIRECTION('',(-0.951056516295154,-0.309016994374947,0.));
#10460=DIRECTION('',(0.951056516295154,0.309016994374947,0.));
#10461=DIRECTION('center_axis',(0.,0.,1.));
#10462=DIRECTION('ref_axis',(0.453990499739547,0.891006524188368,0.));
#10463=DIRECTION('center_axis',(0.,0.,1.));
#10464=DIRECTION('ref_axis',(0.453990499739547,0.891006524188368,0.));
#10465=DIRECTION('center_axis',(0.,0.,-1.));
#10466=DIRECTION('ref_axis',(-0.309016994374947,0.951056516295154,0.));
#10467=DIRECTION('center_axis',(-0.309016994374947,0.951056516295154,0.));
#10468=DIRECTION('ref_axis',(0.951056516295154,0.309016994374947,0.));
#10469=CARTESIAN_POINT('',(0.,0.,0.));
#10470=CARTESIAN_POINT('Origin',(14.,4.90416206403618,4.5));
#10471=CARTESIAN_POINT('',(13.5,-6.17561148804557,4.));
#10472=CARTESIAN_POINT('',(14.5,-6.17561148804557,5.));
#10473=CARTESIAN_POINT('',(13.5,-6.17561148804557,4.));
#10474=CARTESIAN_POINT('',(14.5,6.17561148804556,5.));
#10475=CARTESIAN_POINT('',(14.5,4.90416206403618,5.));
#10476=CARTESIAN_POINT('',(13.5,6.17561148804556,4.));
#10477=CARTESIAN_POINT('',(14.5,6.17561148804556,5.));
#10478=CARTESIAN_POINT('',(13.5,4.90416206403618,4.));
#10479=CARTESIAN_POINT('Origin',(8.5,-6.17561148804557,4.5));
#10480=CARTESIAN_POINT('',(10.0450849718747,-10.9308940695213,4.));
#10481=CARTESIAN_POINT('Origin',(8.5,-6.17561148804557,4.));
#10482=CARTESIAN_POINT('',(10.3541019662497,-11.8819505858165,5.));
#10483=CARTESIAN_POINT('',(10.0450849718747,-10.9308940695213,4.));
#10484=CARTESIAN_POINT('Origin',(8.5,-6.17561148804557,5.));
#10485=CARTESIAN_POINT('Origin',(7.92274575140626,-12.1462149964583,4.5));
#10486=CARTESIAN_POINT('',(-1.70162612375115,-14.7476318704478,4.));
#10487=CARTESIAN_POINT('',(-1.39260912937621,-15.698688386743,5.));
#10488=CARTESIAN_POINT('',(-1.70162612375115,-14.7476318704478,4.));
#10489=CARTESIAN_POINT('',(8.07725424859373,-12.6217432546058,5.));
#10490=CARTESIAN_POINT('',(7.76823725421879,-11.6706867383107,4.));
#10491=CARTESIAN_POINT('Origin',(-3.24671109562589,-9.99234928897204,4.5));
#10492=CARTESIAN_POINT('',(-7.29179606750063,-12.9312755504344,4.));
#10493=CARTESIAN_POINT('Origin',(-3.24671109562589,-9.99234928897204,4.));
#10494=CARTESIAN_POINT('',(-8.10081306187557,-13.5190608027269,5.));
#10495=CARTESIAN_POINT('',(-7.29179606750063,-12.9312755504344,4.));
#10496=CARTESIAN_POINT('Origin',(-3.24671109562589,-9.99234928897204,5.));
#10497=CARTESIAN_POINT('Origin',(-8.85144118671815,-11.6352590143443,4.5));
#10498=CARTESIAN_POINT('',(-14.5516627806229,-2.93892626146236,4.));
#10499=CARTESIAN_POINT('',(-15.3606797749979,-3.52671151375483,5.));
#10500=CARTESIAN_POINT('',(-14.5516627806229,-2.93892626146236,4.));
#10501=CARTESIAN_POINT('',(-9.25594968390563,-11.9291516404906,5.));
#10502=CARTESIAN_POINT('',(-8.44693268953068,-11.3413663881981,4.));
#10503=CARTESIAN_POINT('Origin',(-10.5065778087482,7.21644966006352E-15,
4.5));
#10504=CARTESIAN_POINT('',(-14.5516627806229,2.93892626146237,4.));
#10505=CARTESIAN_POINT('Origin',(-10.5065778087482,7.21644966006352E-15,
4.));
#10506=CARTESIAN_POINT('',(-15.3606797749979,3.52671151375485,5.));
#10507=CARTESIAN_POINT('',(-14.5516627806229,2.93892626146237,4.));
#10508=CARTESIAN_POINT('Origin',(-10.5065778087482,7.21644966006352E-15,
5.));
#10509=CARTESIAN_POINT('Origin',(-14.6166294589035,3.70015810839595,4.5));
#10510=CARTESIAN_POINT('',(-7.29179606750064,12.9312755504344,4.));
#10511=CARTESIAN_POINT('',(-8.10081306187558,13.5190608027269,5.));
#10512=CARTESIAN_POINT('',(-7.29179606750064,12.9312755504344,4.));
#10513=CARTESIAN_POINT('',(-15.021137956091,3.99405073454219,5.));
#10514=CARTESIAN_POINT('',(-14.2121209617161,3.40626548224971,4.));
#10515=CARTESIAN_POINT('Origin',(-3.2467110956259,9.99234928897204,4.5));
#10516=CARTESIAN_POINT('',(-1.70162612375116,14.7476318704478,4.));
#10517=CARTESIAN_POINT('Origin',(-3.2467110956259,9.99234928897204,4.));
#10518=CARTESIAN_POINT('',(-1.39260912937621,15.698688386743,5.));
#10519=CARTESIAN_POINT('',(-1.70162612375116,14.7476318704478,4.));
#10520=CARTESIAN_POINT('Origin',(-3.2467110956259,9.99234928897204,5.));
#10521=CARTESIAN_POINT('Origin',(-1.40552482453195,15.1771538383705,4.5));
#10522=CARTESIAN_POINT('',(10.0450849718747,10.9308940695213,4.));
#10523=CARTESIAN_POINT('',(10.3541019662497,11.8819505858165,5.));
#10524=CARTESIAN_POINT('',(10.0450849718747,10.9308940695213,4.));
#10525=CARTESIAN_POINT('',(-1.25101632734447,15.652682096518,5.));
#10526=CARTESIAN_POINT('',(-1.56003332171942,14.7016255802229,4.));
#10527=CARTESIAN_POINT('Origin',(8.5,6.17561148804556,4.5));
#10528=CARTESIAN_POINT('Origin',(8.5,6.17561148804556,4.));
#10529=CARTESIAN_POINT('Origin',(8.5,6.17561148804556,5.));
#10530=CARTESIAN_POINT('Origin',(-5.15654115187641,-15.8702018118968,5.00000007450581));
#10531=CARTESIAN_POINT('',(-7.29179606750063,-12.9312755504344,1.));
#10532=CARTESIAN_POINT('',(-7.29179606750063,-12.9312755504344,5.00000007450581));
#10533=CARTESIAN_POINT('',(-14.5516627806229,-2.93892626146236,1.));
#10534=CARTESIAN_POINT('',(-8.44693268953068,-11.3413663881981,1.));
#10535=CARTESIAN_POINT('',(-14.5516627806229,-2.93892626146236,5.00000007450581));
#10536=CARTESIAN_POINT('Origin',(-3.24671109562589,-9.99234928897204,5.00000007450581));
#10537=CARTESIAN_POINT('',(-1.70162612375115,-14.7476318704478,1.));
#10538=CARTESIAN_POINT('',(-1.70162612375115,-14.7476318704478,5.00000007450581));
#10539=CARTESIAN_POINT('Origin',(-3.24671109562589,-9.99234928897204,1.));
#10540=CARTESIAN_POINT('Origin',(13.5,-9.80832412807237,5.00000007450581));
#10541=CARTESIAN_POINT('',(10.0450849718747,-10.9308940695213,1.));
#10542=CARTESIAN_POINT('',(10.0450849718747,-10.9308940695213,5.00000007450581));
#10543=CARTESIAN_POINT('',(7.76823725421879,-11.6706867383107,1.));
#10544=CARTESIAN_POINT('Origin',(8.5,-6.17561148804557,5.00000007450581));
#10545=CARTESIAN_POINT('',(13.5,-6.17561148804557,1.));
#10546=CARTESIAN_POINT('',(13.5,-6.17561148804557,5.00000007450581));
#10547=CARTESIAN_POINT('Origin',(8.5,-6.17561148804557,1.));
#10548=CARTESIAN_POINT('Origin',(13.5,9.80832412807237,5.00000007450581));
#10549=CARTESIAN_POINT('',(13.5,6.17561148804556,1.));
#10550=CARTESIAN_POINT('',(13.5,6.17561148804556,5.00000007450581));
#10551=CARTESIAN_POINT('',(13.5,4.90416206403618,1.));
#10552=CARTESIAN_POINT('Origin',(-2.3606797749979,0.,5.));
#10553=CARTESIAN_POINT('',(-21.5232465594735,-0.148570858018706,5.));
#10554=CARTESIAN_POINT('',(-25.5683318025923,-3.08749731655144,5.));
#10555=CARTESIAN_POINT('',(-23.5457890454108,-1.61803398874989,5.));
#10556=CARTESIAN_POINT('',(-6.79234824364967,-20.4239129722179,5.));
#10557=CARTESIAN_POINT('',(-18.8361046343716,-3.84710442146907,5.));
#10558=CARTESIAN_POINT('',(-10.8374334867685,-23.3628394307506,5.));
#10559=CARTESIAN_POINT('',(-8.81489072958705,-21.893376102949,5.));
#10560=CARTESIAN_POINT('',(-9.37919943090881,-25.3699264210741,5.));
#10561=CARTESIAN_POINT('',(-9.66186298218356,-24.9808734195005,5.));
#10562=CARTESIAN_POINT('',(-7.32413686882787,-26.037656724479,5.));
#10563=CARTESIAN_POINT('Origin',(-9.21651356135951,-28.3655120579486,5.));
#10564=CARTESIAN_POINT('',(-4.96466460286841,-25.2710177125535,5.));
#10565=CARTESIAN_POINT('',(-6.86677763545872,-25.8890517013034,5.));
#10566=CARTESIAN_POINT('',(-6.50974967834917,-20.5157348122112,5.));
#10567=CARTESIAN_POINT('',(-5.7372071924118,-22.893376102949,5.));
#10568=CARTESIAN_POINT('',(17.3253444814723,-12.7712432581192,5.));
#10569=CARTESIAN_POINT('',(-2.56966011250105,-19.2355221073453,5.));
#10570=CARTESIAN_POINT('',(18.8704295569531,-17.5265261584615,5.));
#10571=CARTESIAN_POINT('',(18.0978869674097,-15.1488845488571,5.));
#10572=CARTESIAN_POINT('',(21.2299018229084,-16.7598871465515,5.));
#10573=CARTESIAN_POINT('',(20.7725425895434,-16.9084921697117,5.));
#10574=CARTESIAN_POINT('',(22.5000003352761,-15.0117465169015,5.));
#10575=CARTESIAN_POINT('Origin',(24.1291457614135,-17.5308505601072,5.));
#10576=CARTESIAN_POINT('',(22.5000003352761,-12.5308505601072,5.));
#10577=CARTESIAN_POINT('',(22.5000003352761,-14.5308505601072,5.));
#10578=CARTESIAN_POINT('',(17.5,-12.5308505601072,5.));
#10579=CARTESIAN_POINT('',(20.,-12.5308505601072,5.));
#10580=CARTESIAN_POINT('',(17.5,12.5308505601072,5.));
#10581=CARTESIAN_POINT('',(17.5,-7.26542528005361,5.));
#10582=CARTESIAN_POINT('',(22.5000003352761,12.5308505601072,5.));
#10583=CARTESIAN_POINT('',(20.,12.5308505601072,5.));
#10584=CARTESIAN_POINT('',(22.5000003352896,15.0117465168928,5.));
#10585=CARTESIAN_POINT('',(22.5000003352761,14.5308505601072,5.));
#10586=CARTESIAN_POINT('',(21.2299018229125,16.759887146536,5.));
#10587=CARTESIAN_POINT('Origin',(24.1291457614135,17.5308505601072,5.));
#10588=CARTESIAN_POINT('',(18.8704295569531,17.5265261584615,5.));
#10589=CARTESIAN_POINT('',(20.7725425895434,16.9084921697116,5.));
#10590=CARTESIAN_POINT('',(17.3253444814723,12.7712432581192,5.));
#10591=CARTESIAN_POINT('',(18.0978869674097,15.1488845488571,5.));
#10592=CARTESIAN_POINT('',(-6.50974967834917,20.5157348122112,5.));
#10593=CARTESIAN_POINT('',(11.25,14.7452423415495,5.));
#10594=CARTESIAN_POINT('',(-4.96466460286841,25.2710177125535,5.));
#10595=CARTESIAN_POINT('',(-5.7372071924118,22.893376102949,5.));
#10596=CARTESIAN_POINT('',(-7.32413686881544,26.0376567244891,5.));
#10597=CARTESIAN_POINT('',(-6.86677763545871,25.8890517013034,5.));
#10598=CARTESIAN_POINT('',(-9.37919943089282,25.3699264210732,5.));
#10599=CARTESIAN_POINT('Origin',(-9.21651356135951,28.3655120579486,5.));
#10600=CARTESIAN_POINT('',(-10.8374334867685,23.3628394307506,5.));
#10601=CARTESIAN_POINT('',(-9.66186298218355,24.9808734195005,5.));
#10602=CARTESIAN_POINT('',(-6.79234824364967,20.4239129722178,5.));
#10603=CARTESIAN_POINT('',(-8.81489072958704,21.893376102949,5.));
#10604=CARTESIAN_POINT('',(-21.5232465594735,0.148570858018708,5.));
#10605=CARTESIAN_POINT('',(-10.2950849718747,15.6028094673185,5.));
#10606=CARTESIAN_POINT('',(-25.5683318025923,3.08749731655144,5.));
#10607=CARTESIAN_POINT('',(-23.5457890454108,1.6180339887499,5.));
#10608=CARTESIAN_POINT('',(-27.0265658584737,1.08041032624375,5.));
#10609=CARTESIAN_POINT('',(-26.7439023071772,1.46946332780155,5.));
#10610=CARTESIAN_POINT('',(-27.026565858468,-1.08041032622881,5.));
#10611=CARTESIAN_POINT('Origin',(-29.825264400108,5.68989300120393E-15,
5.));
#10612=CARTESIAN_POINT('',(-26.7439023071773,-1.46946332780154,5.));
#10613=CARTESIAN_POINT('Origin',(14.,4.90416206403618,0.5));
#10614=CARTESIAN_POINT('',(14.5,6.17561148804556,0.));
#10615=CARTESIAN_POINT('',(13.5,6.17561148804556,1.));
#10616=CARTESIAN_POINT('',(14.5,-6.17561148804557,0.));
#10617=CARTESIAN_POINT('',(14.5,4.90416206403618,0.));
#10618=CARTESIAN_POINT('',(14.5,-6.17561148804557,0.));
#10619=CARTESIAN_POINT('Origin',(8.5,6.17561148804556,0.5));
#10620=CARTESIAN_POINT('',(10.0450849718747,10.9308940695213,1.));
#10621=CARTESIAN_POINT('Origin',(8.5,6.17561148804556,1.));
#10622=CARTESIAN_POINT('',(10.3541019662497,11.8819505858165,0.));
#10623=CARTESIAN_POINT('',(10.0450849718747,10.9308940695213,1.));
#10624=CARTESIAN_POINT('Origin',(8.5,6.17561148804556,0.));
#10625=CARTESIAN_POINT('Origin',(-1.40552482453195,15.1771538383705,0.5));
#10626=CARTESIAN_POINT('',(-1.70162612375116,14.7476318704478,1.));
#10627=CARTESIAN_POINT('',(-1.39260912937621,15.698688386743,0.));
#10628=CARTESIAN_POINT('',(-1.70162612375116,14.7476318704478,1.));
#10629=CARTESIAN_POINT('',(-1.25101632734447,15.652682096518,0.));
#10630=CARTESIAN_POINT('',(-1.56003332171942,14.7016255802229,1.));
#10631=CARTESIAN_POINT('Origin',(-3.2467110956259,9.99234928897204,0.5));
#10632=CARTESIAN_POINT('',(-7.29179606750064,12.9312755504344,1.));
#10633=CARTESIAN_POINT('Origin',(-3.2467110956259,9.99234928897204,1.));
#10634=CARTESIAN_POINT('',(-8.10081306187559,13.5190608027269,0.));
#10635=CARTESIAN_POINT('',(-7.29179606750064,12.9312755504344,1.));
#10636=CARTESIAN_POINT('Origin',(-3.2467110956259,9.99234928897204,0.));
#10637=CARTESIAN_POINT('Origin',(-14.6166294589035,3.70015810839595,0.5));
#10638=CARTESIAN_POINT('',(-14.5516627806229,2.93892626146237,1.));
#10639=CARTESIAN_POINT('',(-15.3606797749979,3.52671151375485,0.));
#10640=CARTESIAN_POINT('',(-14.5516627806229,2.93892626146237,1.));
#10641=CARTESIAN_POINT('',(-15.021137956091,3.99405073454219,0.));
#10642=CARTESIAN_POINT('',(-14.2121209617161,3.40626548224971,1.));
#10643=CARTESIAN_POINT('Origin',(-10.5065778087482,7.21644966006352E-15,
0.5));
#10644=CARTESIAN_POINT('Origin',(-10.5065778087482,7.21644966006352E-15,
1.));
#10645=CARTESIAN_POINT('',(-15.3606797749979,-3.52671151375483,0.));
#10646=CARTESIAN_POINT('',(-14.5516627806229,-2.93892626146236,1.));
#10647=CARTESIAN_POINT('Origin',(-10.5065778087482,7.21644966006352E-15,
0.));
#10648=CARTESIAN_POINT('Origin',(-8.85144118671815,-11.6352590143443,0.5));
#10649=CARTESIAN_POINT('',(-8.10081306187558,-13.5190608027269,0.));
#10650=CARTESIAN_POINT('',(-7.29179606750063,-12.9312755504344,1.));
#10651=CARTESIAN_POINT('',(-9.25594968390563,-11.9291516404906,0.));
#10652=CARTESIAN_POINT('Origin',(-3.24671109562589,-9.99234928897204,0.5));
#10653=CARTESIAN_POINT('',(-1.3926091293762,-15.698688386743,0.));
#10654=CARTESIAN_POINT('',(-1.70162612375115,-14.7476318704478,1.));
#10655=CARTESIAN_POINT('Origin',(-3.24671109562589,-9.99234928897204,0.));
#10656=CARTESIAN_POINT('Origin',(7.92274575140626,-12.1462149964583,0.5));
#10657=CARTESIAN_POINT('',(10.3541019662497,-11.8819505858165,0.));
#10658=CARTESIAN_POINT('',(10.0450849718747,-10.9308940695213,1.));
#10659=CARTESIAN_POINT('',(8.07725424859373,-12.6217432546058,0.));
#10660=CARTESIAN_POINT('Origin',(8.5,-6.17561148804557,0.5));
#10661=CARTESIAN_POINT('Origin',(8.5,-6.17561148804557,0.));
#10662=CARTESIAN_POINT('Origin',(-16.6869176962472,4.44089209850063E-15,
5.00000007450581));
#10663=CARTESIAN_POINT('',(-14.5516627806229,2.93892626146237,5.00000007450581));
#10664=CARTESIAN_POINT('',(-7.29179606750064,12.9312755504344,5.00000007450581));
#10665=CARTESIAN_POINT('Origin',(-3.2467110956259,9.99234928897204,5.00000007450581));
#10666=CARTESIAN_POINT('',(-1.70162612375116,14.7476318704478,5.00000007450581));
#10667=CARTESIAN_POINT('Origin',(-5.15654115187642,15.8702018118968,5.00000007450581));
#10668=CARTESIAN_POINT('',(10.0450849718747,10.9308940695213,5.00000007450581));
#10669=CARTESIAN_POINT('Origin',(8.5,6.17561148804556,5.00000007450581));
#10670=CARTESIAN_POINT('Origin',(-2.3606797749979,0.,0.));
#10671=CARTESIAN_POINT('',(-25.5683318025923,-3.08749731655144,8.32667268468868E-16));
#10672=CARTESIAN_POINT('',(-21.5232465594735,-0.148570858018706,0.));
#10673=CARTESIAN_POINT('',(-23.5457890454108,-1.61803398874989,0.));
#10674=CARTESIAN_POINT('',(-27.026565858468,-1.08041032622881,0.));
#10675=CARTESIAN_POINT('',(-26.7439023071773,-1.46946332780154,8.32667268468868E-16));
#10676=CARTESIAN_POINT('',(-27.0265658584737,1.08041032624375,3.46944695195361E-17));
#10677=CARTESIAN_POINT('Origin',(-29.825264400108,5.68989300120393E-15,
0.));
#10678=CARTESIAN_POINT('',(-25.5683318025923,3.08749731655144,8.32667268468867E-16));
#10679=CARTESIAN_POINT('',(-26.7439023071772,1.46946332780155,0.));
#10680=CARTESIAN_POINT('',(-21.5232465594735,0.148570858018704,0.));
#10681=CARTESIAN_POINT('',(-23.5457890454108,1.6180339887499,0.));
#10682=CARTESIAN_POINT('',(-6.79234824364967,20.4239129722178,0.));
#10683=CARTESIAN_POINT('',(-10.2950849718747,15.6028094673185,0.));
#10684=CARTESIAN_POINT('',(-10.8374334867685,23.3628394307506,8.32667268468867E-16));
#10685=CARTESIAN_POINT('',(-8.81489072958704,21.893376102949,0.));
#10686=CARTESIAN_POINT('',(-9.37919943089282,25.3699264210732,0.));
#10687=CARTESIAN_POINT('',(-9.66186298218355,24.9808734195005,8.32667268468867E-16));
#10688=CARTESIAN_POINT('',(-7.32413686881544,26.0376567244891,2.20093041014557E-16));
#10689=CARTESIAN_POINT('Origin',(-9.21651356135951,28.3655120579486,0.));
#10690=CARTESIAN_POINT('',(-4.96466460286841,25.2710177125535,8.32667268468868E-16));
#10691=CARTESIAN_POINT('',(-6.86677763545871,25.8890517013034,0.));
#10692=CARTESIAN_POINT('',(-6.50974967834917,20.5157348122111,0.));
#10693=CARTESIAN_POINT('',(-5.7372071924118,22.893376102949,0.));
#10694=CARTESIAN_POINT('',(17.3253444814723,12.7712432581192,0.));
#10695=CARTESIAN_POINT('',(11.25,14.7452423415495,0.));
#10696=CARTESIAN_POINT('',(18.8704295569531,17.5265261584615,8.32667268468868E-16));
#10697=CARTESIAN_POINT('',(18.0978869674097,15.1488845488571,0.));
#10698=CARTESIAN_POINT('',(21.2299018229125,16.759887146536,0.));
#10699=CARTESIAN_POINT('',(20.7725425895434,16.9084921697116,8.32667268468868E-16));
#10700=CARTESIAN_POINT('',(22.5000003352896,15.0117465168928,2.83247817561838E-17));
#10701=CARTESIAN_POINT('Origin',(24.1291457614135,17.5308505601072,0.));
#10702=CARTESIAN_POINT('',(22.5000003352761,12.5308505601072,8.32667268468867E-16));
#10703=CARTESIAN_POINT('',(22.5000003352761,14.5308505601072,0.));
#10704=CARTESIAN_POINT('',(17.5,12.5308505601072,0.));
#10705=CARTESIAN_POINT('',(20.,12.5308505601072,0.));
#10706=CARTESIAN_POINT('',(17.5,-12.5308505601072,0.));
#10707=CARTESIAN_POINT('',(17.5,-7.26542528005361,0.));
#10708=CARTESIAN_POINT('',(22.5000003352761,-12.5308505601072,8.32667268468867E-16));
#10709=CARTESIAN_POINT('',(20.,-12.5308505601072,0.));
#10710=CARTESIAN_POINT('',(22.5000003352761,-15.0117465169015,0.));
#10711=CARTESIAN_POINT('',(22.5000003352761,-14.5308505601072,8.32667268468867E-16));
#10712=CARTESIAN_POINT('',(21.2299018229084,-16.7598871465515,-2.60208521396521E-17));
#10713=CARTESIAN_POINT('Origin',(24.1291457614135,-17.5308505601072,0.));
#10714=CARTESIAN_POINT('',(18.8704295569531,-17.5265261584615,8.32667268468867E-16));
#10715=CARTESIAN_POINT('',(20.7725425895434,-16.9084921697117,0.));
#10716=CARTESIAN_POINT('',(17.3253444814723,-12.7712432581192,0.));
#10717=CARTESIAN_POINT('',(18.0978869674097,-15.1488845488571,0.));
#10718=CARTESIAN_POINT('',(-6.50974967834917,-20.5157348122112,0.));
#10719=CARTESIAN_POINT('',(-2.56966011250105,-19.2355221073453,0.));
#10720=CARTESIAN_POINT('',(-4.96466460286841,-25.2710177125535,8.32667268468867E-16));
#10721=CARTESIAN_POINT('',(-5.7372071924118,-22.893376102949,0.));
#10722=CARTESIAN_POINT('',(-7.32413686882787,-26.037656724479,0.));
#10723=CARTESIAN_POINT('',(-6.86677763545872,-25.8890517013034,8.32667268468867E-16));
#10724=CARTESIAN_POINT('',(-9.37919943090882,-25.3699264210741,1.69813165265542E-16));
#10725=CARTESIAN_POINT('Origin',(-9.21651356135951,-28.3655120579486,0.));
#10726=CARTESIAN_POINT('',(-10.8374334867685,-23.3628394307506,8.32667268468868E-16));
#10727=CARTESIAN_POINT('',(-9.66186298218356,-24.9808734195005,0.));
#10728=CARTESIAN_POINT('',(-6.79234824364967,-20.4239129722178,0.));
#10729=CARTESIAN_POINT('',(-8.81489072958705,-21.893376102949,0.));
#10730=CARTESIAN_POINT('',(-18.8361046343716,-3.84710442146906,0.));
#10731=CARTESIAN_POINT('Origin',(-18.8361046343716,-3.84710442146906,1.5));
#10732=CARTESIAN_POINT('',(-8.0058737352121,-21.3055908506566,1.5));
#10733=CARTESIAN_POINT('Origin',(-6.79234824364967,-20.4239129722178,1.5));
#10734=CARTESIAN_POINT('',(-22.7367720510359,-1.03024873645742,1.5));
#10735=CARTESIAN_POINT('',(-20.049630125934,-4.72878229990777,1.5));
#10736=CARTESIAN_POINT('Origin',(-21.5232465594735,-0.148570858018706,1.5));
#10737=CARTESIAN_POINT('Origin',(-23.9123425556208,0.587785252292474,0.));
#10738=CARTESIAN_POINT('',(-8.0058737352121,-21.3055908506566,3.5));
#10739=CARTESIAN_POINT('',(-8.0058737352121,-21.3055908506566,1.25));
#10740=CARTESIAN_POINT('',(-22.7367720510359,-1.03024873645742,3.5));
#10741=CARTESIAN_POINT('',(-20.049630125934,-4.72878229990777,3.5));
#10742=CARTESIAN_POINT('',(-22.7367720510359,-1.03024873645742,1.25));
#10743=CARTESIAN_POINT('Origin',(-18.8361046343716,-3.84710442146907,3.5));
#10744=CARTESIAN_POINT('Origin',(-6.79234824364967,-20.4239129722179,3.5));
#10745=CARTESIAN_POINT('Origin',(-21.5232465594735,-0.148570858018706,3.5));
#10746=CARTESIAN_POINT('Origin',(-10.8374333511465,-23.3628393322154,2.5));
#10747=CARTESIAN_POINT('Origin',(-10.8374334867685,-23.3628394307506,2.5));
#10748=CARTESIAN_POINT('',(-9.62390799520608,-22.4811615523119,2.5));
#10749=CARTESIAN_POINT('Origin',(-10.8374334867685,-23.3628394307506,2.5));
#10750=CARTESIAN_POINT('Origin',(-25.5683316669703,-3.08749721801626,2.5));
#10751=CARTESIAN_POINT('Origin',(-25.5683318025923,-3.08749731655144,2.5));
#10752=CARTESIAN_POINT('',(-24.3548063110299,-2.20581943811273,2.5));
#10753=CARTESIAN_POINT('Origin',(-25.5683318025923,-3.08749731655144,2.5));
#10754=CARTESIAN_POINT('Origin',(-10.2950849718747,15.6028094673185,1.5));
#10755=CARTESIAN_POINT('',(-22.7367720510359,1.03024873645742,1.5));
#10756=CARTESIAN_POINT('Origin',(-21.5232465594735,0.148570858018708,1.5));
#10757=CARTESIAN_POINT('',(-8.00587373521209,21.3055908506566,1.5));
#10758=CARTESIAN_POINT('',(-11.5086104634372,16.4844873457572,1.5));
#10759=CARTESIAN_POINT('Origin',(-6.79234824364967,20.4239129722178,1.5));
#10760=CARTESIAN_POINT('Origin',(-6.83030323062715,22.9236248394064,0.));
#10761=CARTESIAN_POINT('',(-22.7367720510359,1.03024873645742,3.5));
#10762=CARTESIAN_POINT('',(-22.7367720510359,1.03024873645742,1.25));
#10763=CARTESIAN_POINT('',(-8.00587373521209,21.3055908506566,3.5));
#10764=CARTESIAN_POINT('',(-11.5086104634372,16.4844873457572,3.5));
#10765=CARTESIAN_POINT('',(-8.00587373521209,21.3055908506566,1.25));
#10766=CARTESIAN_POINT('Origin',(-10.2950849718747,15.6028094673185,3.5));
#10767=CARTESIAN_POINT('Origin',(-21.5232465594735,0.148570858018711,3.5));
#10768=CARTESIAN_POINT('Origin',(-6.79234824364967,20.4239129722179,3.5));
#10769=CARTESIAN_POINT('Origin',(-25.5683316669703,3.08749721801626,2.5));
#10770=CARTESIAN_POINT('Origin',(-25.5683318025923,3.08749731655144,2.5));
#10771=CARTESIAN_POINT('',(-24.3548063110299,2.20581943811273,2.5));
#10772=CARTESIAN_POINT('Origin',(-25.5683318025923,3.08749731655144,2.5));
#10773=CARTESIAN_POINT('Origin',(-10.8374333511465,23.3628393322154,2.5));
#10774=CARTESIAN_POINT('Origin',(-10.8374334867685,23.3628394307506,2.5));
#10775=CARTESIAN_POINT('',(-9.62390799520608,22.4811615523119,2.5));
#10776=CARTESIAN_POINT('Origin',(-10.8374334867685,23.3628394307506,2.5));
#10777=CARTESIAN_POINT('Origin',(11.25,14.7452423415495,3.5));
#10778=CARTESIAN_POINT('',(-6.04622418678674,21.9423195866539,3.5));
#10779=CARTESIAN_POINT('Origin',(-6.50974967834917,20.5157348122112,3.5));
#10780=CARTESIAN_POINT('',(17.7888699730347,14.197828032562,3.5));
#10781=CARTESIAN_POINT('Origin',(17.3253444814723,12.7712432581192,3.5));
#10782=CARTESIAN_POINT('',(11.7135254915624,16.1718271159922,3.5));
#10783=CARTESIAN_POINT('Origin',(11.25,14.7452423415495,1.5));
#10784=CARTESIAN_POINT('',(-6.04622418678674,21.9423195866539,1.5));
#10785=CARTESIAN_POINT('Origin',(-6.50974967834917,20.5157348122111,1.5));
#10786=CARTESIAN_POINT('',(17.7888699730347,14.197828032562,1.5));
#10787=CARTESIAN_POINT('',(11.7135254915624,16.1718271159922,1.5));
#10788=CARTESIAN_POINT('Origin',(17.3253444814723,12.7712432581192,1.5));
#10789=CARTESIAN_POINT('Origin',(19.690983005625,13.5797940438121,0.));
#10790=CARTESIAN_POINT('',(17.7888699730347,14.197828032562,1.25));
#10791=CARTESIAN_POINT('',(-6.04622418678674,21.9423195866539,1.25));
#10792=CARTESIAN_POINT('Origin',(-4.96466465467142,25.2710175531202,2.5));
#10793=CARTESIAN_POINT('Origin',(-4.96466460286841,25.2710177125535,2.5));
#10794=CARTESIAN_POINT('',(-5.42819009443083,23.8444329381107,2.5));
#10795=CARTESIAN_POINT('Origin',(-4.96466460286841,25.2710177125535,2.5));
#10796=CARTESIAN_POINT('Origin',(18.8704295051501,17.5265259990283,2.5));
#10797=CARTESIAN_POINT('Origin',(18.8704295569531,17.5265261584615,2.5));
#10798=CARTESIAN_POINT('',(18.4069040653907,16.0999413840188,2.5));
#10799=CARTESIAN_POINT('Origin',(18.8704295569531,17.5265261584615,2.5));
#10800=CARTESIAN_POINT('Origin',(-2.56966011250105,-19.2355221073453,3.5));
#10801=CARTESIAN_POINT('',(17.7888699730347,-14.197828032562,3.5));
#10802=CARTESIAN_POINT('Origin',(17.3253444814723,-12.7712432581192,3.5));
#10803=CARTESIAN_POINT('',(-6.04622418678675,-21.9423195866539,3.5));
#10804=CARTESIAN_POINT('Origin',(-6.50974967834917,-20.5157348122112,3.5));
#10805=CARTESIAN_POINT('',(-2.10613462093863,-20.6621068817881,3.5));
#10806=CARTESIAN_POINT('Origin',(-2.56966011250105,-19.2355221073453,1.5));
#10807=CARTESIAN_POINT('',(17.7888699730347,-14.197828032562,1.5));
#10808=CARTESIAN_POINT('Origin',(17.3253444814723,-12.7712432581192,1.5));
#10809=CARTESIAN_POINT('',(-6.04622418678675,-21.9423195866539,1.5));
#10810=CARTESIAN_POINT('',(-2.10613462093863,-20.6621068817881,1.5));
#10811=CARTESIAN_POINT('Origin',(-6.50974967834917,-20.5157348122112,1.5));
#10812=CARTESIAN_POINT('Origin',(-7.94833721937705,-22.5603535754038,0.));
#10813=CARTESIAN_POINT('',(-6.04622418678675,-21.9423195866539,1.25));
#10814=CARTESIAN_POINT('',(17.7888699730347,-14.197828032562,1.25));
#10815=CARTESIAN_POINT('Origin',(18.8704295051501,-17.5265259990283,2.5));
#10816=CARTESIAN_POINT('Origin',(18.8704295569531,-17.5265261584615,2.5));
#10817=CARTESIAN_POINT('',(18.4069040653907,-16.0999413840188,2.5));
#10818=CARTESIAN_POINT('Origin',(18.8704295569531,-17.5265261584615,2.5));
#10819=CARTESIAN_POINT('Origin',(-4.96466465467142,-25.2710175531202,2.5));
#10820=CARTESIAN_POINT('Origin',(-4.96466460286841,-25.2710177125535,2.5));
#10821=CARTESIAN_POINT('',(-5.42819009443083,-23.8444329381107,2.5));
#10822=CARTESIAN_POINT('Origin',(-4.96466460286841,-25.2710177125535,2.5));
#10823=CARTESIAN_POINT('Origin',(17.5,-7.26542528005361,3.5));
#10824=CARTESIAN_POINT('',(19.,12.5308505601072,3.5));
#10825=CARTESIAN_POINT('Origin',(17.5,12.5308505601072,3.5));
#10826=CARTESIAN_POINT('',(19.,-12.5308505601072,3.5));
#10827=CARTESIAN_POINT('Origin',(17.5,-12.5308505601072,3.5));
#10828=CARTESIAN_POINT('',(19.,-7.26542528005361,3.5));
#10829=CARTESIAN_POINT('Origin',(17.5,-7.26542528005361,1.5));
#10830=CARTESIAN_POINT('',(19.,12.5308505601072,1.5));
#10831=CARTESIAN_POINT('Origin',(17.5,12.5308505601072,1.5));
#10832=CARTESIAN_POINT('',(19.,-12.5308505601072,1.5));
#10833=CARTESIAN_POINT('',(19.,-7.26542528005361,1.5));
#10834=CARTESIAN_POINT('Origin',(17.5,-12.5308505601072,1.5));
#10835=CARTESIAN_POINT('Origin',(19.,-14.5308505601072,0.));
#10836=CARTESIAN_POINT('',(19.,-12.5308505601072,1.25));
#10837=CARTESIAN_POINT('',(19.,12.5308505601072,1.25));
#10838=CARTESIAN_POINT('Origin',(22.5000001676381,12.5308505601072,2.5));
#10839=CARTESIAN_POINT('Origin',(22.5000003352761,12.5308505601072,2.5));
#10840=CARTESIAN_POINT('',(21.0000003352761,12.5308505601072,2.5));
#10841=CARTESIAN_POINT('Origin',(22.5000003352761,12.5308505601072,2.5));
#10842=CARTESIAN_POINT('Origin',(22.5000001676381,-12.5308505601072,2.5));
#10843=CARTESIAN_POINT('Origin',(22.5000003352761,-12.5308505601072,2.5));
#10844=CARTESIAN_POINT('',(21.0000003352761,-12.5308505601072,2.5));
#10845=CARTESIAN_POINT('Origin',(22.5000003352761,-12.5308505601072,2.5));
#10846=CARTESIAN_POINT('Origin',(-10.5065778087482,7.21644966006352E-15,
5.00000007450581));
#10847=CARTESIAN_POINT('Origin',(24.1291457614135,-17.5308505601072,2.5));
#10848=CARTESIAN_POINT('',(21.2759762125281,-18.4579015432321,4.39628193591977));
#10849=CARTESIAN_POINT('Ctrl Pts',(21.2299018229084,-16.7598871465515,5.));
#10850=CARTESIAN_POINT('Ctrl Pts',(21.1869632744662,-16.9213595641921,4.99999999999925));
#10851=CARTESIAN_POINT('Ctrl Pts',(21.1564553716156,-17.0926192375447,4.98776934029072));
#10852=CARTESIAN_POINT('Ctrl Pts',(21.1200219337309,-17.4975870040974,4.91932567448287));
#10853=CARTESIAN_POINT('Ctrl Pts',(21.1289341457063,-17.7296452838445,4.84620572507484));
#10854=CARTESIAN_POINT('Ctrl Pts',(21.1801293395687,-18.1111870380273,4.66279019531626));
#10855=CARTESIAN_POINT('Ctrl Pts',(21.2251635397322,-18.3015162166878,4.53755085469833));
#10856=CARTESIAN_POINT('Ctrl Pts',(21.2759762125268,-18.4579015432283,4.39628193592316));
#10857=CARTESIAN_POINT('',(21.2759762125281,-18.4579015432321,0.603718064080231));
#10858=CARTESIAN_POINT('',(21.2759762125281,-18.4579015432321,2.5));
#10859=CARTESIAN_POINT('Ctrl Pts',(21.2759762125281,-18.4579015432321,0.603718064080232));
#10860=CARTESIAN_POINT('Ctrl Pts',(21.225163539733,-18.3015162166908,0.462449145303721));
#10861=CARTESIAN_POINT('Ctrl Pts',(21.1801293395689,-18.1111870380287,0.337209804684439));
#10862=CARTESIAN_POINT('Ctrl Pts',(21.1289341457063,-17.7296452838445,0.153794274925156));
#10863=CARTESIAN_POINT('Ctrl Pts',(21.1200219337309,-17.4975870040974,0.0806743255171283));
#10864=CARTESIAN_POINT('Ctrl Pts',(21.1564553716156,-17.0926192375447,0.0122306597092794));
#10865=CARTESIAN_POINT('Ctrl Pts',(21.1869632744662,-16.9213595641922,7.54535572654095E-13));
#10866=CARTESIAN_POINT('Ctrl Pts',(21.2299018229084,-16.7598871465515,6.28837260041593E-17));
#10867=CARTESIAN_POINT('',(24.1291457614135,-14.5308505601072,0.603718064080236));
#10868=CARTESIAN_POINT('Ctrl Pts',(22.5000003352761,-15.0117465169015,1.53956708492942E-16));
#10869=CARTESIAN_POINT('Ctrl Pts',(22.6403009890964,-14.921011809428,1.56189728459E-16));
#10870=CARTESIAN_POINT('Ctrl Pts',(22.7937511569781,-14.8390749201033,0.0122306597083643));
#10871=CARTESIAN_POINT('Ctrl Pts',(23.1676398387827,-14.679282739551,0.0806743255171279));
#10872=CARTESIAN_POINT('Ctrl Pts',(23.3910944028543,-14.6160488046976,0.153794274925158));
#10873=CARTESIAN_POINT('Ctrl Pts',(23.7697823593423,-14.5468354413173,0.337209804683745));
#10874=CARTESIAN_POINT('Ctrl Pts',(23.9647124981271,-14.5308505601074,0.462449145301667));
#10875=CARTESIAN_POINT('Ctrl Pts',(24.1291457614096,-14.5308505601072,0.603718064076844));
#10876=CARTESIAN_POINT('',(24.1291457614135,-14.5308505601072,4.39628193591976));
#10877=CARTESIAN_POINT('',(24.1291457614135,-14.5308505601072,2.5));
#10878=CARTESIAN_POINT('Ctrl Pts',(24.1291457614135,-14.5308505601072,4.39628193591976));
#10879=CARTESIAN_POINT('Ctrl Pts',(23.9647124981302,-14.5308505601072,4.53755085469627));
#10880=CARTESIAN_POINT('Ctrl Pts',(23.7697823593438,-14.546835441317,4.66279019531556));
#10881=CARTESIAN_POINT('Ctrl Pts',(23.3910944028543,-14.6160488046976,4.84620572507484));
#10882=CARTESIAN_POINT('Ctrl Pts',(23.1676398387827,-14.679282739551,4.91932567448287));
#10883=CARTESIAN_POINT('Ctrl Pts',(22.7937511569781,-14.8390749201033,4.98776934029164));
#10884=CARTESIAN_POINT('Ctrl Pts',(22.6403009890964,-14.921011809428,5.));
#10885=CARTESIAN_POINT('Ctrl Pts',(22.5000003352761,-15.0117465169015,5.));
#10886=CARTESIAN_POINT('Origin',(22.5000001676381,-14.5308505601072,2.5));
#10887=CARTESIAN_POINT('Origin',(22.5000003352761,-14.5308505601072,2.5));
#10888=CARTESIAN_POINT('Origin',(-9.21651356135951,-28.3655120579486,2.5));
#10889=CARTESIAN_POINT('',(-10.9798693182369,-25.9384610748238,4.39628193591976));
#10890=CARTESIAN_POINT('Ctrl Pts',(-9.37919943090881,-25.3699264210741,
5.));
#10891=CARTESIAN_POINT('Ctrl Pts',(-9.54603756709032,-25.3789871559516,
4.99999999999925));
#10892=CARTESIAN_POINT('Ctrl Pts',(-9.71834265585439,-25.4028945656641,
4.98776934029072));
#10893=CARTESIAN_POINT('Ctrl Pts',(-10.1147484405937,-25.4933862291916,
4.91932567448287));
#10894=CARTESIAN_POINT('Ctrl Pts',(-10.3326949547495,-25.5735721985928,
4.84620572507484));
#10895=CARTESIAN_POINT('Ctrl Pts',(-10.67974254137,-25.7401646074247,4.66279019531625));
#10896=CARTESIAN_POINT('Ctrl Pts',(-10.8468400137976,-25.8418096276779,
4.53755085469833));
#10897=CARTESIAN_POINT('Ctrl Pts',(-10.9798693182337,-25.9384610748215,
4.39628193592315));
#10898=CARTESIAN_POINT('',(-10.9798693182369,-25.9384610748238,0.603718064080239));
#10899=CARTESIAN_POINT('',(-10.9798693182369,-25.9384610748238,2.5));
#10900=CARTESIAN_POINT('Ctrl Pts',(-10.9798693182369,-25.9384610748238,
0.603718064080239));
#10901=CARTESIAN_POINT('Ctrl Pts',(-10.8468400138002,-25.8418096276795,
0.462449145303725));
#10902=CARTESIAN_POINT('Ctrl Pts',(-10.6797425413713,-25.7401646074253,
0.337209804684443));
#10903=CARTESIAN_POINT('Ctrl Pts',(-10.3326949547495,-25.5735721985928,
0.153794274925159));
#10904=CARTESIAN_POINT('Ctrl Pts',(-10.1147484405937,-25.4933862291917,
0.0806743255171289));
#10905=CARTESIAN_POINT('Ctrl Pts',(-9.71834265585439,-25.4028945656641,
0.0122306597092794));
#10906=CARTESIAN_POINT('Ctrl Pts',(-9.54603756709033,-25.3789871559516,
7.5498863236888E-13));
#10907=CARTESIAN_POINT('Ctrl Pts',(-9.37919943090882,-25.3699264210741,
3.70797142990043E-16));
#10908=CARTESIAN_POINT('',(-6.36334401247405,-27.4384610748238,0.603718064080238));
#10909=CARTESIAN_POINT('Ctrl Pts',(-7.32413686882787,-26.037656724479,-2.27682456221956E-16));
#10910=CARTESIAN_POINT('Ctrl Pts',(-7.19448774767875,-26.1430520089463,
-6.69050186657344E-17));
#10911=CARTESIAN_POINT('Ctrl Pts',(-7.0691424254964,-26.2636718997692,0.0122306597083646));
#10912=CARTESIAN_POINT('Ctrl Pts',(-6.80163307424705,-26.5698826676096,
0.0806743255171292));
#10913=CARTESIAN_POINT('Ctrl Pts',(-6.67244277068498,-26.7628602263749,
0.153794274925159));
#10914=CARTESIAN_POINT('Ctrl Pts',(-6.4895959363075,-27.1016257695129,0.337209804683747));
#10915=CARTESIAN_POINT('Ctrl Pts',(-6.41415668527027,-27.2820757482797,
0.462449145301672));
#10916=CARTESIAN_POINT('Ctrl Pts',(-6.36334401247527,-27.43846107482,0.603718064076849));
#10917=CARTESIAN_POINT('',(-6.36334401247405,-27.4384610748238,4.39628193591976));
#10918=CARTESIAN_POINT('',(-6.36334401247405,-27.4384610748238,2.5));
#10919=CARTESIAN_POINT('Ctrl Pts',(-6.36334401247405,-27.4384610748238,
4.39628193591976));
#10920=CARTESIAN_POINT('Ctrl Pts',(-6.41415668526911,-27.2820757482825,
4.53755085469628));
#10921=CARTESIAN_POINT('Ctrl Pts',(-6.48959593630681,-27.1016257695142,
4.66279019531556));
#10922=CARTESIAN_POINT('Ctrl Pts',(-6.67244277068498,-26.7628602263749,
4.84620572507484));
#10923=CARTESIAN_POINT('Ctrl Pts',(-6.80163307424705,-26.5698826676096,
4.91932567448287));
#10924=CARTESIAN_POINT('Ctrl Pts',(-7.0691424254964,-26.2636718997692,4.98776934029163));
#10925=CARTESIAN_POINT('Ctrl Pts',(-7.19448774767875,-26.1430520089463,
5.));
#10926=CARTESIAN_POINT('Ctrl Pts',(-7.32413686882787,-26.037656724479,5.));
#10927=CARTESIAN_POINT('Origin',(-6.86677768726173,-25.8890515418701,2.5));
#10928=CARTESIAN_POINT('Origin',(-6.86677763545872,-25.8890517013034,2.5));
#10929=CARTESIAN_POINT('Origin',(-29.825264400108,5.68989300120393E-15,
2.5));
#10930=CARTESIAN_POINT('',(-28.0619086432306,2.42705098312485,4.39628193591976));
#10931=CARTESIAN_POINT('Ctrl Pts',(-27.0265658584737,1.08041032624375,5.));
#10932=CARTESIAN_POINT('Ctrl Pts',(-27.0867389488114,1.23628290176703,4.99999999999925));
#10933=CARTESIAN_POINT('Ctrl Pts',(-27.1627214472516,1.39276698333426,4.98776934029072));
#10934=CARTESIAN_POINT('Ctrl Pts',(-27.3712802576728,1.74180782612844,4.91932567448287));
#10935=CARTESIAN_POINT('Ctrl Pts',(-27.5148908231261,1.92430845136475,4.84620572507484));
#10936=CARTESIAN_POINT('Ctrl Pts',(-27.7805732212336,2.20289043462173,4.66279019531626));
#10937=CARTESIAN_POINT('Ctrl Pts',(-27.9288793387915,2.33039953597862,4.53755085469833));
#10938=CARTESIAN_POINT('Ctrl Pts',(-28.0619086432274,2.42705098312253,4.39628193592315));
#10939=CARTESIAN_POINT('',(-28.0619086432306,2.42705098312485,0.603718064080236));
#10940=CARTESIAN_POINT('',(-28.0619086432306,2.42705098312485,2.5));
#10941=CARTESIAN_POINT('Ctrl Pts',(-28.0619086432306,2.42705098312485,0.603718064080237));
#10942=CARTESIAN_POINT('Ctrl Pts',(-27.9288793387939,2.33039953598061,0.462449145303723));
#10943=CARTESIAN_POINT('Ctrl Pts',(-27.7805732212346,2.20289043462278,0.337209804684439));
#10944=CARTESIAN_POINT('Ctrl Pts',(-27.5148908231261,1.92430845136475,0.153794274925156));
#10945=CARTESIAN_POINT('Ctrl Pts',(-27.3712802576728,1.74180782612844,0.0806743255171279));
#10946=CARTESIAN_POINT('Ctrl Pts',(-27.1627214472516,1.39276698333425,0.0122306597092794));
#10947=CARTESIAN_POINT('Ctrl Pts',(-27.0867389488114,1.23628290176702,7.54488743850434E-13));
#10948=CARTESIAN_POINT('Ctrl Pts',(-27.0265658584737,1.08041032624375,6.07153216591882E-17));
#10949=CARTESIAN_POINT('',(-28.0619086432306,-2.42705098312484,0.603718064080232));
#10950=CARTESIAN_POINT('Ctrl Pts',(-27.026565858468,-1.08041032622881,2.77555756156289E-16));
#10951=CARTESIAN_POINT('Ctrl Pts',(-27.0867389488066,-1.23628290175701,
4.27168093882216E-16));
#10952=CARTESIAN_POINT('Ctrl Pts',(-27.1627214472488,-1.39276698332959,
0.0122306597083656));
#10953=CARTESIAN_POINT('Ctrl Pts',(-27.3712802576728,-1.74180782612844,
0.0806743255171286));
#10954=CARTESIAN_POINT('Ctrl Pts',(-27.5148908231261,-1.92430845136475,
0.153794274925158));
#10955=CARTESIAN_POINT('Ctrl Pts',(-27.7805732212336,-2.20289043462172,
0.337209804683745));
#10956=CARTESIAN_POINT('Ctrl Pts',(-27.9288793387915,-2.33039953597861,
0.462449145301666));
#10957=CARTESIAN_POINT('Ctrl Pts',(-28.0619086432274,-2.42705098312252,
0.603718064076843));
#10958=CARTESIAN_POINT('',(-28.0619086432306,-2.42705098312484,4.39628193591977));
#10959=CARTESIAN_POINT('',(-28.0619086432306,-2.42705098312484,2.5));
#10960=CARTESIAN_POINT('Ctrl Pts',(-28.0619086432306,-2.42705098312484,
4.39628193591977));
#10961=CARTESIAN_POINT('Ctrl Pts',(-27.9288793387939,-2.3303995359806,4.53755085469628));
#10962=CARTESIAN_POINT('Ctrl Pts',(-27.7805732212346,-2.20289043462278,
4.66279019531556));
#10963=CARTESIAN_POINT('Ctrl Pts',(-27.5148908231261,-1.92430845136475,
4.84620572507484));
#10964=CARTESIAN_POINT('Ctrl Pts',(-27.3712802576728,-1.74180782612844,
4.91932567448287));
#10965=CARTESIAN_POINT('Ctrl Pts',(-27.1627214472488,-1.39276698332959,
4.98776934029164));
#10966=CARTESIAN_POINT('Ctrl Pts',(-27.0867389488066,-1.23628290175701,
5.));
#10967=CARTESIAN_POINT('Ctrl Pts',(-27.026565858468,-1.08041032622881,5.));
#10968=CARTESIAN_POINT('Origin',(-26.7439021715552,-1.46946322926636,2.5));
#10969=CARTESIAN_POINT('Origin',(-26.7439023071773,-1.46946332780154,2.5));
#10970=CARTESIAN_POINT('Origin',(-9.21651356135951,28.3655120579486,2.5));
#10971=CARTESIAN_POINT('',(-6.36334401247404,27.4384610748238,4.39628193591977));
#10972=CARTESIAN_POINT('Ctrl Pts',(-7.32413686881544,26.0376567244891,5.));
#10973=CARTESIAN_POINT('Ctrl Pts',(-7.19448774767071,26.143052008954,4.99999999999925));
#10974=CARTESIAN_POINT('Ctrl Pts',(-7.06914242549282,26.2636718997733,4.98776934029072));
#10975=CARTESIAN_POINT('Ctrl Pts',(-6.80163307424705,26.5698826676096,4.91932567448288));
#10976=CARTESIAN_POINT('Ctrl Pts',(-6.67244277068498,26.7628602263749,4.84620572507484));
#10977=CARTESIAN_POINT('Ctrl Pts',(-6.4895959363075,27.1016257695129,4.66279019531626));
#10978=CARTESIAN_POINT('Ctrl Pts',(-6.41415668527027,27.2820757482797,4.53755085469833));
#10979=CARTESIAN_POINT('Ctrl Pts',(-6.36334401247526,27.43846107482,4.39628193592316));
#10980=CARTESIAN_POINT('',(-6.36334401247404,27.4384610748238,0.603718064080235));
#10981=CARTESIAN_POINT('',(-6.36334401247404,27.4384610748238,2.5));
#10982=CARTESIAN_POINT('Ctrl Pts',(-6.36334401247404,27.4384610748238,0.603718064080234));
#10983=CARTESIAN_POINT('Ctrl Pts',(-6.41415668526911,27.2820757482825,0.462449145303723));
#10984=CARTESIAN_POINT('Ctrl Pts',(-6.4895959363068,27.1016257695142,0.337209804684439));
#10985=CARTESIAN_POINT('Ctrl Pts',(-6.67244277068498,26.7628602263749,0.153794274925157));
#10986=CARTESIAN_POINT('Ctrl Pts',(-6.80163307424705,26.5698826676096,0.0806743255171266));
#10987=CARTESIAN_POINT('Ctrl Pts',(-7.06914242549282,26.2636718997733,0.0122306597092789));
#10988=CARTESIAN_POINT('Ctrl Pts',(-7.19448774767071,26.143052008954,7.54861601131208E-13));
#10989=CARTESIAN_POINT('Ctrl Pts',(-7.32413686881545,26.0376567244891,2.12503625807159E-16));
#10990=CARTESIAN_POINT('',(-10.9798693182369,25.9384610748238,0.603718064080243));
#10991=CARTESIAN_POINT('Ctrl Pts',(-9.37919943089282,25.3699264210732,4.77048955893622E-17));
#10992=CARTESIAN_POINT('Ctrl Pts',(-9.54603756707931,25.3789871559501,1.14695494571122E-16));
#10993=CARTESIAN_POINT('Ctrl Pts',(-9.71834265584909,25.4028945656629,0.012230659708366));
#10994=CARTESIAN_POINT('Ctrl Pts',(-10.1147484405937,25.4933862291917,0.080674325517131));
#10995=CARTESIAN_POINT('Ctrl Pts',(-10.3326949547495,25.5735721985928,0.153794274925159));
#10996=CARTESIAN_POINT('Ctrl Pts',(-10.67974254137,25.7401646074247,0.337209804683747));
#10997=CARTESIAN_POINT('Ctrl Pts',(-10.8468400137976,25.8418096276779,0.462449145301675));
#10998=CARTESIAN_POINT('Ctrl Pts',(-10.9798693182337,25.9384610748215,0.603718064076853));
#10999=CARTESIAN_POINT('',(-10.9798693182369,25.9384610748238,4.39628193591976));
#11000=CARTESIAN_POINT('',(-10.9798693182369,25.9384610748238,2.5));
#11001=CARTESIAN_POINT('Ctrl Pts',(-10.9798693182369,25.9384610748238,4.39628193591976));
#11002=CARTESIAN_POINT('Ctrl Pts',(-10.8468400138002,25.8418096276795,4.53755085469627));
#11003=CARTESIAN_POINT('Ctrl Pts',(-10.6797425413713,25.7401646074253,4.66279019531556));
#11004=CARTESIAN_POINT('Ctrl Pts',(-10.3326949547495,25.5735721985928,4.84620572507484));
#11005=CARTESIAN_POINT('Ctrl Pts',(-10.1147484405937,25.4933862291917,4.91932567448287));
#11006=CARTESIAN_POINT('Ctrl Pts',(-9.71834265584909,25.4028945656629,4.98776934029164));
#11007=CARTESIAN_POINT('Ctrl Pts',(-9.5460375670793,25.3789871559501,5.));
#11008=CARTESIAN_POINT('Ctrl Pts',(-9.37919943089282,25.3699264210732,5.));
#11009=CARTESIAN_POINT('Origin',(-9.66186284656151,24.9808733209653,2.5));
#11010=CARTESIAN_POINT('Origin',(-9.66186298218355,24.9808734195005,2.5));
#11011=CARTESIAN_POINT('Origin',(24.1291457614135,17.5308505601072,2.5));
#11012=CARTESIAN_POINT('',(24.1291457614135,14.5308505601072,4.39628193591976));
#11013=CARTESIAN_POINT('Ctrl Pts',(22.5000003352896,15.0117465168928,5.));
#11014=CARTESIAN_POINT('Ctrl Pts',(22.6403009891062,14.9210118094228,4.99999999999925));
#11015=CARTESIAN_POINT('Ctrl Pts',(22.7937511569831,14.8390749201012,4.98776934029072));
#11016=CARTESIAN_POINT('Ctrl Pts',(23.1676398387827,14.679282739551,4.91932567448287));
#11017=CARTESIAN_POINT('Ctrl Pts',(23.3910944028543,14.6160488046976,4.84620572507484));
#11018=CARTESIAN_POINT('Ctrl Pts',(23.7697823593423,14.5468354413173,4.66279019531625));
#11019=CARTESIAN_POINT('Ctrl Pts',(23.9647124981272,14.5308505601074,4.53755085469833));
#11020=CARTESIAN_POINT('Ctrl Pts',(24.1291457614096,14.5308505601072,4.39628193592315));
#11021=CARTESIAN_POINT('',(24.1291457614135,14.5308505601072,0.603718064080236));
#11022=CARTESIAN_POINT('',(24.1291457614135,14.5308505601072,2.5));
#11023=CARTESIAN_POINT('Ctrl Pts',(24.1291457614135,14.5308505601072,0.603718064080237));
#11024=CARTESIAN_POINT('Ctrl Pts',(23.9647124981302,14.5308505601072,0.46244914530372));
#11025=CARTESIAN_POINT('Ctrl Pts',(23.7697823593438,14.546835441317,0.337209804684441));
#11026=CARTESIAN_POINT('Ctrl Pts',(23.3910944028543,14.6160488046976,0.153794274925158));
#11027=CARTESIAN_POINT('Ctrl Pts',(23.1676398387827,14.679282739551,0.0806743255171287));
#11028=CARTESIAN_POINT('Ctrl Pts',(22.7937511569831,14.8390749201012,0.0122306597092787));
#11029=CARTESIAN_POINT('Ctrl Pts',(22.6403009891062,14.9210118094228,7.54433269956156E-13));
#11030=CARTESIAN_POINT('Ctrl Pts',(22.5000003352896,15.0117465168928,-2.60208521396521E-17));
#11031=CARTESIAN_POINT('',(21.2759762125281,18.4579015432321,0.603718064080235));
#11032=CARTESIAN_POINT('Ctrl Pts',(21.2299018229125,16.759887146536,2.64545330086463E-16));
#11033=CARTESIAN_POINT('Ctrl Pts',(21.1869632744682,16.9213595641812,2.98040629577342E-16));
#11034=CARTESIAN_POINT('Ctrl Pts',(21.1564553716161,17.0926192375393,0.0122306597083653));
#11035=CARTESIAN_POINT('Ctrl Pts',(21.1200219337309,17.4975870040974,0.0806743255171291));
#11036=CARTESIAN_POINT('Ctrl Pts',(21.1289341457063,17.7296452838445,0.153794274925159));
#11037=CARTESIAN_POINT('Ctrl Pts',(21.1801293395687,18.1111870380273,0.337209804683746));
#11038=CARTESIAN_POINT('Ctrl Pts',(21.2251635397322,18.3015162166878,0.46244914530167));
#11039=CARTESIAN_POINT('Ctrl Pts',(21.2759762125268,18.4579015432283,0.603718064076845));
#11040=CARTESIAN_POINT('',(21.2759762125281,18.4579015432321,4.39628193591977));
#11041=CARTESIAN_POINT('',(21.2759762125281,18.4579015432321,2.5));
#11042=CARTESIAN_POINT('Ctrl Pts',(21.2759762125281,18.4579015432321,4.39628193591977));
#11043=CARTESIAN_POINT('Ctrl Pts',(21.225163539733,18.3015162166908,4.53755085469628));
#11044=CARTESIAN_POINT('Ctrl Pts',(21.1801293395689,18.1111870380287,4.66279019531556));
#11045=CARTESIAN_POINT('Ctrl Pts',(21.1289341457063,17.7296452838445,4.84620572507484));
#11046=CARTESIAN_POINT('Ctrl Pts',(21.1200219337309,17.4975870040974,4.91932567448287));
#11047=CARTESIAN_POINT('Ctrl Pts',(21.1564553716161,17.0926192375393,4.98776934029164));
#11048=CARTESIAN_POINT('Ctrl Pts',(21.1869632744682,16.9213595641812,5.));
#11049=CARTESIAN_POINT('Ctrl Pts',(21.2299018229125,16.759887146536,5.));
#11050=CARTESIAN_POINT('Origin',(20.7725425377404,16.9084920102784,2.5));
#11051=CARTESIAN_POINT('Origin',(20.7725425895434,16.9084921697116,2.5));
#11052=CARTESIAN_POINT('Origin',(20.7725425895434,-16.9084921697117,2.5));
#11053=CARTESIAN_POINT('Origin',(20.7725425895434,-16.9084921697117,2.5));
#11054=CARTESIAN_POINT('Origin',(20.7725425377404,-16.9084920102784,2.5));
#11055=CARTESIAN_POINT('Origin',(-6.86677763545872,-25.8890517013034,2.5));
#11056=CARTESIAN_POINT('Origin',(6.95288247704233,-21.3987719355075,2.5));
#11057=CARTESIAN_POINT('',(6.48935698547991,-19.9721871610648,2.5));
#11058=CARTESIAN_POINT('Origin',(-9.66186298218356,-24.9808734195005,2.5));
#11059=CARTESIAN_POINT('Origin',(-9.66186298218356,-24.9808734195005,2.5));
#11060=CARTESIAN_POINT('Origin',(-9.66186284656152,-24.9808733209653,2.5));
#11061=CARTESIAN_POINT('Origin',(-26.7439023071773,-1.46946332780154,2.5));
#11062=CARTESIAN_POINT('Origin',(-18.2028826446804,-13.225168373651,2.5));
#11063=CARTESIAN_POINT('',(-16.989357153118,-12.3434904952123,2.5));
#11064=CARTESIAN_POINT('Origin',(-26.7439023071772,1.46946332780155,2.5));
#11065=CARTESIAN_POINT('Origin',(-26.7439023071772,1.46946332780155,2.5));
#11066=CARTESIAN_POINT('Origin',(-26.7439021715552,1.46946322926637,2.5));
#11067=CARTESIAN_POINT('Origin',(-9.66186298218355,24.9808734195005,2.5));
#11068=CARTESIAN_POINT('Origin',(-18.2028826446804,13.225168373651,2.5));
#11069=CARTESIAN_POINT('',(-16.989357153118,12.3434904952123,2.5));
#11070=CARTESIAN_POINT('Origin',(-6.86677763545871,25.8890517013034,2.5));
#11071=CARTESIAN_POINT('Origin',(-6.86677763545871,25.8890517013034,2.5));
#11072=CARTESIAN_POINT('Origin',(-6.86677768726172,25.8890515418701,2.5));
#11073=CARTESIAN_POINT('Origin',(20.7725425895434,16.9084921697116,2.5));
#11074=CARTESIAN_POINT('Origin',(6.95288247704234,21.3987719355075,2.5));
#11075=CARTESIAN_POINT('',(6.48935698547992,19.9721871610648,2.5));
#11076=CARTESIAN_POINT('Origin',(22.5000003352761,14.5308505601072,2.5));
#11077=CARTESIAN_POINT('Origin',(22.5000003352761,14.5308505601072,2.5));
#11078=CARTESIAN_POINT('Origin',(22.5000001676381,14.5308505601072,2.5));
#11079=CARTESIAN_POINT('Origin',(22.5000003352761,-14.5308505601072,2.5));
#11080=CARTESIAN_POINT('Origin',(22.5000003352761,0.,2.5));
#11081=CARTESIAN_POINT('',(21.0000003352761,0.,2.5));
#11082=CARTESIAN_POINT('Origin',(43.5000003352761,8.95879621867555,-0.25));
#11083=CARTESIAN_POINT('',(41.0000003352761,8.95879621867555,-0.5));
#11084=CARTESIAN_POINT('',(41.0000003352761,10.6171086138533,0.));
#11085=CARTESIAN_POINT('Ctrl Pts',(41.0000003352761,8.95879621867555,-0.500000000000011));
#11086=CARTESIAN_POINT('Ctrl Pts',(41.0000003352761,9.71257458011977,-0.500000000000012));
#11087=CARTESIAN_POINT('Ctrl Pts',(41.0000003352761,10.6171086138528,-2.88213894421886E-13));
#11088=CARTESIAN_POINT('',(46.0000003352761,10.6171086138532,0.));
#11089=CARTESIAN_POINT('Origin',(43.5000003352761,8.95879621867555,0.));
#11090=CARTESIAN_POINT('',(45.5833336686095,10.340723214657,-0.5));
#11091=CARTESIAN_POINT('',(46.0000003352761,10.6171086138532,0.));
#11092=CARTESIAN_POINT('Origin',(43.5000003352761,8.95879621867555,-0.5));
#11093=CARTESIAN_POINT('Origin',(46.2465036595719,-12.0311494398928,-0.20833333333333));
#11094=CARTESIAN_POINT('',(46.0000003352761,8.95879621867555,-0.499999999999999));
#11095=CARTESIAN_POINT('',(46.4930069838678,8.95879621867555,0.0833333333333383));
#11096=CARTESIAN_POINT('',(46.0000003352761,8.95879621867555,-0.499999999999999));
#11097=CARTESIAN_POINT('',(46.4930069838678,-8.95879621867555,0.0833333333333383));
#11098=CARTESIAN_POINT('',(46.4930069838678,-12.0311494398928,0.0833333333333383));
#11099=CARTESIAN_POINT('',(46.0000003352761,-8.95879621867555,-0.499999999999999));
#11100=CARTESIAN_POINT('',(46.4930069838678,-8.95879621867555,0.0833333333333383));
#11101=CARTESIAN_POINT('',(46.0000003352761,-12.0311494398928,-0.499999999999999));
#11102=CARTESIAN_POINT('Ctrl Pts',(45.5833336686095,10.340723214657,-0.5));
#11103=CARTESIAN_POINT('Ctrl Pts',(45.8531252231626,9.93399714281172,-0.5));
#11104=CARTESIAN_POINT('Ctrl Pts',(46.0000003352761,9.44686750488984,-0.5));
#11105=CARTESIAN_POINT('Ctrl Pts',(46.0000003352761,8.95879621867555,-0.5));
#11106=CARTESIAN_POINT('Ctrl Pts',(45.7222225574983,10.4328516810557,-0.333333333333333));
#11107=CARTESIAN_POINT('Ctrl Pts',(46.0100002156884,9.99901053775413,-0.333333333333333));
#11108=CARTESIAN_POINT('Ctrl Pts',(46.1643358848067,9.47895049010188,-0.305555555555557));
#11109=CARTESIAN_POINT('Ctrl Pts',(46.1643358848067,8.95879621867555,-0.305555555555557));
#11110=CARTESIAN_POINT('Ctrl Pts',(45.8611114463872,10.5249801474545,-0.166666666666667));
#11111=CARTESIAN_POINT('Ctrl Pts',(46.1668752082141,10.0640239326965,-0.166666666666667));
#11112=CARTESIAN_POINT('Ctrl Pts',(46.3286714343372,9.51103347531393,-0.111111111111113));
#11113=CARTESIAN_POINT('Ctrl Pts',(46.3286714343372,8.95879621867555,-0.111111111111113));
#11114=CARTESIAN_POINT('Ctrl Pts',(46.0000003352761,10.6171086138532,-2.77555756156289E-16));
#11115=CARTESIAN_POINT('Ctrl Pts',(46.3237502007399,10.129037327639,-2.77555756156289E-16));
#11116=CARTESIAN_POINT('Ctrl Pts',(46.4930069838678,9.54311646052597,0.0833333333333305));
#11117=CARTESIAN_POINT('Ctrl Pts',(46.4930069838678,8.95879621867555,0.0833333333333305));
#11118=CARTESIAN_POINT('Ctrl Pts',(46.0000003352761,8.95879621867555,-0.5));
#11119=CARTESIAN_POINT('Ctrl Pts',(46.0000003352761,9.44686750488984,-0.5));
#11120=CARTESIAN_POINT('Ctrl Pts',(45.8531252231626,9.93399714281172,-0.5));
#11121=CARTESIAN_POINT('Ctrl Pts',(45.5833336686095,10.340723214657,-0.5));
#11122=CARTESIAN_POINT('Ctrl Pts',(46.0000003352761,10.6171086138532,-2.77555756156289E-16));
#11123=CARTESIAN_POINT('Ctrl Pts',(46.3237502007399,10.129037327639,-2.77555756156289E-16));
#11124=CARTESIAN_POINT('Ctrl Pts',(46.4930069838678,9.54311646052597,0.0833333333333305));
#11125=CARTESIAN_POINT('Ctrl Pts',(46.4930069838678,8.95879621867555,0.0833333333333305));
#11126=CARTESIAN_POINT('Origin',(43.5000003352761,-8.95879621867555,-0.25));
#11127=CARTESIAN_POINT('',(41.0000003352761,-8.95879621867555,-0.5));
#11128=CARTESIAN_POINT('',(41.0000003352761,-10.6171086138532,0.));
#11129=CARTESIAN_POINT('Ctrl Pts',(41.0000003352761,-10.6171086138555,1.26563289763019E-12));
#11130=CARTESIAN_POINT('Ctrl Pts',(41.0000003352761,-9.71257458012082,-0.499999999999985));
#11131=CARTESIAN_POINT('Ctrl Pts',(41.0000003352761,-8.95879621867556,-0.499999999999985));
#11132=CARTESIAN_POINT('',(45.5833336686095,-10.340723214657,-0.5));
#11133=CARTESIAN_POINT('Origin',(43.5000003352761,-8.95879621867555,-0.5));
#11134=CARTESIAN_POINT('',(46.0000003352761,-10.6171086138533,0.));
#11135=CARTESIAN_POINT('',(45.5833336686095,-10.340723214657,-0.5));
#11136=CARTESIAN_POINT('Origin',(43.5000003352761,-8.95879621867555,0.));
#11137=CARTESIAN_POINT('Ctrl Pts',(46.0000003352761,-8.95879621867555,-0.5));
#11138=CARTESIAN_POINT('Ctrl Pts',(46.0000003352761,-9.44686750488985,-0.5));
#11139=CARTESIAN_POINT('Ctrl Pts',(45.8531252231626,-9.93399714281174,-0.5));
#11140=CARTESIAN_POINT('Ctrl Pts',(45.5833336686095,-10.340723214657,-0.5));
#11141=CARTESIAN_POINT('Ctrl Pts',(46.1643358848067,-8.95879621867555,-0.305555555555555));
#11142=CARTESIAN_POINT('Ctrl Pts',(46.1643358848067,-9.47895049010189,-0.305555555555555));
#11143=CARTESIAN_POINT('Ctrl Pts',(46.0100002156884,-9.99901053775415,-0.333333333333333));
#11144=CARTESIAN_POINT('Ctrl Pts',(45.7222225574983,-10.4328516810557,-0.333333333333333));
#11145=CARTESIAN_POINT('Ctrl Pts',(46.3286714343372,-8.95879621867555,-0.111111111111109));
#11146=CARTESIAN_POINT('Ctrl Pts',(46.3286714343372,-9.51103347531394,-0.111111111111109));
#11147=CARTESIAN_POINT('Ctrl Pts',(46.1668752082142,-10.0640239326966,-0.166666666666667));
#11148=CARTESIAN_POINT('Ctrl Pts',(45.8611114463872,-10.5249801474545,-0.166666666666667));
#11149=CARTESIAN_POINT('Ctrl Pts',(46.4930069838678,-8.95879621867555,0.0833333333333364));
#11150=CARTESIAN_POINT('Ctrl Pts',(46.4930069838678,-9.54311646052598,0.0833333333333365));
#11151=CARTESIAN_POINT('Ctrl Pts',(46.3237502007399,-10.129037327639,-2.77555756156289E-16));
#11152=CARTESIAN_POINT('Ctrl Pts',(46.0000003352761,-10.6171086138533,-2.77555756156289E-16));
#11153=CARTESIAN_POINT('Ctrl Pts',(45.5833336686095,-10.340723214657,-0.5));
#11154=CARTESIAN_POINT('Ctrl Pts',(45.8531252231626,-9.93399714281174,-0.5));
#11155=CARTESIAN_POINT('Ctrl Pts',(46.0000003352761,-9.44686750488985,-0.5));
#11156=CARTESIAN_POINT('Ctrl Pts',(46.0000003352761,-8.95879621867555,-0.5));
#11157=CARTESIAN_POINT('Ctrl Pts',(46.4930069838678,-8.95879621867555,0.0833333333333364));
#11158=CARTESIAN_POINT('Ctrl Pts',(46.4930069838678,-9.54311646052598,0.0833333333333365));
#11159=CARTESIAN_POINT('Ctrl Pts',(46.3237502007399,-10.129037327639,-2.77555756156289E-16));
#11160=CARTESIAN_POINT('Ctrl Pts',(46.0000003352761,-10.6171086138533,-2.77555756156289E-16));
#11161=CARTESIAN_POINT('Origin',(43.5000003352761,8.95879621867555,0.));
#11162=CARTESIAN_POINT('',(46.0000003352761,8.95879621867555,-2.));
#11163=CARTESIAN_POINT('',(46.0000003352761,8.95879621867555,0.));
#11164=CARTESIAN_POINT('',(41.0000003352761,8.95879621867555,-2.));
#11165=CARTESIAN_POINT('Origin',(43.5000003352761,8.95879621867555,-2.));
#11166=CARTESIAN_POINT('',(41.0000003352761,8.95879621867555,0.));
#11167=CARTESIAN_POINT('Origin',(46.0000003352761,11.4587962186756,0.));
#11168=CARTESIAN_POINT('',(46.0000003352761,-8.95879621867555,-2.));
#11169=CARTESIAN_POINT('',(46.0000003352761,-8.95879621867555,0.));
#11170=CARTESIAN_POINT('',(46.0000003352761,5.72939810933778,-2.));
#11171=CARTESIAN_POINT('Origin',(43.5000003352761,-8.95879621867555,0.));
#11172=CARTESIAN_POINT('',(41.0000003352761,-8.95879621867555,-2.));
#11173=CARTESIAN_POINT('',(41.0000003352761,-8.95879621867555,0.));
#11174=CARTESIAN_POINT('Origin',(43.5000003352761,-8.95879621867555,-2.));
#11175=CARTESIAN_POINT('Origin',(47.5000003352761,-12.0311494398928,0.));
#11176=CARTESIAN_POINT('',(41.0000003352761,11.4587962186756,0.));
#11177=CARTESIAN_POINT('',(41.0000003352761,-0.120296007906064,0.));
#11178=CARTESIAN_POINT('',(40.6810909963219,11.6991116426601,-5.55111512312578E-16));
#11179=CARTESIAN_POINT('Origin',(40.7500003352761,11.4587962186756,0.));
#11180=CARTESIAN_POINT('',(33.5865443015506,9.66478311388408,-5.55111512312578E-16));
#11181=CARTESIAN_POINT('',(36.5971831479963,10.5280699112886,-5.55111512312578E-16));
#11182=CARTESIAN_POINT('',(32.5000003352761,8.2228905699766,0.));
#11183=CARTESIAN_POINT('Origin',(34.0000003352761,8.2228905699766,0.));
#11184=CARTESIAN_POINT('',(32.5000003352761,8.03085056010721,0.));
#11185=CARTESIAN_POINT('',(32.5000003352761,-2.75014943989279,0.));
#11186=CARTESIAN_POINT('',(31.0000003352761,6.53085056010721,0.));
#11187=CARTESIAN_POINT('Origin',(31.0000003352761,8.03085056010721,0.));
#11188=CARTESIAN_POINT('',(29.0000003352761,6.53085056010721,0.));
#11189=CARTESIAN_POINT('',(37.5000003352761,6.53085056010721,0.));
#11190=CARTESIAN_POINT('',(27.5000003352761,5.03085056010721,0.));
#11191=CARTESIAN_POINT('Origin',(29.0000003352761,5.03085056010721,0.));
#11192=CARTESIAN_POINT('',(27.5000003352761,-5.53114943989279,0.));
#11193=CARTESIAN_POINT('',(27.5000003352761,-9.53114943989279,0.));
#11194=CARTESIAN_POINT('',(29.0000003352761,-7.03114943989279,0.));
#11195=CARTESIAN_POINT('Origin',(29.0000003352761,-5.53114943989279,0.));
#11196=CARTESIAN_POINT('',(31.0158796156808,-7.03114943989279,0.));
#11197=CARTESIAN_POINT('',(40.0000003352761,-7.03114943989279,0.));
#11198=CARTESIAN_POINT('',(32.5079399754785,-8.37702000493469,0.));
#11199=CARTESIAN_POINT('Origin',(31.0158796156808,-8.53114943989279,0.));
#11200=CARTESIAN_POINT('',(33.5865443015506,-9.66478311388408,0.));
#11201=CARTESIAN_POINT('Origin',(34.0000003352761,-8.2228905699766,0.));
#11202=CARTESIAN_POINT('',(40.6810909963219,-11.6991116426601,0.));
#11203=CARTESIAN_POINT('',(44.0349520775302,-12.6608158321727,0.));
#11204=CARTESIAN_POINT('',(41.0000003352761,-11.4587962186756,0.));
#11205=CARTESIAN_POINT('Origin',(40.7500003352761,-11.4587962186756,0.));
#11206=CARTESIAN_POINT('',(41.0000003352761,-0.120296007906064,0.));
#11207=CARTESIAN_POINT('',(46.0000003352761,-13.7811246565113,0.));
#11208=CARTESIAN_POINT('',(46.0000003352761,-12.0311494398928,0.));
#11209=CARTESIAN_POINT('',(41.5352695899166,-17.1455405922954,0.));
#11210=CARTESIAN_POINT('Origin',(42.5000003352761,-13.7811246565113,0.));
#11211=CARTESIAN_POINT('',(27.5000003352761,-13.1209918956448,7.45058059692383E-8));
#11212=CARTESIAN_POINT('',(46.8025867048505,-18.6559194703311,0.));
#11213=CARTESIAN_POINT('',(27.5000003352761,-12.0311494398928,7.45058059692383E-8));
#11214=CARTESIAN_POINT('',(27.5000003352761,-17.9799197637398,7.45058059692383E-8));
#11215=CARTESIAN_POINT('',(22.5000003352761,-12.0311494398928,0.));
#11216=CARTESIAN_POINT('',(22.5000003352761,-12.0311494398928,0.));
#11217=CARTESIAN_POINT('',(22.5000003352761,11.5308505601072,0.));
#11218=CARTESIAN_POINT('',(22.5000003352761,12.0308505601072,0.));
#11219=CARTESIAN_POINT('',(27.5000003352761,11.5308505601072,7.45058059692383E-8));
#11220=CARTESIAN_POINT('',(22.5000003352761,11.5308505601072,0.));
#11221=CARTESIAN_POINT('',(27.5000003352761,13.1209918956448,7.45058059692383E-8));
#11222=CARTESIAN_POINT('',(27.5000003352761,-17.9799197637398,7.45058059692383E-8));
#11223=CARTESIAN_POINT('',(41.5352695899166,17.1455405922954,0.));
#11224=CARTESIAN_POINT('',(33.6148177753166,14.8743875813338,0.));
#11225=CARTESIAN_POINT('',(46.0000003352761,13.7811246565113,0.));
#11226=CARTESIAN_POINT('Origin',(42.5000003352761,13.7811246565113,0.));
#11227=CARTESIAN_POINT('',(46.0000003352761,-12.0311494398928,0.));
#11228=CARTESIAN_POINT('Origin',(29.0000003352761,-5.53114943989279,5.00000007450581));
#11229=CARTESIAN_POINT('',(27.5000003352761,-5.53114943989279,5.00000007450581));
#11230=CARTESIAN_POINT('',(29.0000003352761,-7.03114943989279,5.00000007450581));
#11231=CARTESIAN_POINT('Origin',(29.0000003352761,-5.53114943989279,5.00000007450581));
#11232=CARTESIAN_POINT('',(29.0000003352761,-7.03114943989279,5.00000007450581));
#11233=CARTESIAN_POINT('',(27.5000003352761,-5.53114943989279,5.00000007450581));
#11234=CARTESIAN_POINT('Origin',(32.5000003352761,-7.03114943989279,5.00000007450581));
#11235=CARTESIAN_POINT('',(31.0158796156808,-7.03114943989279,5.00000007450581));
#11236=CARTESIAN_POINT('',(27.5000003352761,-7.03114943989279,5.00000007450581));
#11237=CARTESIAN_POINT('',(31.0158796156808,-7.03114943989279,5.00000007450581));
#11238=CARTESIAN_POINT('Origin',(29.0000003352761,5.03085056010721,5.00000007450581));
#11239=CARTESIAN_POINT('',(29.0000003352761,6.53085056010721,5.00000007450581));
#11240=CARTESIAN_POINT('',(27.5000003352761,5.03085056010721,5.00000007450581));
#11241=CARTESIAN_POINT('Origin',(29.0000003352761,5.03085056010721,5.00000007450581));
#11242=CARTESIAN_POINT('',(27.5000003352761,5.03085056010721,5.00000007450581));
#11243=CARTESIAN_POINT('',(29.0000003352761,6.53085056010721,5.00000007450581));
#11244=CARTESIAN_POINT('Origin',(27.5000003352761,-7.03114943989279,5.00000007450581));
#11245=CARTESIAN_POINT('',(27.5000003352761,-9.53114943989279,5.00000007450581));
#11246=CARTESIAN_POINT('Origin',(31.0158796156808,-8.53114943989279,5.00000007450581));
#11247=CARTESIAN_POINT('',(32.5079399754785,-8.37702000493469,5.00000007450581));
#11248=CARTESIAN_POINT('Origin',(31.0158796156808,-8.53114943989279,5.00000007450581));
#11249=CARTESIAN_POINT('',(32.5079399754785,-8.37702000493469,5.00000007450581));
#11250=CARTESIAN_POINT('Origin',(34.0000003352761,-8.2228905699766,5.00000007450581));
#11251=CARTESIAN_POINT('',(33.5865443015506,-9.66478311388408,5.00000007450581));
#11252=CARTESIAN_POINT('Origin',(34.0000003352761,-8.2228905699766,5.00000007450581));
#11253=CARTESIAN_POINT('',(33.5865443015506,-9.66478311388408,5.00000007450581));
#11254=CARTESIAN_POINT('Origin',(41.0000003352761,-11.7905574240807,5.00000007450581));
#11255=CARTESIAN_POINT('',(40.6810909963219,-11.6991116426601,5.00000007450581));
#11256=CARTESIAN_POINT('',(32.4846514765525,-9.34882043071514,5.00000007450581));
#11257=CARTESIAN_POINT('',(40.6810909963219,-11.6991116426601,4.00000007450581));
#11258=CARTESIAN_POINT('',(40.6810909963219,-11.6991116426601,5.00000007450581));
#11259=CARTESIAN_POINT('',(40.5000003352761,-11.6471847312013,4.00000007450581));
#11260=CARTESIAN_POINT('',(40.03207436245,-11.5130091176167,4.00000007450581));
#11261=CARTESIAN_POINT('',(40.5000003352761,-11.6471847312013,1.00000007450581));
#11262=CARTESIAN_POINT('',(40.5000003352761,-11.6471847312012,4.50000007450581));
#11263=CARTESIAN_POINT('',(40.6810909963219,-11.6991116426601,1.00000007450581));
#11264=CARTESIAN_POINT('',(40.03207436245,-11.5130091176167,1.00000007450581));
#11265=CARTESIAN_POINT('',(40.6810909963219,-11.6991116426601,5.00000007450581));
#11266=CARTESIAN_POINT('Origin',(31.0000003352761,8.03085056010721,5.00000007450581));
#11267=CARTESIAN_POINT('',(32.5000003352761,8.03085056010721,5.00000007450581));
#11268=CARTESIAN_POINT('',(32.5000003352761,8.03085056010721,5.00000007450581));
#11269=CARTESIAN_POINT('',(31.0000003352761,6.53085056010721,5.00000007450581));
#11270=CARTESIAN_POINT('Origin',(31.0000003352761,8.03085056010721,5.00000007450581));
#11271=CARTESIAN_POINT('',(31.0000003352761,6.53085056010721,5.00000007450581));
#11272=CARTESIAN_POINT('Origin',(27.5000003352761,6.53085056010721,5.00000007450581));
#11273=CARTESIAN_POINT('',(25.0000003352761,6.53085056010721,5.00000007450581));
#11274=CARTESIAN_POINT('Origin',(34.0000003352761,8.2228905699766,5.00000007450581));
#11275=CARTESIAN_POINT('',(33.5865443015506,9.66478311388408,5.00000007450581));
#11276=CARTESIAN_POINT('',(32.5000003352761,8.2228905699766,5.00000007450581));
#11277=CARTESIAN_POINT('Origin',(34.0000003352761,8.2228905699766,5.00000007450581));
#11278=CARTESIAN_POINT('',(32.5000003352761,8.2228905699766,5.00000007450581));
#11279=CARTESIAN_POINT('',(33.5865443015506,9.66478311388408,5.00000007450581));
#11280=CARTESIAN_POINT('Origin',(32.5000003352761,6.53085056010721,5.00000007450581));
#11281=CARTESIAN_POINT('',(32.5000003352761,-2.75014943989279,5.00000007450581));
#11282=CARTESIAN_POINT('Origin',(40.7500003352761,11.4587962186756,5.00000007450581));
#11283=CARTESIAN_POINT('',(41.0000003352761,11.4587962186756,1.00000007450581));
#11284=CARTESIAN_POINT('',(40.6810909963219,11.6991116426601,1.00000007450581));
#11285=CARTESIAN_POINT('Origin',(40.7500003352761,11.4587962186756,1.00000007450581));
#11286=CARTESIAN_POINT('',(40.6810909963219,11.6991116426601,5.00000007450581));
#11287=CARTESIAN_POINT('',(41.0000003352761,11.4587962186756,5.00000007450581));
#11288=CARTESIAN_POINT('Origin',(32.5000003352761,9.35322164513079,5.00000007450581));
#11289=CARTESIAN_POINT('',(40.5000003352761,11.6471847312012,1.00000007450581));
#11290=CARTESIAN_POINT('',(35.7489346106659,10.2848385572324,1.00000007450581));
#11291=CARTESIAN_POINT('',(40.5000003352761,11.6471847312012,4.00000007450581));
#11292=CARTESIAN_POINT('',(40.5000003352761,11.6471847312013,4.50000007450581));
#11293=CARTESIAN_POINT('',(40.6810909963219,11.6991116426601,4.00000007450581));
#11294=CARTESIAN_POINT('',(35.7489346106659,10.2848385572324,4.00000007450581));
#11295=CARTESIAN_POINT('',(40.6810909963219,11.6991116426601,5.00000007450581));
#11296=CARTESIAN_POINT('',(40.6810909963219,11.6991116426601,5.00000007450581));
#11297=CARTESIAN_POINT('',(25.0468825470187,7.21607450983108,5.00000007450581));
#11298=CARTESIAN_POINT('Origin',(40.7500003352761,11.4587962186756,5.00000007450581));
#11299=CARTESIAN_POINT('',(41.0000003352761,11.4587962186756,4.00000007450581));
#11300=CARTESIAN_POINT('Origin',(40.7500003352761,11.4587962186756,4.00000007450581));
#11301=CARTESIAN_POINT('',(41.0000003352761,11.4587962186756,5.00000007450581));
#11302=CARTESIAN_POINT('',(41.0000003352761,11.4587962186756,5.00000007450581));
#11303=CARTESIAN_POINT('Origin',(40.7500003352761,11.4587962186756,5.00000007450581));
#11304=CARTESIAN_POINT('Origin',(41.0000003352761,11.7905574240807,5.00000007450581));
#11305=CARTESIAN_POINT('',(41.0000003352761,-11.4587962186756,4.00000007450581));
#11306=CARTESIAN_POINT('',(41.0000003352761,5.83274135206713,4.00000007450581));
#11307=CARTESIAN_POINT('',(41.0000003352761,-11.4587962186756,5.00000007450581));
#11308=CARTESIAN_POINT('',(41.0000003352761,-11.4587962186756,5.00000007450581));
#11309=CARTESIAN_POINT('',(41.0000003352761,-0.120296007906069,5.00000007450581));
#11310=CARTESIAN_POINT('Origin',(40.7500003352761,-11.4587962186756,5.00000007450581));
#11311=CARTESIAN_POINT('',(41.0000003352761,-11.4587962186756,1.00000007450581));
#11312=CARTESIAN_POINT('Origin',(40.7500003352761,-11.4587962186756,1.00000007450581));
#11313=CARTESIAN_POINT('',(41.0000003352761,-11.4587962186756,5.00000007450581));
#11314=CARTESIAN_POINT('Origin',(40.7500003352761,-11.4587962186756,5.00000007450581));
#11315=CARTESIAN_POINT('Origin',(40.7500003352761,-11.4587962186756,4.00000007450581));
#11316=CARTESIAN_POINT('Origin',(40.7500003352761,-11.4587962186756,5.00000007450581));
#11317=CARTESIAN_POINT('Origin',(42.2500003352761,-0.125074719946394,4.00000007450581));
#11318=CARTESIAN_POINT('',(40.5000003352761,18.3198874816338,4.00000007450581));
#11319=CARTESIAN_POINT('',(40.5000003352761,-20.1250747199464,4.00000007450581));
#11320=CARTESIAN_POINT('',(41.1454595030236,18.5049699196811,4.00000007450581));
#11321=CARTESIAN_POINT('',(21.6747070874459,12.9218215072621,4.00000007450581));
#11322=CARTESIAN_POINT('',(44.0000003352761,18.4608142761989,4.00000007450581));
#11323=CARTESIAN_POINT('Origin',(42.5000003352761,13.7811246565113,4.00000007450581));
#11324=CARTESIAN_POINT('',(44.0000003352761,-18.4608142761989,4.00000007450581));
#11325=CARTESIAN_POINT('',(44.0000003352761,19.8749252800536,4.00000007450581));
#11326=CARTESIAN_POINT('',(41.1454595030236,-18.5049699196811,4.00000007450581));
#11327=CARTESIAN_POINT('Origin',(42.5000003352761,-13.7811246565113,4.00000007450581));
#11328=CARTESIAN_POINT('',(40.5000003352761,-18.3198874816338,4.00000007450581));
#11329=CARTESIAN_POINT('',(34.8624760169797,-16.7033533962593,4.00000007450581));
#11330=CARTESIAN_POINT('',(40.5000003352761,-20.1250747199464,4.00000007450581));
#11331=CARTESIAN_POINT('Origin',(40.5000003352761,-20.1250747199464,4.00000007450581));
#11332=CARTESIAN_POINT('',(40.5000003352761,18.3198875090372,1.00000007450581));
#11333=CARTESIAN_POINT('',(40.5000003352761,-20.1250747199464,1.00000007450581));
#11334=CARTESIAN_POINT('',(40.5000003352761,18.4091310643017,1.5));
#11335=CARTESIAN_POINT('Origin',(40.5000003352761,16.8486819105093,1.5));
#11336=CARTESIAN_POINT('',(40.5000003352761,18.4091310643017,3.50000007450581));
#11337=CARTESIAN_POINT('',(40.5000003352761,18.4091310643017,4.50000007450581));
#11338=CARTESIAN_POINT('Origin',(40.5000003352761,16.8486819105093,3.50000007450581));
#11339=CARTESIAN_POINT('Origin',(40.5000003352761,-20.1250747199464,4.00000007450581));
#11340=CARTESIAN_POINT('',(40.5000003352761,-18.4091310643017,3.50000007450581));
#11341=CARTESIAN_POINT('Origin',(40.5000003352761,-16.8486819105093,3.50000007450581));
#11342=CARTESIAN_POINT('',(40.5000003352761,-18.4091310643017,1.5));
#11343=CARTESIAN_POINT('',(40.5000003352761,-18.4091310643017,4.50000007450581));
#11344=CARTESIAN_POINT('',(40.5000003352761,-18.3198875090372,1.00000007450581));
#11345=CARTESIAN_POINT('Origin',(40.5000003352761,-16.8486819105093,1.5));
#11346=CARTESIAN_POINT('',(40.5000003352761,-20.1250747199464,1.00000007450581));
#11347=CARTESIAN_POINT('Origin',(42.2500003352761,-0.125074719946394,1.00000007450581));
#11348=CARTESIAN_POINT('',(41.1454594957628,-18.5049699450025,1.00000007450581));
#11349=CARTESIAN_POINT('',(46.4127766106966,-20.0153488230381,1.00000007450581));
#11350=CARTESIAN_POINT('',(44.0000003352761,-18.4608143038608,1.00000007450581));
#11351=CARTESIAN_POINT('Origin',(42.5000003352761,-13.7811246565113,1.00000007450581));
#11352=CARTESIAN_POINT('',(44.0000003352761,18.4608143038608,1.00000007450581));
#11353=CARTESIAN_POINT('',(44.0000003352761,19.8749252800536,1.00000007450581));
#11354=CARTESIAN_POINT('',(41.1454594957628,18.5049699450025,1.00000007450581));
#11355=CARTESIAN_POINT('Origin',(42.5000003352761,13.7811246565113,1.00000007450581));
#11356=CARTESIAN_POINT('',(33.2250076811628,16.2338169340409,1.00000007450581));
#11357=CARTESIAN_POINT('',(41.0000003352761,5.83274135206713,1.00000007450581));
#11358=CARTESIAN_POINT('Origin',(44.0000003352761,19.8749252800536,4.00000007450581));
#11359=CARTESIAN_POINT('',(44.0000003352761,18.550820663596,3.50000007450581));
#11360=CARTESIAN_POINT('Ctrl Pts',(44.0000003352761,18.550820663596,3.50000007450581));
#11361=CARTESIAN_POINT('Ctrl Pts',(44.0000003352761,18.550820663596,3.65970882212711));
#11362=CARTESIAN_POINT('Ctrl Pts',(44.0000003352761,18.5184923061154,3.84464750716986));
#11363=CARTESIAN_POINT('Ctrl Pts',(44.0000003352761,18.4608142761989,4.00000007450581));
#11364=CARTESIAN_POINT('',(44.0000003352761,18.550820663596,1.5));
#11365=CARTESIAN_POINT('',(44.0000003352761,18.550820663596,5.00000007450581));
#11366=CARTESIAN_POINT('Ctrl Pts',(44.0000003352761,18.4608143038608,1.0000000745058));
#11367=CARTESIAN_POINT('Ctrl Pts',(44.0000003352761,18.5184923181664,1.15535262592311));
#11368=CARTESIAN_POINT('Ctrl Pts',(44.0000003352761,18.550820663596,1.34029127790363));
#11369=CARTESIAN_POINT('Ctrl Pts',(44.0000003352761,18.550820663596,1.5));
#11370=CARTESIAN_POINT('',(44.0000003352761,-18.550820663596,1.5));
#11371=CARTESIAN_POINT('Ctrl Pts',(44.0000003352761,-18.550820663596,1.5));
#11372=CARTESIAN_POINT('Ctrl Pts',(44.0000003352761,-18.550820663596,1.34029127790363));
#11373=CARTESIAN_POINT('Ctrl Pts',(44.0000003352761,-18.5184923181664,1.15535262592311));
#11374=CARTESIAN_POINT('Ctrl Pts',(44.0000003352761,-18.4608143038608,1.00000007450581));
#11375=CARTESIAN_POINT('',(44.0000003352761,-18.550820663596,3.50000007450581));
#11376=CARTESIAN_POINT('',(44.0000003352761,-18.550820663596,5.00000007450581));
#11377=CARTESIAN_POINT('Ctrl Pts',(44.0000003352761,-18.4608142761989,4.00000007450581));
#11378=CARTESIAN_POINT('Ctrl Pts',(44.0000003352761,-18.5184923061154,3.84464750716986));
#11379=CARTESIAN_POINT('Ctrl Pts',(44.0000003352761,-18.550820663596,3.65970882212711));
#11380=CARTESIAN_POINT('Ctrl Pts',(44.0000003352761,-18.550820663596,3.50000007450581));
#11381=CARTESIAN_POINT('Origin',(27.5000003352761,14.6814410494372,5.00000007450581));
#11382=CARTESIAN_POINT('',(27.5000003352761,14.6814410494372,1.5));
#11383=CARTESIAN_POINT('',(33.2013617415911,16.3162801252413,1.5));
#11384=CARTESIAN_POINT('',(27.5000003352761,14.6814410494372,3.50000007450581));
#11385=CARTESIAN_POINT('',(27.5000003352761,14.6814410494372,5.00000007450581));
#11386=CARTESIAN_POINT('',(21.6510611406134,13.0042847237838,3.50000007450581));
#11387=CARTESIAN_POINT('Origin',(33.6148177753166,14.8743875813338,1.5));
#11388=CARTESIAN_POINT('Origin',(41.5352695899166,17.1455405922954,1.5));
#11389=CARTESIAN_POINT('Origin',(27.5000003352761,13.1209918956448,1.5));
#11390=CARTESIAN_POINT('Origin',(42.5000003352761,13.7811246565113,1.5));
#11391=CARTESIAN_POINT('',(47.5000003352761,13.7811246565113,1.5));
#11392=CARTESIAN_POINT('Origin',(42.5000003352761,13.7811246565113,1.5));
#11393=CARTESIAN_POINT('Origin',(46.0000003352761,13.7811246565113,1.5));
#11394=CARTESIAN_POINT('Origin',(35.2522861038728,-15.3439240688735,3.50000007450581));
#11395=CARTESIAN_POINT('',(41.5352695899166,-17.1455405922954,5.00000007450581));
#11396=CARTESIAN_POINT('Origin',(41.5352695899166,-17.1455405922954,3.50000007450581));
#11397=CARTESIAN_POINT('',(27.5000003352761,-13.1209918956448,5.00000007450581));
#11398=CARTESIAN_POINT('',(35.2522861038728,-15.3439240688735,5.00000007450581));
#11399=CARTESIAN_POINT('',(27.5000003352761,-14.6814410494372,3.50000007450581));
#11400=CARTESIAN_POINT('Origin',(27.5000003352761,-13.1209918956448,3.50000007450581));
#11401=CARTESIAN_POINT('',(34.8388300701473,-16.785816612781,3.50000007450581));
#11402=CARTESIAN_POINT('Origin',(42.5000003352761,-13.7811246565113,3.50000007450581));
#11403=CARTESIAN_POINT('',(47.5000003352761,-13.7811246565113,3.50000007450581));
#11404=CARTESIAN_POINT('Origin',(42.5000003352761,-13.7811246565113,3.50000007450581));
#11405=CARTESIAN_POINT('',(46.0000003352761,-13.7811246565113,5.00000007450581));
#11406=CARTESIAN_POINT('Origin',(46.0000003352761,-13.7811246565113,3.50000007450581));
#11407=CARTESIAN_POINT('Origin',(42.5000003352761,-13.7811246565113,5.00000007450581));
#11408=CARTESIAN_POINT('Origin',(42.5000003352761,-13.7811246565113,5.00000007450581));
#11409=CARTESIAN_POINT('',(47.5000003352761,-13.7811246565113,1.5));
#11410=CARTESIAN_POINT('Origin',(42.5000003352761,-13.7811246565113,1.5));
#11411=CARTESIAN_POINT('',(47.5000003352761,-13.7811246565113,5.00000007450581));
#11412=CARTESIAN_POINT('Origin',(46.0000003352761,-12.0311494398928,1.5));
#11413=CARTESIAN_POINT('',(47.5000003352761,-12.0311494398928,1.5));
#11414=CARTESIAN_POINT('Origin',(46.0000003352761,-13.7811246565113,1.5));
#11415=CARTESIAN_POINT('Origin',(42.5000003352761,-13.7811246565113,1.5));
#11416=CARTESIAN_POINT('Origin',(41.5352695899166,-17.1455405922954,1.5));
#11417=CARTESIAN_POINT('Origin',(46.8025867048505,-18.6559194703311,1.5));
#11418=CARTESIAN_POINT('',(27.5000003352761,-14.6814410494372,1.5));
#11419=CARTESIAN_POINT('',(46.389130671125,-20.0978120142385,1.5));
#11420=CARTESIAN_POINT('Origin',(27.5000003352761,-13.1209918956448,1.5));
#11421=CARTESIAN_POINT('Origin',(47.5000003352761,-12.0311494398928,5.00000007450581));
#11422=CARTESIAN_POINT('',(47.5000003352761,13.7811246565113,3.50000007450581));
#11423=CARTESIAN_POINT('',(47.5000003352761,13.7811246565113,5.00000007450581));
#11424=CARTESIAN_POINT('',(47.5000003352761,-12.0311494398928,3.50000007450581));
#11425=CARTESIAN_POINT('Origin',(42.5000003352761,13.7811246565113,5.00000007450581));
#11426=CARTESIAN_POINT('Origin',(42.5000003352761,13.7811246565113,3.50000007450581));
#11427=CARTESIAN_POINT('Origin',(27.5000003352761,11.5308505601072,5.00000007450581));
#11428=CARTESIAN_POINT('',(27.5000003352761,11.5308505601072,5.00000007450581));
#11429=CARTESIAN_POINT('',(27.5000003352761,11.5308505601072,3.75000005587935));
#11430=CARTESIAN_POINT('',(27.5000003352761,13.1209918956448,5.00000007450581));
#11431=CARTESIAN_POINT('',(27.5000003352761,-17.9799197637398,5.00000007450581));
#11432=CARTESIAN_POINT('Origin',(27.5000003352761,13.1209918956448,3.50000007450581));
#11433=CARTESIAN_POINT('Origin',(22.0645171743389,11.5623921798763,3.50000007450581));
#11434=CARTESIAN_POINT('',(41.5352695899166,17.1455405922954,5.00000007450581));
#11435=CARTESIAN_POINT('',(22.0645171743389,11.5623921798763,5.00000007450581));
#11436=CARTESIAN_POINT('Origin',(41.5352695899166,17.1455405922954,3.50000007450581));
#11437=CARTESIAN_POINT('Origin',(42.5000003352761,13.7811246565113,3.50000007450581));
#11438=CARTESIAN_POINT('',(46.0000003352761,13.7811246565113,5.00000007450581));
#11439=CARTESIAN_POINT('Origin',(42.5000003352761,13.7811246565113,5.00000007450581));
#11440=CARTESIAN_POINT('Origin',(46.0000003352761,13.7811246565113,3.50000007450581));
#11441=CARTESIAN_POINT('Origin',(46.0000003352761,-12.0311494398928,3.50000007450581));
#11442=CARTESIAN_POINT('',(46.0000003352761,-12.0311494398928,5.00000007450581));
#11443=CARTESIAN_POINT('Origin',(47.5000003352761,-20.4163487646133,5.00000007450581));
#11444=CARTESIAN_POINT('',(27.5000003352761,-14.6814410494372,5.00000007450581));
#11445=CARTESIAN_POINT('Origin',(27.5000003352761,-14.6814410494372,5.00000007450581));
#11446=CARTESIAN_POINT('',(27.5000003352761,-12.0311494398928,5.00000007450581));
#11447=CARTESIAN_POINT('',(27.5000003352761,-17.9799197637398,5.00000007450581));
#11448=CARTESIAN_POINT('',(27.5000003352761,-12.0311494398928,3.7500000372529));
#11449=CARTESIAN_POINT('Origin',(35.0000003352761,11.5308505601072,2.5000000372529));
#11450=CARTESIAN_POINT('',(22.5000003352761,11.5308505601072,5.00000007450581));
#11451=CARTESIAN_POINT('Origin',(22.5000003352761,11.5308505601072,2.5));
#11452=CARTESIAN_POINT('',(22.5000003352761,11.5308505601072,5.00000007450581));
#11453=CARTESIAN_POINT('Origin',(22.5000003352761,-12.0311494398928,5.00000007450581));
#11454=CARTESIAN_POINT('',(22.5000003352761,-12.0311494398928,5.));
#11455=CARTESIAN_POINT('',(22.5000003352761,12.0308505601072,5.00000007450581));
#11456=CARTESIAN_POINT('',(22.5000003352761,-12.0311494398928,5.00000007450581));
#11457=CARTESIAN_POINT('Origin',(22.5000003352761,12.0308505601072,2.5));
#11458=CARTESIAN_POINT('',(20.5000003352761,-12.0311494398928,2.5));
#11459=CARTESIAN_POINT('Origin',(22.5000003352761,-12.0311494398928,2.5));
#11460=CARTESIAN_POINT('',(20.5000003352761,12.0308505601072,2.5));
#11461=CARTESIAN_POINT('',(20.5000003352761,12.0308505601072,2.5));
#11462=CARTESIAN_POINT('Origin',(22.5000003352761,12.0308505601072,2.5));
#11463=CARTESIAN_POINT('Origin',(22.5000003352761,12.0308505601072,2.5));
#11464=CARTESIAN_POINT('',(20.0000003352761,-12.0311494398928,2.5));
#11465=CARTESIAN_POINT('Origin',(22.5000003352761,-12.0311494398928,2.5));
#11466=CARTESIAN_POINT('',(20.0000003352761,12.0308505601072,2.5));
#11467=CARTESIAN_POINT('',(20.0000003352761,12.0308505601072,2.5));
#11468=CARTESIAN_POINT('Origin',(22.5000003352761,12.0308505601072,2.5));
#11469=CARTESIAN_POINT('Origin',(22.5000003352761,-12.0311494398928,2.5));
#11470=CARTESIAN_POINT('Origin',(22.5000003352761,-12.0311494398928,2.5));
#11471=CARTESIAN_POINT('Origin',(22.5000003352761,12.0308505601072,2.5));
#11472=CARTESIAN_POINT('Origin',(45.7500003352761,5.72939810933778,-2.25));
#11473=CARTESIAN_POINT('',(45.5000003352761,-8.95879621867555,-2.5));
#11474=CARTESIAN_POINT('',(46.0000003352761,-8.95879621867555,-2.));
#11475=CARTESIAN_POINT('',(45.5000003352761,8.95879621867555,-2.5));
#11476=CARTESIAN_POINT('',(45.5000003352761,5.72939810933778,-2.5));
#11477=CARTESIAN_POINT('',(45.5000003352761,8.95879621867555,-2.5));
#11478=CARTESIAN_POINT('Origin',(43.5000003352761,-8.95879621867555,-2.25));
#11479=CARTESIAN_POINT('',(41.5000003352761,-8.95879621867555,-2.5));
#11480=CARTESIAN_POINT('',(41.0000003352761,-8.95879621867555,-2.));
#11481=CARTESIAN_POINT('Origin',(43.5000003352761,-8.95879621867555,-2.5));
#11482=CARTESIAN_POINT('Origin',(41.2500003352761,-5.72939810933778,-2.25));
#11483=CARTESIAN_POINT('',(41.5000003352761,8.95879621867555,-2.5));
#11484=CARTESIAN_POINT('',(41.0000003352761,8.95879621867555,-2.));
#11485=CARTESIAN_POINT('',(41.5000003352761,-5.72939810933778,-2.5));
#11486=CARTESIAN_POINT('',(41.0000003352761,-5.72939810933778,-2.));
#11487=CARTESIAN_POINT('Origin',(43.5000003352761,8.95879621867555,-2.25));
#11488=CARTESIAN_POINT('Origin',(43.5000003352761,8.95879621867555,-2.5));
#11489=CARTESIAN_POINT('Origin',(43.5000003352761,0.,-2.5));
#11490=CARTESIAN_POINT('Origin',(41.0000003352761,-11.4587962186756,0.));
#11491=CARTESIAN_POINT('Origin',(4.92191783698447,44.1393790584185,-0.25));
#11492=CARTESIAN_POINT('',(4.1493753510471,41.7617377676806,-0.500000000000001));
#11493=CARTESIAN_POINT('',(2.57222654156031,42.2741844797731,0.));
#11494=CARTESIAN_POINT('Ctrl Pts',(4.1493753510471,41.7617377676806,-0.500000000000014));
#11495=CARTESIAN_POINT('Ctrl Pts',(3.4324895285533,41.994668091359,-0.500000000000012));
#11496=CARTESIAN_POINT('Ctrl Pts',(2.57222654156081,42.274184479773,-2.9207460541879E-13));
#11497=CARTESIAN_POINT('',(4.11731151343509,47.0294670612489,-5.55111512312578E-16));
#11498=CARTESIAN_POINT('Origin',(4.92191783698447,44.1393790584185,2.77555756156289E-16));
#11499=CARTESIAN_POINT('',(4.25141256735998,46.5477857274438,-0.500000000000001));
#11500=CARTESIAN_POINT('',(4.11731151343509,47.0294670612489,-5.55111512312578E-16));
#11501=CARTESIAN_POINT('Origin',(4.92191783698447,44.1393790584185,-0.500000000000001));
#11502=CARTESIAN_POINT('Origin',(25.7332586345618,40.2652090225121,-0.208333333333331));
#11503=CARTESIAN_POINT('',(5.69446032292184,46.5170203491564,-0.499999999999999));
#11504=CARTESIAN_POINT('',(5.84680775567649,46.9858975348763,0.0833333333333372));
#11505=CARTESIAN_POINT('',(5.69446032292184,46.5170203491564,-0.499999999999999));
#11506=CARTESIAN_POINT('',(22.88745079954,41.4490569734508,0.0833333333333372));
#11507=CARTESIAN_POINT('',(25.8094323509391,40.499647615372,0.0833333333333372));
#11508=CARTESIAN_POINT('',(22.7351033667854,40.9801797877309,-0.499999999999999));
#11509=CARTESIAN_POINT('',(22.88745079954,41.4490569734508,0.0833333333333372));
#11510=CARTESIAN_POINT('',(25.6570849181844,40.0307704296521,-0.499999999999999));
#11511=CARTESIAN_POINT('Ctrl Pts',(4.25141256735998,46.5477857274438,-0.5));
#11512=CARTESIAN_POINT('Ctrl Pts',(4.72160222363128,46.6786874751875,-0.5));
#11513=CARTESIAN_POINT('Ctrl Pts',(5.23027694575117,46.667842671063,-0.5));
#11514=CARTESIAN_POINT('Ctrl Pts',(5.69446032292182,46.5170203491564,-0.5));
#11515=CARTESIAN_POINT('Ctrl Pts',(4.20671221605168,46.7083461720455,-0.333333333333334));
#11516=CARTESIAN_POINT('Ctrl Pts',(4.70824784940774,46.8479747029721,-0.333333333333333));
#11517=CARTESIAN_POINT('Ctrl Pts',(5.25054669118794,46.8340492539638,-0.305555555555558));
#11518=CARTESIAN_POINT('Ctrl Pts',(5.7452428005067,46.6733127443963,-0.305555555555557));
#11519=CARTESIAN_POINT('Ctrl Pts',(4.16201186474338,46.8689066166472,-0.166666666666667));
#11520=CARTESIAN_POINT('Ctrl Pts',(4.69489347518419,47.0172619307567,-0.166666666666667));
#11521=CARTESIAN_POINT('Ctrl Pts',(5.27081643662471,47.0002558368646,-0.111111111111115));
#11522=CARTESIAN_POINT('Ctrl Pts',(5.79602527809159,46.8296051396363,-0.111111111111114));
#11523=CARTESIAN_POINT('Ctrl Pts',(4.11731151343508,47.0294670612489,-5.55111512312578E-16));
#11524=CARTESIAN_POINT('Ctrl Pts',(4.68153910096065,47.1865491585413,7.3898958687499E-17));
#11525=CARTESIAN_POINT('Ctrl Pts',(5.29108618206148,47.1664624197653,0.0833333333333274));
#11526=CARTESIAN_POINT('Ctrl Pts',(5.84680775567647,46.9858975348763,0.0833333333333285));
#11527=CARTESIAN_POINT('Ctrl Pts',(5.69446032292182,46.5170203491564,-0.5));
#11528=CARTESIAN_POINT('Ctrl Pts',(5.23027694575117,46.667842671063,-0.5));
#11529=CARTESIAN_POINT('Ctrl Pts',(4.72160222363128,46.6786874751875,-0.5));
#11530=CARTESIAN_POINT('Ctrl Pts',(4.25141256735998,46.5477857274438,-0.5));
#11531=CARTESIAN_POINT('Ctrl Pts',(4.11731151343508,47.0294670612489,-5.55111512312578E-16));
#11532=CARTESIAN_POINT('Ctrl Pts',(4.68153910096065,47.1865491585413,7.3898958687499E-17));
#11533=CARTESIAN_POINT('Ctrl Pts',(5.29108618206148,47.1664624197653,0.0833333333333274));
#11534=CARTESIAN_POINT('Ctrl Pts',(5.84680775567647,46.9858975348763,0.0833333333333285));
#11535=CARTESIAN_POINT('Origin',(21.962560880848,38.602538496993,-0.25));
#11536=CARTESIAN_POINT('',(21.1900183949106,36.2248972062551,-0.500000000000001));
#11537=CARTESIAN_POINT('',(22.7671672043974,35.7124504941625,0.));
#11538=CARTESIAN_POINT('Ctrl Pts',(22.7671672043996,35.7124504941618,1.26093580021831E-12));
#11539=CARTESIAN_POINT('Ctrl Pts',(21.9069042174054,35.9919668825764,-0.499999999999985));
#11540=CARTESIAN_POINT('Ctrl Pts',(21.1900183949106,36.2248972062551,-0.499999999999986));
#11541=CARTESIAN_POINT('',(23.9206369603681,40.1568673125307,-0.500000000000001));
#11542=CARTESIAN_POINT('Origin',(21.962560880848,38.602538496993,-0.500000000000001));
#11543=CARTESIAN_POINT('',(24.3122521762722,40.4677330756383,-5.55111512312578E-16));
#11544=CARTESIAN_POINT('',(23.9206369603681,40.1568673125307,-0.500000000000001));
#11545=CARTESIAN_POINT('Origin',(21.962560880848,38.602538496993,2.77555756156289E-16));
#11546=CARTESIAN_POINT('Ctrl Pts',(22.7351033667854,40.9801797877308,-0.5));
#11547=CARTESIAN_POINT('Ctrl Pts',(23.199286743956,40.8293574658242,-0.5));
#11548=CARTESIAN_POINT('Ctrl Pts',(23.6171876546883,40.5391395967855,-0.5));
#11549=CARTESIAN_POINT('Ctrl Pts',(23.9206369603681,40.1568673125307,-0.5));
#11550=CARTESIAN_POINT('Ctrl Pts',(22.7858858443703,41.1364721829708,-0.305555555555555));
#11551=CARTESIAN_POINT('Ctrl Pts',(23.280581953689,40.9757356734033,-0.305555555555555));
#11552=CARTESIAN_POINT('Ctrl Pts',(23.7274961062777,40.6682463367717,-0.333333333333333));
#11553=CARTESIAN_POINT('Ctrl Pts',(24.0511753656695,40.2604892335666,-0.333333333333334));
#11554=CARTESIAN_POINT('Ctrl Pts',(22.8366683219551,41.2927645782108,-0.111111111111109));
#11555=CARTESIAN_POINT('Ctrl Pts',(23.361877163422,41.1221138809825,-0.111111111111109));
#11556=CARTESIAN_POINT('Ctrl Pts',(23.8378045578671,40.7973530767578,-0.166666666666667));
#11557=CARTESIAN_POINT('Ctrl Pts',(24.1817137709708,40.3641111546025,-0.166666666666667));
#11558=CARTESIAN_POINT('Ctrl Pts',(22.88745079954,41.4490569734508,0.0833333333333365));
#11559=CARTESIAN_POINT('Ctrl Pts',(23.443172373155,41.2684920885617,0.0833333333333364));
#11560=CARTESIAN_POINT('Ctrl Pts',(23.9481130094564,40.926459816744,-4.05347114455408E-16));
#11561=CARTESIAN_POINT('Ctrl Pts',(24.3122521762722,40.4677330756383,-5.55111512312578E-16));
#11562=CARTESIAN_POINT('Ctrl Pts',(23.9206369603681,40.1568673125307,-0.5));
#11563=CARTESIAN_POINT('Ctrl Pts',(23.6171876546883,40.5391395967855,-0.5));
#11564=CARTESIAN_POINT('Ctrl Pts',(23.199286743956,40.8293574658242,-0.5));
#11565=CARTESIAN_POINT('Ctrl Pts',(22.7351033667854,40.9801797877308,-0.5));
#11566=CARTESIAN_POINT('Ctrl Pts',(22.88745079954,41.4490569734508,0.0833333333333365));
#11567=CARTESIAN_POINT('Ctrl Pts',(23.443172373155,41.2684920885617,0.0833333333333364));
#11568=CARTESIAN_POINT('Ctrl Pts',(23.9481130094564,40.926459816744,-4.05347114455408E-16));
#11569=CARTESIAN_POINT('Ctrl Pts',(24.3122521762722,40.4677330756383,-5.55111512312578E-16));
#11570=CARTESIAN_POINT('Origin',(4.92191783698447,44.1393790584185,0.));
#11571=CARTESIAN_POINT('',(5.69446032292184,46.5170203491564,-2.));
#11572=CARTESIAN_POINT('',(5.69446032292184,46.5170203491564,0.));
#11573=CARTESIAN_POINT('',(4.1493753510471,41.7617377676806,-2.));
#11574=CARTESIAN_POINT('Origin',(4.92191783698447,44.1393790584185,-2.));
#11575=CARTESIAN_POINT('',(4.1493753510471,41.7617377676806,0.));
#11576=CARTESIAN_POINT('Origin',(3.31681903218396,47.2895628350937,0.));
#11577=CARTESIAN_POINT('',(22.7351033667854,40.9801797877309,-2.));
#11578=CARTESIAN_POINT('',(22.7351033667854,40.9801797877309,0.));
#11579=CARTESIAN_POINT('',(8.76580043851878,45.5190814517687,-2.));
#11580=CARTESIAN_POINT('Origin',(21.962560880848,38.602538496993,0.));
#11581=CARTESIAN_POINT('',(21.1900183949106,36.2248972062551,-2.));
#11582=CARTESIAN_POINT('',(21.1900183949106,36.2248972062551,0.));
#11583=CARTESIAN_POINT('Origin',(21.962560880848,38.602538496993,-2.));
#11584=CARTESIAN_POINT('Origin',(26.1206104097469,41.4573552040948,0.));
#11585=CARTESIAN_POINT('',(1.77173406030921,42.534280253618,0.));
#11586=CARTESIAN_POINT('',(12.7841051751822,38.9561439761694,0.));
#11587=CARTESIAN_POINT('',(1.44463210496069,42.3052409987198,0.));
#11588=CARTESIAN_POINT('Origin',(1.69447981171547,42.2965161245442,0.));
#11589=CARTESIAN_POINT('',(1.18705801246737,34.9292840469638,0.));
#11590=CARTESIAN_POINT('',(1.29636204584133,38.0593420315048,0.));
#11591=CARTESIAN_POINT('',(2.22261876143359,33.4503500274673,0.));
#11592=CARTESIAN_POINT('Origin',(2.68614425299602,34.87693480191,0.));
#11593=CARTESIAN_POINT('',(2.40525966420927,33.3910064008177,0.));
#11594=CARTESIAN_POINT('',(12.6585999663873,30.0594941844614,0.));
#11595=CARTESIAN_POINT('',(3.36831894708958,31.5008961348126,0.));
#11596=CARTESIAN_POINT('Origin',(1.94173417264685,31.964421626375,0.));
#11597=CARTESIAN_POINT('',(2.75028495833968,29.5987831022223,0.));
#11598=CARTESIAN_POINT('',(5.37692941052674,37.6827634907311,0.));
#11599=CARTESIAN_POINT('',(3.71334424121999,27.7086728362171,-5.55111512312578E-16));
#11600=CARTESIAN_POINT('Origin',(4.17686973278241,29.1352576106599,0.));
#11601=CARTESIAN_POINT('',(13.7584031663294,24.4448353416289,-5.55111512312578E-16));
#11602=CARTESIAN_POINT('',(17.56262923151,23.2087673641291,-5.55111512312578E-16));
#11603=CARTESIAN_POINT('',(15.6485134323346,25.4078946245092,0.));
#11604=CARTESIAN_POINT('Origin',(14.2219286578918,25.8714201160717,0.));
#11605=CARTESIAN_POINT('',(16.2665474210845,27.3100076570995,0.));
#11606=CARTESIAN_POINT('',(19.047700370459,35.8695163037559,0.));
#11607=CARTESIAN_POINT('',(18.005311068148,28.3136373555185,-1.11022302462516E-15));
#11608=CARTESIAN_POINT('Origin',(17.6931321955272,26.8464821655371,0.));
#11609=CARTESIAN_POINT('',(19.5610462996014,28.9420031902937,0.));
#11610=CARTESIAN_POINT('Origin',(18.3174899407688,29.7807925454998,0.));
#11611=CARTESIAN_POINT('',(23.6976648301935,35.0747923653762,0.));
#11612=CARTESIAN_POINT('',(25.6486999372439,37.9673208632872,0.));
#11613=CARTESIAN_POINT('',(23.5676596856485,35.4523547203177,0.));
#11614=CARTESIAN_POINT('Origin',(23.4904054370548,35.2145905912439,0.));
#11615=CARTESIAN_POINT('',(12.7841051751822,38.9561439761694,0.));
#11616=CARTESIAN_POINT('',(27.3214102513045,39.489998347982,-5.55111512312578E-16));
#11617=CARTESIAN_POINT('',(25.6570849181844,40.0307704296521,-5.55111512312578E-16));
#11618=CARTESIAN_POINT('',(29.1414822749348,34.2041253788014,-5.55111512312578E-16));
#11619=CARTESIAN_POINT('Origin',(26.2398507709922,36.161300540949,-5.55111512312578E-16));
#11620=CARTESIAN_POINT('',(20.9767722915259,22.0994450381731,7.45058059692383E-8));
#11621=CARTESIAN_POINT('',(32.2056284522418,38.7469089030942,-5.55111512312578E-16));
#11622=CARTESIAN_POINT('',(19.9402705222479,22.4362248781918,7.45058059692383E-8));
#11623=CARTESIAN_POINT('',(25.5978873026858,20.5979537524897,7.45058059692383E-8));
#11624=CARTESIAN_POINT('',(18.3951855503732,17.680942296716,0.));
#11625=CARTESIAN_POINT('',(18.3951855503732,17.680942296716,0.));
#11626=CARTESIAN_POINT('',(-4.01360808657325,24.9620007181785,0.));
#11627=CARTESIAN_POINT('',(-4.48913634472083,25.116509215366,0.));
#11628=CARTESIAN_POINT('',(-2.46852311469851,29.7172832996543,7.45058059692383E-8));
#11629=CARTESIAN_POINT('',(-4.01360808657325,24.9620007181785,0.));
#11630=CARTESIAN_POINT('',(-3.98083739369177,30.2086639957935,7.45058059692383E-8));
#11631=CARTESIAN_POINT('',(25.5978873026858,20.5979537524897,7.45058059692383E-8));
#11632=CARTESIAN_POINT('',(-3.4712739364764,44.8006522203309,-5.55111512312578E-16));
#11633=CARTESIAN_POINT('',(-3.75883327973737,36.5660300328408,-5.55111512312578E-16));
#11634=CARTESIAN_POINT('',(1.10815343840274,48.0072017889052,-5.55111512312578E-16));
#11635=CARTESIAN_POINT('Origin',(0.0265939580904281,44.6785039818722,-5.55111512312578E-16));
#11636=CARTESIAN_POINT('',(25.6570849181844,40.0307704296521,-5.55111512312578E-16));
#11637=CARTESIAN_POINT('Origin',(18.3174899407688,29.7807925454998,5.00000007450581));
#11638=CARTESIAN_POINT('',(18.005311068148,28.3136373555185,5.00000007450581));
#11639=CARTESIAN_POINT('',(18.005311068148,28.3136373555185,5.00000007450581));
#11640=CARTESIAN_POINT('',(19.5610462996013,28.9420031902937,5.00000007450581));
#11641=CARTESIAN_POINT('Origin',(18.3174899407688,29.7807925454998,5.00000007450581));
#11642=CARTESIAN_POINT('',(19.5610462996013,28.9420031902937,5.00000007450581));
#11643=CARTESIAN_POINT('Origin',(23.883183341903,35.3498348697732,5.00000007450581));
#11644=CARTESIAN_POINT('',(23.6976648301935,35.0747923653762,5.00000007450581));
#11645=CARTESIAN_POINT('',(18.9295659529069,28.0057950759016,5.00000007450581));
#11646=CARTESIAN_POINT('',(23.6976648301935,35.0747923653762,4.00000007450581));
#11647=CARTESIAN_POINT('',(23.6976648301935,35.0747923653762,5.00000007450581));
#11648=CARTESIAN_POINT('',(23.5923193108938,34.9186112102547,4.00000007450581));
#11649=CARTESIAN_POINT('',(23.3201136415535,34.515049709483,4.00000007450581));
#11650=CARTESIAN_POINT('',(23.5923193108938,34.9186112102547,1.00000007450581));
#11651=CARTESIAN_POINT('',(23.5923193108938,34.9186112102547,4.50000007450581));
#11652=CARTESIAN_POINT('',(23.6976648301935,35.0747923653762,1.00000007450581));
#11653=CARTESIAN_POINT('',(23.3201136415535,34.515049709483,1.00000007450581));
#11654=CARTESIAN_POINT('',(23.6976648301935,35.0747923653762,5.00000007450581));
#11655=CARTESIAN_POINT('Origin',(17.6931321955272,26.8464821655371,5.00000007450581));
#11656=CARTESIAN_POINT('',(16.2665474210845,27.3100076570995,5.00000007450581));
#11657=CARTESIAN_POINT('',(16.2665474210845,27.3100076570995,5.00000007450581));
#11658=CARTESIAN_POINT('Origin',(17.6931321955272,26.8464821655371,5.00000007450581));
#11659=CARTESIAN_POINT('Origin',(16.7300729126469,28.7365924315423,5.00000007450581));
#11660=CARTESIAN_POINT('',(15.6485134323346,25.4078946245092,5.00000007450581));
#11661=CARTESIAN_POINT('',(15.6485134323346,25.4078946245092,5.00000007450581));
#11662=CARTESIAN_POINT('',(15.1849879407721,23.9813098500665,5.00000007450581));
#11663=CARTESIAN_POINT('Origin',(2.68614425299602,34.87693480191,5.00000007450581));
#11664=CARTESIAN_POINT('',(1.18705801246737,34.9292840469638,5.00000007450581));
#11665=CARTESIAN_POINT('',(2.22261876143359,33.4503500274673,5.00000007450581));
#11666=CARTESIAN_POINT('Origin',(2.68614425299602,34.87693480191,5.00000007450581));
#11667=CARTESIAN_POINT('',(2.22261876143359,33.4503500274673,5.00000007450581));
#11668=CARTESIAN_POINT('',(1.18705801246737,34.9292840469638,5.00000007450581));
#11669=CARTESIAN_POINT('Origin',(3.831844438652,32.9274809092553,5.00000007450581));
#11670=CARTESIAN_POINT('',(2.40525966420927,33.3910064008177,5.00000007450581));
#11671=CARTESIAN_POINT('',(12.6585999663873,30.0594941844614,5.00000007450581));
#11672=CARTESIAN_POINT('',(2.40525966420927,33.3910064008177,5.00000007450581));
#11673=CARTESIAN_POINT('Origin',(1.94173417264685,31.964421626375,5.00000007450581));
#11674=CARTESIAN_POINT('',(3.36831894708958,31.5008961348126,5.00000007450581));
#11675=CARTESIAN_POINT('Origin',(1.94173417264685,31.964421626375,5.00000007450581));
#11676=CARTESIAN_POINT('',(3.36831894708958,31.5008961348126,5.00000007450581));
#11677=CARTESIAN_POINT('Origin',(2.28675946677726,28.1721983277795,5.00000007450581));
#11678=CARTESIAN_POINT('',(2.75028495833968,29.5987831022223,5.00000007450581));
#11679=CARTESIAN_POINT('',(1.51421698083989,25.7945570370417,5.00000007450581));
#11680=CARTESIAN_POINT('',(2.75028495833968,29.5987831022223,5.00000007450581));
#11681=CARTESIAN_POINT('Origin',(4.17686973278241,29.1352576106599,5.00000007450581));
#11682=CARTESIAN_POINT('',(3.71334424121999,27.7086728362171,5.00000007450581));
#11683=CARTESIAN_POINT('Origin',(4.17686973278241,29.1352576106599,5.00000007450581));
#11684=CARTESIAN_POINT('',(3.71334424121999,27.7086728362171,5.00000007450581));
#11685=CARTESIAN_POINT('Origin',(15.1849879407721,23.9813098500665,5.00000007450581));
#11686=CARTESIAN_POINT('',(13.7584031663294,24.4448353416289,5.00000007450581));
#11687=CARTESIAN_POINT('',(17.56262923151,23.2087673641291,5.00000007450581));
#11688=CARTESIAN_POINT('',(13.7584031663294,24.4448353416289,5.00000007450581));
#11689=CARTESIAN_POINT('Origin',(14.2219286578918,25.8714201160717,5.00000007450581));
#11690=CARTESIAN_POINT('Origin',(14.2219286578918,25.8714201160717,5.00000007450581));
#11691=CARTESIAN_POINT('Origin',(1.69447981171547,42.2965161245442,5.00000007450581));
#11692=CARTESIAN_POINT('',(1.4446321049607,42.3052409987198,4.00000007450581));
#11693=CARTESIAN_POINT('',(1.77173406030921,42.534280253618,4.00000007450581));
#11694=CARTESIAN_POINT('Origin',(1.69447981171547,42.2965161245442,4.00000007450581));
#11695=CARTESIAN_POINT('',(1.77173406030921,42.534280253618,5.00000007450581));
#11696=CARTESIAN_POINT('',(1.77173406030921,42.534280253618,5.00000007450581));
#11697=CARTESIAN_POINT('',(1.4446321049607,42.3052409987198,5.00000007450581));
#11698=CARTESIAN_POINT('Origin',(1.69447981171547,42.2965161245442,5.00000007450581));
#11699=CARTESIAN_POINT('',(1.4446321049607,42.3052409987198,5.00000007450581));
#11700=CARTESIAN_POINT('Origin',(1.45621040405475,42.6368001041625,5.00000007450581));
#11701=CARTESIAN_POINT('',(23.5676596856485,35.4523547203177,4.00000007450581));
#11702=CARTESIAN_POINT('',(7.12243020223121,40.7957336885501,4.00000007450581));
#11703=CARTESIAN_POINT('',(23.5676596856485,35.4523547203177,5.00000007450581));
#11704=CARTESIAN_POINT('',(23.5676596856485,35.4523547203177,5.00000007450581));
#11705=CARTESIAN_POINT('',(12.7841051751822,38.9561439761694,5.00000007450581));
#11706=CARTESIAN_POINT('Origin',(23.4904054370548,35.2145905912439,5.00000007450581));
#11707=CARTESIAN_POINT('',(23.5676596856485,35.4523547203177,1.00000007450581));
#11708=CARTESIAN_POINT('Origin',(23.4904054370548,35.2145905912439,1.00000007450581));
#11709=CARTESIAN_POINT('',(23.5676596856485,35.4523547203177,5.00000007450581));
#11710=CARTESIAN_POINT('Origin',(23.4904054370548,35.2145905912439,5.00000007450581));
#11711=CARTESIAN_POINT('Origin',(23.4904054370548,35.2145905912439,4.00000007450581));
#11712=CARTESIAN_POINT('Origin',(23.4904054370548,35.2145905912439,5.00000007450581));
#11713=CARTESIAN_POINT('Origin',(1.69447981171547,42.2965161245442,5.00000007450581));
#11714=CARTESIAN_POINT('',(1.77173406030921,42.534280253618,1.00000007450581));
#11715=CARTESIAN_POINT('',(1.4446321049607,42.3052409987198,1.00000007450581));
#11716=CARTESIAN_POINT('Origin',(1.69447981171547,42.2965161245442,1.00000007450581));
#11717=CARTESIAN_POINT('',(1.4446321049607,42.3052409987198,5.00000007450581));
#11718=CARTESIAN_POINT('',(1.77173406030921,42.534280253618,5.00000007450581));
#11719=CARTESIAN_POINT('Origin',(1.1476100268373,33.7996415389601,5.00000007450581));
#11720=CARTESIAN_POINT('',(1.43805744068901,42.1169672473859,1.00000007450581));
#11721=CARTESIAN_POINT('',(1.26556559659494,37.1774471106707,1.00000007450581));
#11722=CARTESIAN_POINT('',(1.43805744068901,42.1169672473859,4.00000007450581));
#11723=CARTESIAN_POINT('',(1.43805744068901,42.1169672473859,4.50000007450581));
#11724=CARTESIAN_POINT('',(1.26556559659494,37.1774471106707,4.00000007450581));
#11725=CARTESIAN_POINT('',(0.877017678495838,26.0508905154351,5.00000007450581));
#11726=CARTESIAN_POINT('Origin',(13.1749212433764,40.1434879183066,1.00000007450581));
#11727=CARTESIAN_POINT('',(7.12243020223121,40.7957336885501,1.00000007450581));
#11728=CARTESIAN_POINT('',(29.9384367690554,32.8566326534904,1.00000007450581));
#11729=CARTESIAN_POINT('',(31.6552718291233,32.2987991272912,1.00000007450581));
#11730=CARTESIAN_POINT('',(30.3139184755973,33.4133071760001,1.00000007450581));
#11731=CARTESIAN_POINT('',(33.3780646529043,37.9560907002929,1.00000007450581));
#11732=CARTESIAN_POINT('',(31.1540255959053,36.1417816859602,1.00000007450581));
#11733=CARTESIAN_POINT('Origin',(26.2398507709922,36.161300540949,1.00000007450581));
#11734=CARTESIAN_POINT('',(-3.96052988369786,47.5511923857464,1.00000007450581));
#11735=CARTESIAN_POINT('',(-5.30542934237056,47.9881767093221,1.00000007450581));
#11736=CARTESIAN_POINT('',(-4.88462602448381,44.8500075628069,1.00000007450581));
#11737=CARTESIAN_POINT('Origin',(0.0265939580904281,44.6785039818722,1.00000007450581));
#11738=CARTESIAN_POINT('',(-4.90806001747259,44.1789458041501,1.00000007450581));
#11739=CARTESIAN_POINT('',(-5.17218536774478,36.6153853753168,1.00000007450581));
#11740=CARTESIAN_POINT('',(31.6552718291233,32.2987991272912,1.00000007450581));
#11741=CARTESIAN_POINT('Origin',(31.6552718291233,32.2987991272912,4.00000007450581));
#11742=CARTESIAN_POINT('',(29.9384367429933,32.8566326619585,4.00000007450581));
#11743=CARTESIAN_POINT('',(31.6552718291233,32.2987991272912,4.00000007450581));
#11744=CARTESIAN_POINT('',(30.023312433827,32.8290548782753,3.50000007450581));
#11745=CARTESIAN_POINT('Origin',(28.5392370977655,33.3112601856551,3.50000007450581));
#11746=CARTESIAN_POINT('',(30.023312433827,32.8290548782753,1.5));
#11747=CARTESIAN_POINT('',(30.023312433827,32.8290548782753,4.50000007450581));
#11748=CARTESIAN_POINT('Origin',(28.5392370977655,33.3112601856551,1.5));
#11749=CARTESIAN_POINT('Origin',(31.6552718291233,32.2987991272912,4.00000007450581));
#11750=CARTESIAN_POINT('',(-4.99293568224425,44.2065235793652,1.5));
#11751=CARTESIAN_POINT('Origin',(-3.50886034618272,43.7243182719854,1.5));
#11752=CARTESIAN_POINT('',(-4.99293568224425,44.2065235793652,3.50000007450581));
#11753=CARTESIAN_POINT('',(-4.99293568224425,44.2065235793652,4.50000007450581));
#11754=CARTESIAN_POINT('',(-4.90805999141048,44.178945795682,4.00000007450581));
#11755=CARTESIAN_POINT('Origin',(-3.50886034618273,43.7243182719854,3.50000007450581));
#11756=CARTESIAN_POINT('',(31.6552718291233,32.2987991272912,4.00000007450581));
#11757=CARTESIAN_POINT('Origin',(-5.30542934237056,47.9881767093221,4.00000007450581));
#11758=CARTESIAN_POINT('',(-4.04613101863207,47.5790058805064,1.5));
#11759=CARTESIAN_POINT('Ctrl Pts',(-3.96052988369786,47.5511923857464,1.00000007450581));
#11760=CARTESIAN_POINT('Ctrl Pts',(-4.01538493505016,47.5690158723686,1.15535262592311));
#11761=CARTESIAN_POINT('Ctrl Pts',(-4.04613101863207,47.5790058805064,1.34029127790363));
#11762=CARTESIAN_POINT('Ctrl Pts',(-4.04613101863207,47.5790058805064,1.5));
#11763=CARTESIAN_POINT('',(31.2396267308395,36.1139681912002,1.5));
#11764=CARTESIAN_POINT('Ctrl Pts',(31.2396267308395,36.1139681912002,1.5));
#11765=CARTESIAN_POINT('Ctrl Pts',(31.2396267308395,36.1139681912002,1.34029127790363));
#11766=CARTESIAN_POINT('Ctrl Pts',(31.2088806472576,36.123958199338,1.15535262592311));
#11767=CARTESIAN_POINT('Ctrl Pts',(31.1540255959053,36.1417816859602,1.00000007450581));
#11768=CARTESIAN_POINT('',(31.2396267308395,36.1139681912002,3.50000007450581));
#11769=CARTESIAN_POINT('',(31.2396267308395,36.1139681912002,5.00000007450581));
#11770=CARTESIAN_POINT('',(31.1540255695972,36.1417816945082,4.00000007450581));
#11771=CARTESIAN_POINT('Ctrl Pts',(31.1540255695972,36.1417816945082,4.00000007450581));
#11772=CARTESIAN_POINT('Ctrl Pts',(31.2088806357964,36.1239582030619,3.84464750716986));
#11773=CARTESIAN_POINT('Ctrl Pts',(31.2396267308395,36.1139681912002,3.65970882212711));
#11774=CARTESIAN_POINT('Ctrl Pts',(31.2396267308395,36.1139681912002,3.50000007450581));
#11775=CARTESIAN_POINT('',(-3.96052985738982,47.5511923771984,4.00000007450581));
#11776=CARTESIAN_POINT('',(-5.30542934237056,47.9881767093221,4.00000007450581));
#11777=CARTESIAN_POINT('',(-4.04613101863207,47.5790058805064,3.50000007450581));
#11778=CARTESIAN_POINT('Ctrl Pts',(-4.04613101863207,47.5790058805064,3.50000007450581));
#11779=CARTESIAN_POINT('Ctrl Pts',(-4.04613101863207,47.5790058805064,3.65970882212711));
#11780=CARTESIAN_POINT('Ctrl Pts',(-4.01538492358901,47.5690158686446,3.84464750716986));
#11781=CARTESIAN_POINT('Ctrl Pts',(-3.96052985738983,47.5511923771984,4.00000007450581));
#11782=CARTESIAN_POINT('',(-4.04613101863207,47.5790058805064,5.00000007450581));
#11783=CARTESIAN_POINT('Origin',(13.1749212433764,40.1434879183066,4.00000007450581));
#11784=CARTESIAN_POINT('',(-4.88462599815808,44.8500075618876,4.00000007450581));
#11785=CARTESIAN_POINT('',(-5.59152970876455,24.6069338583278,4.00000007450581));
#11786=CARTESIAN_POINT('Origin',(0.0265939580904281,44.6785039818722,4.00000007450581));
#11787=CARTESIAN_POINT('',(30.313918453759,33.4133071907302,4.00000007450581));
#11788=CARTESIAN_POINT('Origin',(26.2398507709922,36.161300540949,4.00000007450581));
#11789=CARTESIAN_POINT('',(26.6589306467289,27.9945649276375,4.00000007450581));
#11790=CARTESIAN_POINT('Origin',(-3.75883327973737,36.5660300328408,1.5));
#11791=CARTESIAN_POINT('Origin',(-3.4712739364764,44.8006522203309,1.5));
#11792=CARTESIAN_POINT('',(-5.4649127297533,30.6908693031733,1.5));
#11793=CARTESIAN_POINT('Origin',(-3.98083739369177,30.2086639957935,1.5));
#11794=CARTESIAN_POINT('',(-5.25791952026602,36.6183792778946,1.5));
#11795=CARTESIAN_POINT('Origin',(0.0265939580904281,44.6785039818722,1.5));
#11796=CARTESIAN_POINT('',(1.57167892996517,49.4337865633479,1.5));
#11797=CARTESIAN_POINT('Origin',(0.0265939580904281,44.6785039818722,1.5));
#11798=CARTESIAN_POINT('Origin',(1.10815343840274,48.0072017889052,1.5));
#11799=CARTESIAN_POINT('Origin',(0.0265939580904281,44.6785039818722,5.00000007450581));
#11800=CARTESIAN_POINT('',(1.57167892996517,49.4337865633479,3.50000007450581));
#11801=CARTESIAN_POINT('Origin',(0.0265939580904281,44.6785039818722,3.50000007450581));
#11802=CARTESIAN_POINT('',(1.57167892996517,49.4337865633479,5.00000007450581));
#11803=CARTESIAN_POINT('Origin',(34.095408867956,38.8661861115349,5.00000007450581));
#11804=CARTESIAN_POINT('',(22.4608476275875,21.6172397307932,3.50000007450581));
#11805=CARTESIAN_POINT('',(26.7300508267373,27.9465937605025,3.50000007450581));
#11806=CARTESIAN_POINT('',(22.4608476275875,21.6172397307932,1.5));
#11807=CARTESIAN_POINT('',(22.4608476275875,21.6172397307932,5.00000007450581));
#11808=CARTESIAN_POINT('',(33.4491848110743,37.9081195478881,1.5));
#11809=CARTESIAN_POINT('Origin',(25.4864944679047,28.7853831157086,3.50000007450581));
#11810=CARTESIAN_POINT('',(29.1414822749348,34.2041253788014,5.00000007450581));
#11811=CARTESIAN_POINT('Origin',(29.1414822749348,34.2041253788014,3.50000007450581));
#11812=CARTESIAN_POINT('',(20.9767722915259,22.0994450381731,5.00000007450581));
#11813=CARTESIAN_POINT('',(25.4864944679047,28.7853831157086,5.00000007450581));
#11814=CARTESIAN_POINT('Origin',(20.9767722915259,22.0994450381731,3.50000007450581));
#11815=CARTESIAN_POINT('Origin',(26.2398507709922,36.161300540949,3.50000007450581));
#11816=CARTESIAN_POINT('',(27.7849357428669,40.9165831224247,3.50000007450581));
#11817=CARTESIAN_POINT('Origin',(26.2398507709922,36.161300540949,3.50000007450581));
#11818=CARTESIAN_POINT('',(27.3214102513045,39.489998347982,5.00000007450581));
#11819=CARTESIAN_POINT('Origin',(27.3214102513045,39.489998347982,3.50000007450581));
#11820=CARTESIAN_POINT('Origin',(26.2398507709922,36.161300540949,5.00000007450581));
#11821=CARTESIAN_POINT('Origin',(25.6570849181844,40.0307704296521,1.5));
#11822=CARTESIAN_POINT('',(27.7849357428669,40.9165831224247,1.5));
#11823=CARTESIAN_POINT('',(26.1206104097469,41.4573552040948,1.5));
#11824=CARTESIAN_POINT('Origin',(27.3214102513045,39.489998347982,1.5));
#11825=CARTESIAN_POINT('Origin',(26.2398507709922,36.161300540949,1.5));
#11826=CARTESIAN_POINT('Origin',(29.1414822749348,34.2041253788014,1.5));
#11827=CARTESIAN_POINT('Origin',(26.2398507709922,36.161300540949,1.5));
#11828=CARTESIAN_POINT('Origin',(32.2056284522418,38.7469089030942,1.5));
#11829=CARTESIAN_POINT('Origin',(20.9767722915259,22.0994450381731,1.5));
#11830=CARTESIAN_POINT('Origin',(22.4608476275875,21.6172397307932,5.00000007450581));
#11831=CARTESIAN_POINT('',(19.9402705222479,22.4362248781918,5.00000007450581));
#11832=CARTESIAN_POINT('',(25.5978873026858,20.5979537524897,5.00000007450581));
#11833=CARTESIAN_POINT('',(19.9402705222479,22.4362248781918,3.7500000372529));
#11834=CARTESIAN_POINT('Origin',(-4.17817764708287,24.5575785167711,3.50000007450581));
#11835=CARTESIAN_POINT('',(-5.4649127297533,30.6908693031733,3.50000007450581));
#11836=CARTESIAN_POINT('',(-5.67726388761152,24.6099277618249,3.50000007450581));
#11837=CARTESIAN_POINT('',(-3.98083739369178,30.2086639957935,5.00000007450581));
#11838=CARTESIAN_POINT('Origin',(-3.98083739369178,30.2086639957935,3.50000007450581));
#11839=CARTESIAN_POINT('',(-3.47127393647641,44.8006522203309,5.00000007450581));
#11840=CARTESIAN_POINT('',(-4.17817764708287,24.5575785167711,5.00000007450581));
#11841=CARTESIAN_POINT('Origin',(-3.47127393647641,44.8006522203309,3.50000007450581));
#11842=CARTESIAN_POINT('Origin',(0.0265939580904281,44.6785039818722,3.50000007450581));
#11843=CARTESIAN_POINT('',(1.10815343840274,48.0072017889052,5.00000007450581));
#11844=CARTESIAN_POINT('Origin',(0.0265939580904281,44.6785039818722,5.00000007450581));
#11845=CARTESIAN_POINT('Origin',(1.10815343840274,48.0072017889052,3.50000007450581));
#11846=CARTESIAN_POINT('Origin',(25.6570849181844,40.0307704296521,3.50000007450581));
#11847=CARTESIAN_POINT('',(26.1206104097469,41.4573552040948,3.50000007450581));
#11848=CARTESIAN_POINT('',(25.6570849181844,40.0307704296521,5.00000007450581));
#11849=CARTESIAN_POINT('Origin',(18.3951855503732,17.680942296716,5.00000007450581));
#11850=CARTESIAN_POINT('',(-2.46852311469851,29.7172832996543,5.00000007450581));
#11851=CARTESIAN_POINT('',(25.5978873026858,20.5979537524897,5.00000007450581));
#11852=CARTESIAN_POINT('',(-4.01360808657325,24.9620007181785,5.00000007450581));
#11853=CARTESIAN_POINT('',(-4.01360808657325,24.9620007181785,5.00000007450581));
#11854=CARTESIAN_POINT('',(18.3951855503732,17.680942296716,5.));
#11855=CARTESIAN_POINT('',(-4.48913634472083,25.116509215366,5.00000007450581));
#11856=CARTESIAN_POINT('',(18.3951855503732,17.680942296716,5.00000007450581));
#11857=CARTESIAN_POINT('Origin',(-2.46852311469851,29.7172832996543,5.00000007450581));
#11858=CARTESIAN_POINT('',(-2.46852311469851,29.7172832996543,3.75000005587936));
#11859=CARTESIAN_POINT('',(-5.4649127297533,30.6908693031733,5.00000007450581));
#11860=CARTESIAN_POINT('Origin',(-5.4649127297533,30.6908693031733,5.00000007450581));
#11861=CARTESIAN_POINT('Origin',(26.1206104097469,41.4573552040948,5.00000007450581));
#11862=CARTESIAN_POINT('',(27.7849357428669,40.9165831224247,5.00000007450581));
#11863=CARTESIAN_POINT('Origin',(26.2398507709922,36.161300540949,5.00000007450581));
#11864=CARTESIAN_POINT('Origin',(-0.150895656886405,36.8502071718679,2.5000000372529));
#11865=CARTESIAN_POINT('Origin',(-4.01360808657325,24.9620007181785,2.5));
#11866=CARTESIAN_POINT('Origin',(-4.48913634472083,25.116509215366,2.5));
#11867=CARTESIAN_POINT('',(17.7771515616233,15.7788292641257,2.5));
#11868=CARTESIAN_POINT('Origin',(18.3951855503732,17.680942296716,2.5));
#11869=CARTESIAN_POINT('',(-5.10717033347072,23.2143961827757,2.5));
#11870=CARTESIAN_POINT('',(-5.10717033347072,23.2143961827757,2.5));
#11871=CARTESIAN_POINT('Origin',(-4.48913634472083,25.116509215366,2.5));
#11872=CARTESIAN_POINT('Origin',(-4.48913634472083,25.116509215366,2.5));
#11873=CARTESIAN_POINT('',(17.6226430644358,15.3033010059781,2.5));
#11874=CARTESIAN_POINT('Origin',(18.3951855503732,17.680942296716,2.5));
#11875=CARTESIAN_POINT('',(-5.2616788306582,22.7388679246281,2.5));
#11876=CARTESIAN_POINT('',(-5.2616788306582,22.7388679246281,2.5));
#11877=CARTESIAN_POINT('Origin',(-4.48913634472083,25.116509215366,2.5));
#11878=CARTESIAN_POINT('Origin',(18.3951855503732,17.680942296716,2.5));
#11879=CARTESIAN_POINT('Origin',(18.3951855503732,17.680942296716,2.5));
#11880=CARTESIAN_POINT('Origin',(-4.48913634472083,25.116509215366,2.5));
#11881=CARTESIAN_POINT('Origin',(8.68854618992505,45.2813173226949,-2.25));
#11882=CARTESIAN_POINT('',(22.5805948695979,40.5046515295833,-2.5));
#11883=CARTESIAN_POINT('',(22.7351033667854,40.9801797877309,-2.));
#11884=CARTESIAN_POINT('',(5.53995182573437,46.0414920910088,-2.5));
#11885=CARTESIAN_POINT('',(8.61129194133131,45.0435531936211,-2.5));
#11886=CARTESIAN_POINT('',(5.53995182573437,46.0414920910088,-2.5));
#11887=CARTESIAN_POINT('Origin',(21.962560880848,38.602538496993,-2.25));
#11888=CARTESIAN_POINT('',(21.3445268920981,36.7004254644027,-2.5));
#11889=CARTESIAN_POINT('',(21.1900183949106,36.2248972062551,-2.));
#11890=CARTESIAN_POINT('Origin',(21.962560880848,38.602538496993,-2.5));
#11891=CARTESIAN_POINT('Origin',(18.1959325279074,37.4606002327165,-2.25));
#11892=CARTESIAN_POINT('',(4.30388384823457,42.2372660258282,-2.5));
#11893=CARTESIAN_POINT('',(4.1493753510471,41.7617377676806,-2.));
#11894=CARTESIAN_POINT('',(18.2731867765012,37.6983643617903,-2.5));
#11895=CARTESIAN_POINT('',(18.1186782793137,37.2228361036428,-2.));
#11896=CARTESIAN_POINT('Origin',(4.92191783698447,44.1393790584185,-2.25));
#11897=CARTESIAN_POINT('Origin',(4.92191783698447,44.1393790584185,-2.5));
#11898=CARTESIAN_POINT('Origin',(13.4422393589162,41.3709587777057,-2.5));
#11899=CARTESIAN_POINT('Origin',(23.5676596856485,35.4523547203177,0.));
#11900=CARTESIAN_POINT('Origin',(-40.4580878221854,18.3208402817424,-0.25));
#11901=CARTESIAN_POINT('',(-38.435545336248,16.8513771510112,-0.5));
#11902=CARTESIAN_POINT('',(-39.4102769058273,15.5097742413298,0.));
#11903=CARTESIAN_POINT('Ctrl Pts',(-38.435545336248,16.8513771510112,-0.499999999999993));
#11904=CARTESIAN_POINT('Ctrl Pts',(-38.8786051406021,16.2415576466108,-0.499999999999995));
#11905=CARTESIAN_POINT('Ctrl Pts',(-39.4102769058269,15.5097742413303,-2.83959233323261E-13));
#11906=CARTESIAN_POINT('',(-43.455361877702,18.4487005027922,0.));
#11907=CARTESIAN_POINT('Origin',(-40.4580878221854,18.3208402817424,0.));
#11908=CARTESIAN_POINT('',(-42.9558162017825,18.4273904659506,-0.5));
#11909=CARTESIAN_POINT('',(-43.455361877702,18.4487005027922,0.));
#11910=CARTESIAN_POINT('Origin',(-40.4580878221854,18.3208402817424,-0.5));
#11911=CARTESIAN_POINT('Origin',(-30.3424751821211,36.9164171799242,-0.208333333333332));
#11912=CARTESIAN_POINT('',(-42.4806303081227,19.7903034124736,-0.5));
#11913=CARTESIAN_POINT('',(-42.8794810651732,20.0800854497979,0.0833333333333353));
#11914=CARTESIAN_POINT('',(-42.4806303081227,19.7903034124736,-0.5));
#11915=CARTESIAN_POINT('',(-32.3477844739111,34.575722229899,0.0833333333333353));
#11916=CARTESIAN_POINT('',(-30.5419005606463,37.0613081985863,0.0833333333333353));
#11917=CARTESIAN_POINT('',(-31.9489337168606,34.2859401925747,-0.5));
#11918=CARTESIAN_POINT('',(-32.3477844739111,34.575722229899,0.0833333333333353));
#11919=CARTESIAN_POINT('',(-30.1430498035958,36.771526161262,-0.5));
#11920=CARTESIAN_POINT('Ctrl Pts',(-42.9558162017825,18.4273904659506,-0.5));
#11921=CARTESIAN_POINT('Ctrl Pts',(-42.9350145676014,18.9150182670882,-0.5));
#11922=CARTESIAN_POINT('Ctrl Pts',(-42.7675114122269,19.3954454474598,-0.5));
#11923=CARTESIAN_POINT('Ctrl Pts',(-42.4806303081227,19.7903034124736,-0.5));
#11924=CARTESIAN_POINT('Ctrl Pts',(-43.122331427089,18.4344938115645,-0.333333333333333));
#11925=CARTESIAN_POINT('Ctrl Pts',(-43.1001430172958,18.9546301327779,-0.333333333333334));
#11926=CARTESIAN_POINT('Ctrl Pts',(-42.9193195701342,19.4660837796344,-0.305555555555556));
#11927=CARTESIAN_POINT('Ctrl Pts',(-42.6135805604729,19.886897424915,-0.305555555555556));
#11928=CARTESIAN_POINT('Ctrl Pts',(-43.2888466523955,18.4415971571783,-0.166666666666667));
#11929=CARTESIAN_POINT('Ctrl Pts',(-43.2652714669902,18.9942419984676,-0.166666666666668));
#11930=CARTESIAN_POINT('Ctrl Pts',(-43.0711277280415,19.536722111809,-0.111111111111112));
#11931=CARTESIAN_POINT('Ctrl Pts',(-42.746530812823,19.9834914373565,-0.111111111111112));
#11932=CARTESIAN_POINT('Ctrl Pts',(-43.455361877702,18.4487005027922,0.));
#11933=CARTESIAN_POINT('Ctrl Pts',(-43.4303999166846,19.0338538641573,-1.43773821942881E-15));
#11934=CARTESIAN_POINT('Ctrl Pts',(-43.2229358859488,19.6073604439836,0.0833333333333327));
#11935=CARTESIAN_POINT('Ctrl Pts',(-42.8794810651732,20.0800854497979,0.083333333333332));
#11936=CARTESIAN_POINT('Ctrl Pts',(-42.4806303081227,19.7903034124736,-0.5));
#11937=CARTESIAN_POINT('Ctrl Pts',(-42.7675114122269,19.3954454474598,-0.5));
#11938=CARTESIAN_POINT('Ctrl Pts',(-42.9350145676014,18.9150182670882,-0.5));
#11939=CARTESIAN_POINT('Ctrl Pts',(-42.9558162017825,18.4273904659506,-0.5));
#11940=CARTESIAN_POINT('Ctrl Pts',(-43.455361877702,18.4487005027922,0.));
#11941=CARTESIAN_POINT('Ctrl Pts',(-43.4303999166846,19.0338538641573,-1.43773821942881E-15));
#11942=CARTESIAN_POINT('Ctrl Pts',(-43.2229358859488,19.6073604439836,0.0833333333333327));
#11943=CARTESIAN_POINT('Ctrl Pts',(-42.8794810651732,20.0800854497979,0.083333333333332));
#11944=CARTESIAN_POINT('Origin',(-29.9263912309232,32.8164770618435,-0.25));
#11945=CARTESIAN_POINT('',(-27.9038487449859,31.3470139311123,-0.5));
#11946=CARTESIAN_POINT('',(-26.9291171754066,32.6886168407937,0.));
#11947=CARTESIAN_POINT('Ctrl Pts',(-26.9291171754053,32.6886168407955,1.27338310835979E-12));
#11948=CARTESIAN_POINT('Ctrl Pts',(-27.4607889406311,31.9568334355136,-0.499999999999977));
#11949=CARTESIAN_POINT('Ctrl Pts',(-27.9038487449858,31.3470139311123,-0.499999999999978));
#11950=CARTESIAN_POINT('',(-30.799566994555,35.1590320955206,-0.5));
#11951=CARTESIAN_POINT('Origin',(-29.9263912309232,32.8164770618435,-0.5));
#11952=CARTESIAN_POINT('',(-30.9742021472813,35.6275431022561,0.));
#11953=CARTESIAN_POINT('',(-30.799566994555,35.1590320955206,-0.5));
#11954=CARTESIAN_POINT('Origin',(-29.9263912309232,32.8164770618435,0.));
#11955=CARTESIAN_POINT('Ctrl Pts',(-31.9489337168606,34.2859401925747,-0.5));
#11956=CARTESIAN_POINT('Ctrl Pts',(-31.6620526127564,34.6807981575885,-0.5));
#11957=CARTESIAN_POINT('Ctrl Pts',(-31.2569005338808,34.9885632883019,-0.5));
#11958=CARTESIAN_POINT('Ctrl Pts',(-30.799566994555,35.1590320955206,-0.5));
#11959=CARTESIAN_POINT('Ctrl Pts',(-32.0818839692108,34.3825342050161,-0.305555555555554));
#11960=CARTESIAN_POINT('Ctrl Pts',(-31.7761449595494,34.8033478502967,-0.305555555555555));
#11961=CARTESIAN_POINT('Ctrl Pts',(-31.345601154078,35.1333690367324,-0.333333333333334));
#11962=CARTESIAN_POINT('Ctrl Pts',(-30.8577787121304,35.3152024310991,-0.333333333333333));
#11963=CARTESIAN_POINT('Ctrl Pts',(-32.2148342215609,34.4791282174575,-0.111111111111109));
#11964=CARTESIAN_POINT('Ctrl Pts',(-31.8902373063424,34.925897543005,-0.111111111111109));
#11965=CARTESIAN_POINT('Ctrl Pts',(-31.4343017742751,35.278174785163,-0.166666666666667));
#11966=CARTESIAN_POINT('Ctrl Pts',(-30.9159904297059,35.4713727666776,-0.166666666666667));
#11967=CARTESIAN_POINT('Ctrl Pts',(-32.3477844739111,34.575722229899,0.0833333333333366));
#11968=CARTESIAN_POINT('Ctrl Pts',(-32.0043296531354,35.0484472357133,0.0833333333333362));
#11969=CARTESIAN_POINT('Ctrl Pts',(-31.5230023944723,35.4229805335936,-1.0483507850002E-15));
#11970=CARTESIAN_POINT('Ctrl Pts',(-30.9742021472813,35.6275431022561,0.));
#11971=CARTESIAN_POINT('Ctrl Pts',(-30.799566994555,35.1590320955206,-0.5));
#11972=CARTESIAN_POINT('Ctrl Pts',(-31.2569005338808,34.9885632883019,-0.5));
#11973=CARTESIAN_POINT('Ctrl Pts',(-31.6620526127564,34.6807981575885,-0.5));
#11974=CARTESIAN_POINT('Ctrl Pts',(-31.9489337168606,34.2859401925747,-0.5));
#11975=CARTESIAN_POINT('Ctrl Pts',(-32.3477844739111,34.575722229899,0.0833333333333366));
#11976=CARTESIAN_POINT('Ctrl Pts',(-32.0043296531354,35.0484472357133,0.0833333333333362));
#11977=CARTESIAN_POINT('Ctrl Pts',(-31.5230023944723,35.4229805335936,-1.0483507850002E-15));
#11978=CARTESIAN_POINT('Ctrl Pts',(-30.9742021472813,35.6275431022561,0.));
#11979=CARTESIAN_POINT('Origin',(-40.4580878221854,18.3208402817424,0.));
#11980=CARTESIAN_POINT('',(-42.4806303081227,19.7903034124736,-2.));
#11981=CARTESIAN_POINT('',(-42.4806303081227,19.7903034124736,0.));
#11982=CARTESIAN_POINT('',(-38.435545336248,16.8513771510112,-2.));
#11983=CARTESIAN_POINT('Origin',(-40.4580878221854,18.3208402817424,-2.));
#11984=CARTESIAN_POINT('',(-38.435545336248,16.8513771510112,0.));
#11985=CARTESIAN_POINT('Origin',(-43.9500934388539,17.7677609265362,0.));
#11986=CARTESIAN_POINT('',(-31.9489337168606,34.2859401925747,-2.));
#11987=CARTESIAN_POINT('',(-31.9489337168606,34.2859401925747,0.));
#11988=CARTESIAN_POINT('',(-40.5824377256728,22.4029413645302,-2.));
#11989=CARTESIAN_POINT('Origin',(-29.9263912309232,32.8164770618435,0.));
#11990=CARTESIAN_POINT('',(-27.9038487449859,31.3470139311123,-2.));
#11991=CARTESIAN_POINT('',(-27.9038487449859,31.3470139311123,0.));
#11992=CARTESIAN_POINT('Origin',(-29.9263912309232,32.8164770618435,-2.));
#11993=CARTESIAN_POINT('Origin',(-31.3565752951583,37.6532040397007,0.));
#11994=CARTESIAN_POINT('',(-39.9050084669792,14.8288346650739,0.));
#11995=CARTESIAN_POINT('',(-33.0989888212601,24.1965170558132,0.));
#11996=CARTESIAN_POINT('',(-39.7882592542168,14.4469651968043,0.));
#11997=CARTESIAN_POINT('Origin',(-39.7027542183854,14.6818883520007,0.));
#11998=CARTESIAN_POINT('',(-32.8529021032279,11.922701629839,0.));
#11999=CARTESIAN_POINT('',(-35.795987341941,12.9938970536389,0.));
#12000=CARTESIAN_POINT('',(-31.126346396677,12.4505626825792,0.));
#12001=CARTESIAN_POINT('Origin',(-32.3398718882394,13.3322405610179,0.));
#12002=CARTESIAN_POINT('',(-31.0134681110256,12.6059263141635,0.));
#12003=CARTESIAN_POINT('',(-24.6765553060605,21.3279385305197,0.));
#12004=CARTESIAN_POINT('',(-28.9182647410245,12.9377739272872,0.));
#12005=CARTESIAN_POINT('Origin',(-29.7999426194632,11.7242484357247,0.));
#12006=CARTESIAN_POINT('',(-27.3002307522746,11.7622034227022,0.));
#12007=CARTESIAN_POINT('',(-34.1768752044617,16.7583780671882,0.));
#12008=CARTESIAN_POINT('',(-25.2050273822735,12.0940510358259,0.));
#12009=CARTESIAN_POINT('Origin',(-26.4185528738359,12.9757289142646,0.));
#12010=CARTESIAN_POINT('',(-18.9968395475604,20.6388885304141,0.));
#12011=CARTESIAN_POINT('',(-16.6456985383905,23.8749565079139,0.));
#12012=CARTESIAN_POINT('',(-19.3286871606841,22.7340919004152,0.));
#12013=CARTESIAN_POINT('Origin',(-20.2103650391228,21.5205664088528,0.));
#12014=CARTESIAN_POINT('',(-20.946721149434,23.9096624050002,0.));
#12015=CARTESIAN_POINT('',(-28.2278740988085,29.1997296756325,0.));
#12016=CARTESIAN_POINT('',(-21.3639221979186,25.8734635347079,0.));
#12017=CARTESIAN_POINT('Origin',(-20.0650432709953,25.1231878965626,0.));
#12018=CARTESIAN_POINT('',(-21.4807849944319,27.5472313858417,0.));
#12019=CARTESIAN_POINT('Origin',(-22.662801124842,26.6237391728533,0.));
#12020=CARTESIAN_POINT('',(-26.0351286772593,33.376525472808,0.));
#12021=CARTESIAN_POINT('',(-28.1831837490662,36.1259105874571,0.));
#12022=CARTESIAN_POINT('',(-26.4343856142547,33.3695564170497,0.));
#12023=CARTESIAN_POINT('Origin',(-26.2321313656609,33.2226101039766,0.));
#12024=CARTESIAN_POINT('',(-33.0989888212601,24.1965170558132,0.));
#12025=CARTESIAN_POINT('',(-29.1144401793902,38.1872858512414,0.));
#12026=CARTESIAN_POINT('',(-30.1430498035958,36.771526161262,0.));
#12027=CARTESIAN_POINT('',(-23.5248430614543,38.2848526318575,0.));
#12028=CARTESIAN_POINT('Origin',(-26.2828806990778,36.1300374682177,0.));
#12029=CARTESIAN_POINT('',(-14.5356420848461,26.7792000617459,7.45058059692383E-8));
#12030=CARTESIAN_POINT('',(-26.8984136923144,42.6028261314392,0.));
#12031=CARTESIAN_POINT('',(-15.1762354076593,25.8974989938513,7.45058059692383E-8));
#12032=CARTESIAN_POINT('',(-11.6796359420269,30.7101552814769,7.45058059692383E-8));
#12033=CARTESIAN_POINT('',(-11.1311504357846,22.9585727323889,0.));
#12034=CARTESIAN_POINT('',(-11.1311504357846,22.9585727323889,0.));
#12035=CARTESIAN_POINT('',(-24.9805465502998,3.89651431092639,0.));
#12036=CARTESIAN_POINT('',(-25.2744391764461,3.49200581373892,0.));
#12037=CARTESIAN_POINT('',(-29.0256315221746,6.83544057238876,7.45058059692383E-8));
#12038=CARTESIAN_POINT('',(-24.9805465502998,3.89651431092639,0.));
#12039=CARTESIAN_POINT('',(-29.9602931482642,5.54898920848081,7.45058059692383E-8));
#12040=CARTESIAN_POINT('',(-11.6796359420269,30.7101552814769,7.45058059692383E-8));
#12041=CARTESIAN_POINT('',(-43.6806348669207,10.5427851980326,0.));
#12042=CARTESIAN_POINT('',(-35.9379045002385,7.72466181261122,0.));
#12043=CARTESIAN_POINT('',(-45.3151238455932,15.8889577538069,0.));
#12044=CARTESIAN_POINT('Origin',(-42.4835643652808,13.8317093707832,0.));
#12045=CARTESIAN_POINT('',(-30.1430498035958,36.771526161262,0.));
#12046=CARTESIAN_POINT('Origin',(-32.3398718882394,13.3322405610179,5.00000007450581));
#12047=CARTESIAN_POINT('',(-32.8529021032279,11.922701629839,5.00000007450581));
#12048=CARTESIAN_POINT('',(-31.126346396677,12.4505626825792,5.00000007450581));
#12049=CARTESIAN_POINT('Origin',(-32.3398718882394,13.3322405610179,5.00000007450581));
#12050=CARTESIAN_POINT('',(-31.126346396677,12.4505626825792,5.00000007450581));
#12051=CARTESIAN_POINT('',(-32.8529021032279,11.922701629839,5.00000007450581));
#12052=CARTESIAN_POINT('Origin',(-30.1317902325869,13.8194518057259,5.00000007450581));
#12053=CARTESIAN_POINT('',(-31.0134681110256,12.6059263141634,5.00000007450581));
#12054=CARTESIAN_POINT('',(-24.6765553060605,21.3279385305197,5.00000007450581));
#12055=CARTESIAN_POINT('',(-31.0134681110256,12.6059263141635,5.00000007450581));
#12056=CARTESIAN_POINT('Origin',(-26.4185528738359,12.9757289142646,5.00000007450581));
#12057=CARTESIAN_POINT('',(-27.3002307522746,11.7622034227022,5.00000007450581));
#12058=CARTESIAN_POINT('',(-25.2050273822735,12.0940510358259,5.00000007450581));
#12059=CARTESIAN_POINT('Origin',(-26.4185528738359,12.9757289142646,5.00000007450581));
#12060=CARTESIAN_POINT('',(-25.2050273822735,12.0940510358259,5.00000007450581));
#12061=CARTESIAN_POINT('',(-27.3002307522746,11.7622034227022,5.00000007450581));
#12062=CARTESIAN_POINT('Origin',(-18.1151616691217,21.8524140219765,5.00000007450581));
#12063=CARTESIAN_POINT('',(-18.9968395475604,20.6388885304141,5.00000007450581));
#12064=CARTESIAN_POINT('',(-16.6456985383905,23.8749565079139,5.00000007450581));
#12065=CARTESIAN_POINT('',(-18.9968395475604,20.6388885304141,5.00000007450581));
#12066=CARTESIAN_POINT('Origin',(-29.7999426194632,11.7242484357247,5.00000007450581));
#12067=CARTESIAN_POINT('',(-28.9182647410245,12.9377739272872,5.00000007450581));
#12068=CARTESIAN_POINT('Origin',(-29.7999426194632,11.7242484357247,5.00000007450581));
#12069=CARTESIAN_POINT('',(-28.9182647410245,12.9377739272872,5.00000007450581));
#12070=CARTESIAN_POINT('Origin',(-22.662801124842,26.6237391728533,5.00000007450581));
#12071=CARTESIAN_POINT('',(-21.3639221979186,25.8734635347079,5.00000007450581));
#12072=CARTESIAN_POINT('',(-21.3639221979186,25.8734635347079,5.00000007450581));
#12073=CARTESIAN_POINT('',(-21.4807849944319,27.5472313858417,5.00000007450581));
#12074=CARTESIAN_POINT('Origin',(-22.662801124842,26.6237391728533,5.00000007450581));
#12075=CARTESIAN_POINT('',(-21.4807849944319,27.5472313858417,5.00000007450581));
#12076=CARTESIAN_POINT('Origin',(-26.2393812704348,33.6379568702967,5.00000007450581));
#12077=CARTESIAN_POINT('',(-26.0351286772593,33.376525472808,5.00000007450581));
#12078=CARTESIAN_POINT('',(-20.7855363253733,26.6573536695868,5.00000007450581));
#12079=CARTESIAN_POINT('',(-26.0351286772593,33.376525472808,4.00000007450581));
#12080=CARTESIAN_POINT('',(-26.0351286772593,33.376525472808,5.00000007450581));
#12081=CARTESIAN_POINT('',(-25.9191451277033,33.2280732990817,4.00000007450581));
#12082=CARTESIAN_POINT('',(-25.6194515104598,32.8444829614693,4.00000007450581));
#12083=CARTESIAN_POINT('',(-25.9191451277033,33.2280732990817,1.00000007450581));
#12084=CARTESIAN_POINT('',(-25.9191451277033,33.2280732990817,4.50000007450581));
#12085=CARTESIAN_POINT('',(-26.0351286772593,33.376525472808,1.00000007450581));
#12086=CARTESIAN_POINT('',(-25.6194515104598,32.8444829614693,1.00000007450581));
#12087=CARTESIAN_POINT('',(-26.0351286772593,33.376525472808,5.00000007450581));
#12088=CARTESIAN_POINT('Origin',(-20.0650432709953,25.1231878965626,5.00000007450581));
#12089=CARTESIAN_POINT('',(-20.946721149434,23.9096624050002,5.00000007450581));
#12090=CARTESIAN_POINT('',(-20.946721149434,23.9096624050002,5.00000007450581));
#12091=CARTESIAN_POINT('Origin',(-20.0650432709953,25.1231878965626,5.00000007450581));
#12092=CARTESIAN_POINT('Origin',(-20.2103650391228,21.5205664088528,5.00000007450581));
#12093=CARTESIAN_POINT('',(-19.3286871606841,22.7340919004152,5.00000007450581));
#12094=CARTESIAN_POINT('Origin',(-20.2103650391228,21.5205664088528,5.00000007450581));
#12095=CARTESIAN_POINT('',(-19.3286871606841,22.7340919004152,5.00000007450581));
#12096=CARTESIAN_POINT('Origin',(-22.1602466409964,24.7913402834389,5.00000007450581));
#12097=CARTESIAN_POINT('',(-18.1151616691217,21.8524140219765,5.00000007450581));
#12098=CARTESIAN_POINT('Origin',(-39.7027542183854,14.6818883520007,5.00000007450581));
#12099=CARTESIAN_POINT('',(-39.9050084669792,14.8288346650739,1.00000007450581));
#12100=CARTESIAN_POINT('',(-39.7882592542168,14.4469651968043,1.00000007450581));
#12101=CARTESIAN_POINT('Origin',(-39.7027542183854,14.6818883520007,1.00000007450581));
#12102=CARTESIAN_POINT('',(-39.7882592542168,14.4469651968043,5.00000007450581));
#12103=CARTESIAN_POINT('',(-39.9050084669792,14.8288346650739,5.00000007450581));
#12104=CARTESIAN_POINT('Origin',(-31.7907383328605,11.5361056335093,5.00000007450581));
#12105=CARTESIAN_POINT('',(-39.6112319591556,14.3825325307493,1.00000007450581));
#12106=CARTESIAN_POINT('',(-34.9667720569777,12.6920873721136,1.00000007450581));
#12107=CARTESIAN_POINT('',(-39.6112319591556,14.3825325307493,4.00000007450581));
#12108=CARTESIAN_POINT('',(-39.6112319591556,14.3825325307493,4.50000007450581));
#12109=CARTESIAN_POINT('',(-39.7882592542168,14.4469651968043,4.00000007450581));
#12110=CARTESIAN_POINT('',(-34.9667720569777,12.6920873721136,4.00000007450581));
#12111=CARTESIAN_POINT('',(-39.7882592542168,14.4469651968043,5.00000007450581));
#12112=CARTESIAN_POINT('',(-39.7882592542168,14.4469651968043,5.00000007450581));
#12113=CARTESIAN_POINT('',(-24.5048558129737,8.88426126591012,5.00000007450581));
#12114=CARTESIAN_POINT('Origin',(-39.7027542183854,14.6818883520007,5.00000007450581));
#12115=CARTESIAN_POINT('',(-39.9050084669792,14.8288346650739,4.00000007450581));
#12116=CARTESIAN_POINT('Origin',(-39.7027542183854,14.6818883520007,4.00000007450581));
#12117=CARTESIAN_POINT('',(-39.9050084669792,14.8288346650739,5.00000007450581));
#12118=CARTESIAN_POINT('',(-39.9050084669792,14.8288346650739,5.00000007450581));
#12119=CARTESIAN_POINT('Origin',(-39.7027542183854,14.6818883520007,5.00000007450581));
#12120=CARTESIAN_POINT('Origin',(-40.1000128107991,14.5604342118268,5.00000007450581));
#12121=CARTESIAN_POINT('',(-26.4343856142547,33.3695564170497,4.00000007450581));
#12122=CARTESIAN_POINT('',(-36.5980963877984,19.3804086634459,4.00000007450581));
#12123=CARTESIAN_POINT('',(-26.4343856142547,33.3695564170497,5.00000007450581));
#12124=CARTESIAN_POINT('',(-26.4343856142547,33.3695564170497,5.00000007450581));
#12125=CARTESIAN_POINT('',(-33.0989888212601,24.1965170558132,5.00000007450581));
#12126=CARTESIAN_POINT('Origin',(-26.2321313656609,33.2226101039766,5.00000007450581));
#12127=CARTESIAN_POINT('',(-26.4343856142547,33.3695564170497,1.00000007450581));
#12128=CARTESIAN_POINT('Origin',(-26.2321313656609,33.2226101039766,1.00000007450581));
#12129=CARTESIAN_POINT('',(-26.4343856142547,33.3695564170497,5.00000007450581));
#12130=CARTESIAN_POINT('Origin',(-26.2321313656609,33.2226101039766,5.00000007450581));
#12131=CARTESIAN_POINT('Origin',(-26.2321313656609,33.2226101039766,4.00000007450581));
#12132=CARTESIAN_POINT('Origin',(-26.2321313656609,33.2226101039766,5.00000007450581));
#12133=CARTESIAN_POINT('Origin',(-26.0867052607122,10.8805255442635,5.00000007450581));
#12134=CARTESIAN_POINT('',(-24.0641627747748,9.41106241353232,5.00000007450581));
#12135=CARTESIAN_POINT('Origin',(-34.1074512077665,24.9351146804307,1.00000007450581));
#12136=CARTESIAN_POINT('',(-36.5980963877984,19.3804086634459,1.00000007450581));
#12137=CARTESIAN_POINT('',(-21.9970288419603,38.6264032447639,1.00000007450581));
#12138=CARTESIAN_POINT('',(-20.9359664217609,40.0868303764178,1.00000007450581));
#12139=CARTESIAN_POINT('',(-22.4104275456502,39.1555294563113,1.00000007450581));
#12140=CARTESIAN_POINT('',(-25.7839981765103,43.473502955893,1.00000007450581));
#12141=CARTESIAN_POINT('',(-24.7457536306224,40.7976637997626,1.00000007450581));
#12142=CARTESIAN_POINT('Origin',(-26.2828806990778,36.1300374682177,1.00000007450581));
#12143=CARTESIAN_POINT('',(-46.447742416861,10.9274387961157,1.00000007450581));
#12144=CARTESIAN_POINT('',(-47.2789359937721,9.78339898444355,1.00000007450581));
#12145=CARTESIAN_POINT('',(-44.1643244012261,9.21385912450204,1.00000007450581));
#12146=CARTESIAN_POINT('Origin',(-42.4835643652808,13.8317093707832,1.00000007450581));
#12147=CARTESIAN_POINT('',(-43.5333482448986,8.98420258506714,1.00000007450581));
#12148=CARTESIAN_POINT('',(-36.4215940345439,6.3957357390807,1.00000007450581));
#12149=CARTESIAN_POINT('',(-20.9359664217609,40.0868303764178,1.00000007450581));
#12150=CARTESIAN_POINT('Origin',(-20.9359664217609,40.0868303764178,4.00000007450581));
#12151=CARTESIAN_POINT('',(-21.9970288580676,38.6264032225941,4.00000007450581));
#12152=CARTESIAN_POINT('',(-20.9359664217609,40.0868303764178,4.00000007450581));
#12153=CARTESIAN_POINT('',(-21.9445727963137,38.6986027976113,3.50000007450581));
#12154=CARTESIAN_POINT('Origin',(-22.8617817958651,37.4361729133353,3.50000007450581));
#12155=CARTESIAN_POINT('',(-21.9445727963137,38.6986027976113,1.5));
#12156=CARTESIAN_POINT('',(-21.9445727963137,38.6986027976113,4.50000007450581));
#12157=CARTESIAN_POINT('Origin',(-22.8617817958651,37.4361729133353,1.5));
#12158=CARTESIAN_POINT('Origin',(-47.2789359937721,9.78339898444355,4.00000007450581));
#12159=CARTESIAN_POINT('',(-46.5006468277259,10.8546221214881,1.5));
#12160=CARTESIAN_POINT('Ctrl Pts',(-46.447742416861,10.9274387961157,1.0000000745058));
#12161=CARTESIAN_POINT('Ctrl Pts',(-46.4816447030514,10.8807763023407,1.15535262592311));
#12162=CARTESIAN_POINT('Ctrl Pts',(-46.500646827726,10.8546221214881,1.34029127790363));
#12163=CARTESIAN_POINT('Ctrl Pts',(-46.500646827726,10.8546221214881,1.5));
#12164=CARTESIAN_POINT('',(-24.6928492197575,40.8704804743903,1.5));
#12165=CARTESIAN_POINT('Ctrl Pts',(-24.6928492197575,40.8704804743903,1.5));
#12166=CARTESIAN_POINT('Ctrl Pts',(-24.6928492197575,40.8704804743903,1.34029127790363));
#12167=CARTESIAN_POINT('Ctrl Pts',(-24.7118513444321,40.8443262935377,1.15535262592311));
#12168=CARTESIAN_POINT('Ctrl Pts',(-24.7457536306224,40.7976637997626,1.0000000745058));
#12169=CARTESIAN_POINT('',(-24.6928492197575,40.8704804743903,3.50000007450581));
#12170=CARTESIAN_POINT('',(-24.6928492197575,40.8704804743903,5.00000007450581));
#12171=CARTESIAN_POINT('',(-24.7457536468817,40.7976637773837,4.00000007450581));
#12172=CARTESIAN_POINT('Ctrl Pts',(-24.7457536468817,40.7976637773837,4.00000007450581));
#12173=CARTESIAN_POINT('Ctrl Pts',(-24.7118513515155,40.8443262837882,3.84464750716986));
#12174=CARTESIAN_POINT('Ctrl Pts',(-24.6928492197575,40.8704804743903,3.65970882212711));
#12175=CARTESIAN_POINT('Ctrl Pts',(-24.6928492197575,40.8704804743903,3.50000007450581));
#12176=CARTESIAN_POINT('',(-46.4477424006018,10.9274388184947,4.00000007450581));
#12177=CARTESIAN_POINT('',(-47.2789359937721,9.78339898444355,4.00000007450581));
#12178=CARTESIAN_POINT('',(-46.5006468277259,10.8546221214881,3.50000007450581));
#12179=CARTESIAN_POINT('Ctrl Pts',(-46.500646827726,10.8546221214881,3.50000007450581));
#12180=CARTESIAN_POINT('Ctrl Pts',(-46.500646827726,10.8546221214881,3.65970882212711));
#12181=CARTESIAN_POINT('Ctrl Pts',(-46.481644695968,10.8807763120901,3.84464750716986));
#12182=CARTESIAN_POINT('Ctrl Pts',(-46.4477424006018,10.9274388184947,4.00000007450581));
#12183=CARTESIAN_POINT('',(-46.5006468277259,10.8546221214881,5.00000007450581));
#12184=CARTESIAN_POINT('Origin',(-20.9359664217609,40.0868303764178,4.00000007450581));
#12185=CARTESIAN_POINT('',(-43.5858042905452,8.91200303221971,1.5));
#12186=CARTESIAN_POINT('Origin',(-42.6685952909937,10.1744329164958,1.5));
#12187=CARTESIAN_POINT('',(-43.5858042905452,8.91200303221971,3.50000007450581));
#12188=CARTESIAN_POINT('',(-43.5858042905452,8.91200303221971,4.50000007450581));
#12189=CARTESIAN_POINT('',(-43.5333482287913,8.9842026072369,4.00000007450581));
#12190=CARTESIAN_POINT('Origin',(-42.6685952909938,10.1744329164958,3.50000007450581));
#12191=CARTESIAN_POINT('',(-20.9359664217609,40.0868303764178,4.00000007450581));
#12192=CARTESIAN_POINT('Origin',(-34.1074512077665,24.9351146804307,4.00000007450581));
#12193=CARTESIAN_POINT('',(-44.1643243922166,9.21385914925521,4.00000007450581));
#12194=CARTESIAN_POINT('',(-25.1304624965672,2.28609997610514,4.00000007450581));
#12195=CARTESIAN_POINT('Origin',(-42.4835643652808,13.8317093707832,4.00000007450581));
#12196=CARTESIAN_POINT('',(-22.4104275664078,39.1555294400937,4.00000007450581));
#12197=CARTESIAN_POINT('Origin',(-26.2828806990778,36.1300374682177,4.00000007450581));
#12198=CARTESIAN_POINT('',(-18.386350773575,34.004946021805,4.00000007450581));
#12199=CARTESIAN_POINT('Origin',(-35.9379045002385,7.72466181261122,1.5));
#12200=CARTESIAN_POINT('Origin',(-43.6806348669207,10.5427851980326,1.5));
#12201=CARTESIAN_POINT('',(-30.8775021478156,4.28655932420475,1.5));
#12202=CARTESIAN_POINT('Origin',(-29.9602931482642,5.54898920848081,1.5));
#12203=CARTESIAN_POINT('',(-36.450934715227,6.31512288143236,1.5));
#12204=CARTESIAN_POINT('Origin',(-42.4835643652808,13.8317093707832,1.5));
#12205=CARTESIAN_POINT('',(-46.5286493371556,16.7706356322456,1.5));
#12206=CARTESIAN_POINT('Origin',(-42.4835643652808,13.8317093707832,1.5));
#12207=CARTESIAN_POINT('Origin',(-45.3151238455932,15.8889577538069,1.5));
#12208=CARTESIAN_POINT('Origin',(-42.4835643652808,13.8317093707832,5.00000007450581));
#12209=CARTESIAN_POINT('',(-46.5286493371556,16.7706356322456,3.50000007450581));
#12210=CARTESIAN_POINT('Origin',(-42.4835643652808,13.8317093707832,3.50000007450581));
#12211=CARTESIAN_POINT('',(-46.5286493371556,16.7706356322456,5.00000007450581));
#12212=CARTESIAN_POINT('Origin',(-26.4278787945547,44.436972794621,5.00000007450581));
#12213=CARTESIAN_POINT('',(-13.6184330852946,28.041629946022,3.50000007450581));
#12214=CARTESIAN_POINT('',(-18.3187501382114,34.0577614265573,3.50000007450581));
#12215=CARTESIAN_POINT('',(-13.6184330852946,28.041629946022,1.5));
#12216=CARTESIAN_POINT('',(-13.6184330852946,28.041629946022,5.00000007450581));
#12217=CARTESIAN_POINT('',(-25.7163975619043,43.5263183444277,1.5));
#12218=CARTESIAN_POINT('Origin',(-19.5007662686215,33.1342692135688,3.50000007450581));
#12219=CARTESIAN_POINT('',(-23.5248430614543,38.2848526318575,5.00000007450581));
#12220=CARTESIAN_POINT('Origin',(-23.5248430614543,38.2848526318575,3.50000007450581));
#12221=CARTESIAN_POINT('',(-14.5356420848461,26.7792000617459,5.00000007450581));
#12222=CARTESIAN_POINT('',(-19.5007662686215,33.1342692135688,5.00000007450581));
#12223=CARTESIAN_POINT('Origin',(-14.5356420848461,26.7792000617459,3.50000007450581));
#12224=CARTESIAN_POINT('Origin',(-26.2828806990778,36.1300374682177,3.50000007450581));
#12225=CARTESIAN_POINT('',(-30.3279656709526,39.0689637296801,3.50000007450581));
#12226=CARTESIAN_POINT('Origin',(-26.2828806990778,36.1300374682177,3.50000007450581));
#12227=CARTESIAN_POINT('',(-29.1144401793902,38.1872858512414,5.00000007450581));
#12228=CARTESIAN_POINT('Origin',(-29.1144401793902,38.1872858512414,3.50000007450581));
#12229=CARTESIAN_POINT('Origin',(-26.2828806990778,36.1300374682177,5.00000007450581));
#12230=CARTESIAN_POINT('Origin',(-30.1430498035958,36.771526161262,1.5));
#12231=CARTESIAN_POINT('',(-30.3279656709526,39.0689637296801,1.5));
#12232=CARTESIAN_POINT('',(-31.3565752951583,37.6532040397007,1.5));
#12233=CARTESIAN_POINT('Origin',(-29.1144401793902,38.1872858512414,1.5));
#12234=CARTESIAN_POINT('Origin',(-26.2828806990778,36.1300374682177,1.5));
#12235=CARTESIAN_POINT('Origin',(-23.5248430614543,38.2848526318575,1.5));
#12236=CARTESIAN_POINT('Origin',(-26.2828806990778,36.1300374682177,1.5));
#12237=CARTESIAN_POINT('Origin',(-26.8984136923144,42.6028261314392,1.5));
#12238=CARTESIAN_POINT('Origin',(-14.5356420848461,26.7792000617459,1.5));
#12239=CARTESIAN_POINT('Origin',(-13.6184330852946,28.041629946022,5.00000007450581));
#12240=CARTESIAN_POINT('',(-15.1762354076593,25.8974989938513,5.00000007450581));
#12241=CARTESIAN_POINT('',(-11.6796359420269,30.7101552814769,5.00000007450581));
#12242=CARTESIAN_POINT('',(-15.1762354076593,25.8974989938513,3.7500000372529));
#12243=CARTESIAN_POINT('Origin',(-24.6467729712712,3.61502602488249,3.50000007450581));
#12244=CARTESIAN_POINT('',(-30.8775021478156,4.28655932420475,3.50000007450581));
#12245=CARTESIAN_POINT('',(-25.1598031862597,2.20548709370362,3.50000007450581));
#12246=CARTESIAN_POINT('',(-29.9602931482642,5.54898920848081,5.00000007450581));
#12247=CARTESIAN_POINT('Origin',(-29.9602931482642,5.54898920848081,3.50000007450581));
#12248=CARTESIAN_POINT('',(-43.6806348669207,10.5427851980326,5.00000007450581));
#12249=CARTESIAN_POINT('',(-24.6467729712712,3.61502602488249,5.00000007450581));
#12250=CARTESIAN_POINT('Origin',(-43.6806348669207,10.5427851980326,3.50000007450581));
#12251=CARTESIAN_POINT('Origin',(-42.4835643652808,13.8317093707832,3.50000007450581));
#12252=CARTESIAN_POINT('',(-45.3151238455932,15.8889577538069,5.00000007450581));
#12253=CARTESIAN_POINT('Origin',(-42.4835643652808,13.8317093707832,5.00000007450581));
#12254=CARTESIAN_POINT('Origin',(-45.3151238455932,15.8889577538069,3.50000007450581));
#12255=CARTESIAN_POINT('Origin',(-30.1430498035958,36.771526161262,3.50000007450581));
#12256=CARTESIAN_POINT('',(-31.3565752951583,37.6532040397007,3.50000007450581));
#12257=CARTESIAN_POINT('',(-30.1430498035958,36.771526161262,5.00000007450581));
#12258=CARTESIAN_POINT('Origin',(-11.1311504357846,22.9585727323889,5.00000007450581));
#12259=CARTESIAN_POINT('',(-29.0256315221746,6.83544057238876,5.00000007450581));
#12260=CARTESIAN_POINT('',(-11.6796359420269,30.7101552814769,5.00000007450581));
#12261=CARTESIAN_POINT('',(-24.9805465502998,3.89651431092639,5.00000007450581));
#12262=CARTESIAN_POINT('',(-24.9805465502998,3.89651431092639,5.00000007450581));
#12263=CARTESIAN_POINT('',(-11.1311504357846,22.9585727323889,5.));
#12264=CARTESIAN_POINT('',(-25.2744391764461,3.49200581373892,5.00000007450581));
#12265=CARTESIAN_POINT('',(-11.1311504357846,22.9585727323889,5.00000007450581));
#12266=CARTESIAN_POINT('Origin',(-29.0256315221746,6.83544057238876,5.00000007450581));
#12267=CARTESIAN_POINT('',(-29.0256315221746,6.83544057238876,3.75000005587935));
#12268=CARTESIAN_POINT('',(-30.8775021478156,4.28655932420475,5.00000007450581));
#12269=CARTESIAN_POINT('Origin',(-30.8775021478156,4.28655932420475,5.00000007450581));
#12270=CARTESIAN_POINT('Origin',(-31.3565752951583,37.6532040397007,5.00000007450581));
#12271=CARTESIAN_POINT('',(-30.3279656709526,39.0689637296801,5.00000007450581));
#12272=CARTESIAN_POINT('Origin',(-26.2828806990778,36.1300374682177,5.00000007450581));
#12273=CARTESIAN_POINT('Origin',(-35.0932589799867,11.2438299645823,2.5000000372529));
#12274=CARTESIAN_POINT('Origin',(-24.9805465502998,3.89651431092639,2.5));
#12275=CARTESIAN_POINT('Origin',(-25.2744391764461,3.49200581373892,2.5));
#12276=CARTESIAN_POINT('',(-9.51311644703468,21.783002227804,2.5));
#12277=CARTESIAN_POINT('Origin',(-11.1311504357846,22.9585727323889,2.5));
#12278=CARTESIAN_POINT('',(-23.6564051876962,2.31643530915397,2.5));
#12279=CARTESIAN_POINT('',(-23.6564051876962,2.31643530915397,2.5));
#12280=CARTESIAN_POINT('Origin',(-25.2744391764461,3.49200581373892,2.5));
#12281=CARTESIAN_POINT('Origin',(-25.2744391764461,3.49200581373892,2.5));
#12282=CARTESIAN_POINT('',(-9.1086079498472,21.4891096016577,2.5));
#12283=CARTESIAN_POINT('Origin',(-11.1311504357846,22.9585727323889,2.5));
#12284=CARTESIAN_POINT('',(-23.2518966905087,2.02254268300773,2.5));
#12285=CARTESIAN_POINT('',(-23.2518966905087,2.02254268300773,2.5));
#12286=CARTESIAN_POINT('Origin',(-25.2744391764461,3.49200581373892,2.5));
#12287=CARTESIAN_POINT('Origin',(-11.1311504357846,22.9585727323889,2.5));
#12288=CARTESIAN_POINT('Origin',(-11.1311504357846,22.9585727323889,2.5));
#12289=CARTESIAN_POINT('Origin',(-25.2744391764461,3.49200581373892,2.5));
#12290=CARTESIAN_POINT('Origin',(-40.3801834770791,22.2559950514571,-2.25));
#12291=CARTESIAN_POINT('',(-31.5444252196731,33.9920475664284,-2.5));
#12292=CARTESIAN_POINT('',(-31.9489337168606,34.2859401925747,-2.));
#12293=CARTESIAN_POINT('',(-42.0761218109353,19.4964107863274,-2.5));
#12294=CARTESIAN_POINT('',(-40.1779292284853,22.1090487383839,-2.5));
#12295=CARTESIAN_POINT('',(-42.0761218109353,19.4964107863274,-2.5));
#12296=CARTESIAN_POINT('Origin',(-29.9263912309232,32.8164770618435,-2.25));
#12297=CARTESIAN_POINT('',(-28.3083572421733,31.6409065572585,-2.5));
#12298=CARTESIAN_POINT('',(-27.9038487449859,31.3470139311123,-2.));
#12299=CARTESIAN_POINT('Origin',(-29.9263912309232,32.8164770618435,-2.5));
#12300=CARTESIAN_POINT('Origin',(-30.0042955760295,28.8813222921288,-2.25));
#12301=CARTESIAN_POINT('',(-38.8400538334354,17.1452697771575,-2.5));
#12302=CARTESIAN_POINT('',(-38.435545336248,16.8513771510112,-2.));
#12303=CARTESIAN_POINT('',(-30.2065498246233,29.0282686052019,-2.5));
#12304=CARTESIAN_POINT('',(-29.8020413274358,28.7343759790557,-2.));
#12305=CARTESIAN_POINT('Origin',(-40.4580878221854,18.3208402817424,-2.25));
#12306=CARTESIAN_POINT('Origin',(-40.4580878221854,18.3208402817424,-2.5));
#12307=CARTESIAN_POINT('Origin',(-35.1922395265543,25.5686586717929,-2.5));
#12308=CARTESIAN_POINT('Origin',(-26.4343856142547,33.3695564170497,0.));
#12309=CARTESIAN_POINT('Origin',(-29.9263912309232,-32.8164770618435,-0.25));
#12310=CARTESIAN_POINT('',(-27.9038487449859,-31.3470139311123,-0.500000000000001));
#12311=CARTESIAN_POINT('',(-26.9291171754066,-32.6886168407937,5.55111512312578E-16));
#12312=CARTESIAN_POINT('Ctrl Pts',(-27.9038487449859,-31.3470139311123,
-0.500000000000007));
#12313=CARTESIAN_POINT('Ctrl Pts',(-27.4607889406318,-31.9568334355128,
-0.500000000000006));
#12314=CARTESIAN_POINT('Ctrl Pts',(-26.9291171754069,-32.6886168407933,
-2.88844214584647E-13));
#12315=CARTESIAN_POINT('',(-30.9742021472814,-35.627543102256,-5.55111512312578E-16));
#12316=CARTESIAN_POINT('Origin',(-29.9263912309232,-32.8164770618435,2.77555756156289E-16));
#12317=CARTESIAN_POINT('',(-30.799566994555,-35.1590320955206,-0.500000000000001));
#12318=CARTESIAN_POINT('',(-30.9742021472814,-35.627543102256,-5.55111512312578E-16));
#12319=CARTESIAN_POINT('Origin',(-29.9263912309232,-32.8164770618435,-0.500000000000001));
#12320=CARTESIAN_POINT('Origin',(-44.4859395999127,-17.4496084624484,-0.208333333333332));
#12321=CARTESIAN_POINT('',(-31.9489337168606,-34.2859401925747,-0.500000000000001));
#12322=CARTESIAN_POINT('',(-32.3477844739111,-34.575722229899,0.0833333333333364));
#12323=CARTESIAN_POINT('',(-31.9489337168606,-34.2859401925747,-0.500000000000001));
#12324=CARTESIAN_POINT('',(-42.8794810651732,-20.0800854497979,0.0833333333333364));
#12325=CARTESIAN_POINT('',(-44.685364978438,-17.5944994811105,0.0833333333333364));
#12326=CARTESIAN_POINT('',(-42.4806303081227,-19.7903034124736,-0.500000000000001));
#12327=CARTESIAN_POINT('',(-42.8794810651732,-20.0800854497979,0.0833333333333364));
#12328=CARTESIAN_POINT('',(-44.2865142213875,-17.3047174437862,-0.500000000000001));
#12329=CARTESIAN_POINT('Ctrl Pts',(-30.799566994555,-35.1590320955206,-0.5));
#12330=CARTESIAN_POINT('Ctrl Pts',(-31.2569005338808,-34.9885632883019,
-0.5));
#12331=CARTESIAN_POINT('Ctrl Pts',(-31.6620526127564,-34.6807981575885,
-0.5));
#12332=CARTESIAN_POINT('Ctrl Pts',(-31.9489337168606,-34.2859401925747,
-0.5));
#12333=CARTESIAN_POINT('Ctrl Pts',(-30.8577787121305,-35.3152024310991,
-0.333333333333334));
#12334=CARTESIAN_POINT('Ctrl Pts',(-31.345601154078,-35.1333690367324,-0.333333333333334));
#12335=CARTESIAN_POINT('Ctrl Pts',(-31.7761449595494,-34.8033478502967,
-0.305555555555557));
#12336=CARTESIAN_POINT('Ctrl Pts',(-32.0818839692107,-34.3825342050161,
-0.305555555555557));
#12337=CARTESIAN_POINT('Ctrl Pts',(-30.9159904297059,-35.4713727666776,
-0.166666666666667));
#12338=CARTESIAN_POINT('Ctrl Pts',(-31.4343017742752,-35.278174785163,-0.166666666666668));
#12339=CARTESIAN_POINT('Ctrl Pts',(-31.8902373063424,-34.925897543005,-0.111111111111114));
#12340=CARTESIAN_POINT('Ctrl Pts',(-32.2148342215609,-34.4791282174575,
-0.111111111111113));
#12341=CARTESIAN_POINT('Ctrl Pts',(-30.9742021472814,-35.627543102256,-8.32667268468867E-16));
#12342=CARTESIAN_POINT('Ctrl Pts',(-31.5230023944723,-35.4229805335935,
-1.49163061904039E-15));
#12343=CARTESIAN_POINT('Ctrl Pts',(-32.0043296531354,-35.0484472357132,
0.0833333333333285));
#12344=CARTESIAN_POINT('Ctrl Pts',(-32.3477844739111,-34.575722229899,0.0833333333333299));
#12345=CARTESIAN_POINT('Ctrl Pts',(-31.9489337168606,-34.2859401925747,
-0.5));
#12346=CARTESIAN_POINT('Ctrl Pts',(-31.6620526127564,-34.6807981575885,
-0.5));
#12347=CARTESIAN_POINT('Ctrl Pts',(-31.2569005338808,-34.9885632883019,
-0.5));
#12348=CARTESIAN_POINT('Ctrl Pts',(-30.799566994555,-35.1590320955206,-0.5));
#12349=CARTESIAN_POINT('Ctrl Pts',(-30.9742021472814,-35.627543102256,-8.32667268468867E-16));
#12350=CARTESIAN_POINT('Ctrl Pts',(-31.5230023944723,-35.4229805335935,
-1.49163061904039E-15));
#12351=CARTESIAN_POINT('Ctrl Pts',(-32.0043296531354,-35.0484472357132,
0.0833333333333285));
#12352=CARTESIAN_POINT('Ctrl Pts',(-32.3477844739111,-34.575722229899,0.0833333333333299));
#12353=CARTESIAN_POINT('Origin',(-40.4580878221854,-18.3208402817424,-0.25));
#12354=CARTESIAN_POINT('',(-38.435545336248,-16.8513771510112,-0.500000000000001));
#12355=CARTESIAN_POINT('',(-39.4102769058272,-15.5097742413298,5.55111512312578E-16));
#12356=CARTESIAN_POINT('Ctrl Pts',(-39.4102769058286,-15.509774241328,1.26704202685375E-12));
#12357=CARTESIAN_POINT('Ctrl Pts',(-38.8786051406027,-16.2415576466099,
-0.499999999999981));
#12358=CARTESIAN_POINT('Ctrl Pts',(-38.435545336248,-16.8513771510112,-0.49999999999998));
#12359=CARTESIAN_POINT('',(-42.9558162017826,-18.4273904659506,-0.500000000000001));
#12360=CARTESIAN_POINT('Origin',(-40.4580878221854,-18.3208402817424,-0.500000000000001));
#12361=CARTESIAN_POINT('',(-43.455361877702,-18.4487005027922,-5.55111512312578E-16));
#12362=CARTESIAN_POINT('',(-42.9558162017826,-18.4273904659506,-0.500000000000001));
#12363=CARTESIAN_POINT('Origin',(-40.4580878221854,-18.3208402817424,2.77555756156289E-16));
#12364=CARTESIAN_POINT('Ctrl Pts',(-42.4806303081227,-19.7903034124736,
-0.5));
#12365=CARTESIAN_POINT('Ctrl Pts',(-42.7675114122269,-19.3954454474598,
-0.5));
#12366=CARTESIAN_POINT('Ctrl Pts',(-42.9350145676014,-18.9150182670881,
-0.5));
#12367=CARTESIAN_POINT('Ctrl Pts',(-42.9558162017826,-18.4273904659506,
-0.5));
#12368=CARTESIAN_POINT('Ctrl Pts',(-42.6135805604729,-19.886897424915,-0.305555555555555));
#12369=CARTESIAN_POINT('Ctrl Pts',(-42.9193195701342,-19.4660837796344,
-0.305555555555555));
#12370=CARTESIAN_POINT('Ctrl Pts',(-43.1001430172958,-18.9546301327779,
-0.333333333333334));
#12371=CARTESIAN_POINT('Ctrl Pts',(-43.122331427089,-18.4344938115644,-0.333333333333334));
#12372=CARTESIAN_POINT('Ctrl Pts',(-42.7465308128231,-19.9834914373565,
-0.11111111111111));
#12373=CARTESIAN_POINT('Ctrl Pts',(-43.0711277280415,-19.536722111809,-0.11111111111111));
#12374=CARTESIAN_POINT('Ctrl Pts',(-43.2652714669902,-18.9942419984676,
-0.166666666666668));
#12375=CARTESIAN_POINT('Ctrl Pts',(-43.2888466523955,-18.4415971571783,
-0.166666666666667));
#12376=CARTESIAN_POINT('Ctrl Pts',(-42.8794810651732,-20.0800854497979,
0.0833333333333353));
#12377=CARTESIAN_POINT('Ctrl Pts',(-43.2229358859489,-19.6073604439836,
0.0833333333333352));
#12378=CARTESIAN_POINT('Ctrl Pts',(-43.4303999166846,-19.0338538641573,
-1.43970469991093E-15));
#12379=CARTESIAN_POINT('Ctrl Pts',(-43.455361877702,-18.4487005027922,-1.11022302462516E-15));
#12380=CARTESIAN_POINT('Ctrl Pts',(-42.9558162017826,-18.4273904659506,
-0.5));
#12381=CARTESIAN_POINT('Ctrl Pts',(-42.9350145676014,-18.9150182670881,
-0.5));
#12382=CARTESIAN_POINT('Ctrl Pts',(-42.7675114122269,-19.3954454474598,
-0.5));
#12383=CARTESIAN_POINT('Ctrl Pts',(-42.4806303081227,-19.7903034124736,
-0.5));
#12384=CARTESIAN_POINT('Ctrl Pts',(-42.8794810651732,-20.0800854497979,
0.0833333333333353));
#12385=CARTESIAN_POINT('Ctrl Pts',(-43.2229358859489,-19.6073604439836,
0.0833333333333352));
#12386=CARTESIAN_POINT('Ctrl Pts',(-43.4303999166846,-19.0338538641573,
-1.43970469991093E-15));
#12387=CARTESIAN_POINT('Ctrl Pts',(-43.455361877702,-18.4487005027922,-1.11022302462516E-15));
#12388=CARTESIAN_POINT('Origin',(-29.9263912309232,-32.8164770618435,0.));
#12389=CARTESIAN_POINT('',(-31.9489337168606,-34.2859401925747,-2.));
#12390=CARTESIAN_POINT('',(-31.9489337168606,-34.2859401925747,0.));
#12391=CARTESIAN_POINT('',(-27.9038487449859,-31.3470139311123,-2.));
#12392=CARTESIAN_POINT('Origin',(-29.9263912309232,-32.8164770618435,-2.));
#12393=CARTESIAN_POINT('',(-27.9038487449859,-31.3470139311123,0.));
#12394=CARTESIAN_POINT('Origin',(-30.4794705861294,-36.308482678512,0.));
#12395=CARTESIAN_POINT('',(-42.4806303081227,-19.7903034124736,-2.));
#12396=CARTESIAN_POINT('',(-42.4806303081227,-19.7903034124736,0.));
#12397=CARTESIAN_POINT('',(-33.8471262993106,-31.6733022405181,-2.));
#12398=CARTESIAN_POINT('Origin',(-40.4580878221854,-18.3208402817424,0.));
#12399=CARTESIAN_POINT('',(-38.435545336248,-16.8513771510112,-2.));
#12400=CARTESIAN_POINT('',(-38.435545336248,-16.8513771510112,0.));
#12401=CARTESIAN_POINT('Origin',(-40.4580878221854,-18.3208402817424,-2.));
#12402=CARTESIAN_POINT('Origin',(-45.5000397129499,-18.1863953222249,0.));
#12403=CARTESIAN_POINT('',(-26.4343856142547,-33.3695564170497,5.55111512312578E-16));
#12404=CARTESIAN_POINT('',(-33.2404052599738,-24.0018740263103,5.55111512312578E-16));
#12405=CARTESIAN_POINT('',(-26.0351286772593,-33.376525472808,0.));
#12406=CARTESIAN_POINT('Origin',(-26.2321313656609,-33.2226101039766,0.));
#12407=CARTESIAN_POINT('',(-21.4912681413351,-27.5606492019995,0.));
#12408=CARTESIAN_POINT('',(-23.4194988840219,-30.0286720060389,0.));
#12409=CARTESIAN_POINT('',(-21.4597587801828,-25.7554791105723,0.));
#12410=CARTESIAN_POINT('Origin',(-22.6732842717452,-26.637156989011,0.));
#12411=CARTESIAN_POINT('',(-21.5726370658341,-25.600115478988,0.));
#12412=CARTESIAN_POINT('',(-27.9095498707993,-16.8781032626317,0.));
#12413=CARTESIAN_POINT('',(-21.2407894527104,-23.5049121089869,0.));
#12414=CARTESIAN_POINT('Origin',(-20.3591115742717,-24.7184376005493,0.));
#12415=CARTESIAN_POINT('',(-19.6227554639605,-22.329341604402,0.));
#12416=CARTESIAN_POINT('',(-26.4993999161476,-27.325516248888,0.));
#12417=CARTESIAN_POINT('',(-19.2909078508368,-20.2341382344008,0.));
#12418=CARTESIAN_POINT('Origin',(-20.5044333423992,-21.1158161128395,0.));
#12419=CARTESIAN_POINT('',(-25.4990956855499,-11.6893007398126,0.));
#12420=CARTESIAN_POINT('',(-27.8502366947198,-8.45323276231284,0.));
#12421=CARTESIAN_POINT('',(-27.594299055551,-11.3574531266889,0.));
#12422=CARTESIAN_POINT('Origin',(-26.7126211771123,-12.5709786182513,0.));
#12423=CARTESIAN_POINT('',(-29.2123330443009,-12.5330236312739,0.));
#12424=CARTESIAN_POINT('',(-36.4934859936755,-17.8230909019061,0.));
#12425=CARTESIAN_POINT('',(-31.2089411194701,-12.322957484388,-1.11022302462516E-15));
#12426=CARTESIAN_POINT('Origin',(-30.0940109227396,-11.3194981397115,0.));
#12427=CARTESIAN_POINT('',(-32.836901531189,-11.9168778978856,0.));
#12428=CARTESIAN_POINT('Origin',(-32.3238713162005,-13.3264168290645,0.));
#12429=CARTESIAN_POINT('',(-39.7882592542169,-14.4469651968042,0.));
#12430=CARTESIAN_POINT('',(-43.0668654053505,-15.640280245699,0.));
#12431=CARTESIAN_POINT('',(-39.9050084669792,-14.8288346650738,5.55111512312578E-16));
#12432=CARTESIAN_POINT('Origin',(-39.7027542183854,-14.6818883520007,0.));
#12433=CARTESIAN_POINT('',(-33.2404052599738,-24.0018740263103,5.55111512312578E-16));
#12434=CARTESIAN_POINT('',(-45.3151238455932,-15.8889577538069,-5.55111512312578E-16));
#12435=CARTESIAN_POINT('',(-44.2865142213875,-17.3047174437862,-5.55111512312578E-16));
#12436=CARTESIAN_POINT('',(-43.6806348669207,-10.5427851980326,-5.55111512312578E-16));
#12437=CARTESIAN_POINT('Origin',(-42.4835643652808,-13.8317093707832,-5.55111512312578E-16));
#12438=CARTESIAN_POINT('',(-29.9602931482642,-5.54898920848081,7.45058059692383E-8));
#12439=CARTESIAN_POINT('',(-48.8297623575476,-12.4169143370626,-5.55111512312578E-16));
#12440=CARTESIAN_POINT('',(-29.319699825451,-6.43069027637548,7.45058059692383E-8));
#12441=CARTESIAN_POINT('',(-32.8162992910834,-1.61803398874989,7.45058059692383E-8));
#12442=CARTESIAN_POINT('',(-25.2746148535762,-3.49176401491311,0.));
#12443=CARTESIAN_POINT('',(-25.2746148535762,-3.49176401491311,0.));
#12444=CARTESIAN_POINT('',(-11.425218739061,-22.5538224363756,0.));
#12445=CARTESIAN_POINT('',(-11.1313261129147,-22.9583309335631,0.));
#12446=CARTESIAN_POINT('',(-15.4703037109357,-25.492748697838,7.45058059692383E-8));
#12447=CARTESIAN_POINT('',(-11.425218739061,-22.5538224363756,0.));
#12448=CARTESIAN_POINT('',(-14.5356420848461,-26.7792000617459,7.45058059692383E-8));
#12449=CARTESIAN_POINT('',(-32.8162992910834,-1.61803398874989,7.45058059692383E-8));
#12450=CARTESIAN_POINT('',(-23.5248430614543,-38.2848526318575,-5.55111512312578E-16));
#12451=CARTESIAN_POINT('',(-18.4520131858578,-31.7919264810487,-5.55111512312578E-16));
#12452=CARTESIAN_POINT('',(-29.1144401793902,-38.1872858512414,-5.55111512312578E-16));
#12453=CARTESIAN_POINT('Origin',(-26.2828806990778,-36.1300374682177,-5.55111512312578E-16));
#12454=CARTESIAN_POINT('',(-44.2865142213875,-17.3047174437862,-5.55111512312578E-16));
#12455=CARTESIAN_POINT('Origin',(-20.5044333423992,-21.1158161128395,5.00000007450581));
#12456=CARTESIAN_POINT('',(-19.6227554639605,-22.329341604402,5.00000007450581));
#12457=CARTESIAN_POINT('',(-19.2909078508368,-20.2341382344008,5.00000007450581));
#12458=CARTESIAN_POINT('Origin',(-20.5044333423992,-21.1158161128395,5.00000007450581));
#12459=CARTESIAN_POINT('',(-19.2909078508368,-20.2341382344008,5.00000007450581));
#12460=CARTESIAN_POINT('',(-19.6227554639605,-22.329341604402,5.00000007450581));
#12461=CARTESIAN_POINT('Origin',(-26.3807735639886,-10.4757752482502,5.00000007450581));
#12462=CARTESIAN_POINT('',(-25.4990956855499,-11.6893007398126,5.00000007450581));
#12463=CARTESIAN_POINT('',(-27.8502366947198,-8.45323276231285,5.00000007450581));
#12464=CARTESIAN_POINT('',(-25.4990956855499,-11.6893007398126,5.00000007450581));
#12465=CARTESIAN_POINT('Origin',(-22.6732842717452,-26.637156989011,5.00000007450581));
#12466=CARTESIAN_POINT('',(-21.4912681413351,-27.5606492019995,5.00000007450581));
#12467=CARTESIAN_POINT('',(-21.4597587801828,-25.7554791105723,5.00000007450581));
#12468=CARTESIAN_POINT('Origin',(-22.6732842717452,-26.637156989011,5.00000007450581));
#12469=CARTESIAN_POINT('',(-21.4597587801828,-25.7554791105723,5.00000007450581));
#12470=CARTESIAN_POINT('',(-21.4912681413351,-27.5606492019995,5.00000007450581));
#12471=CARTESIAN_POINT('Origin',(-22.4543149442728,-24.3865899874256,5.00000007450581));
#12472=CARTESIAN_POINT('',(-21.5726370658341,-25.600115478988,5.00000007450581));
#12473=CARTESIAN_POINT('',(-27.9095498707993,-16.8781032626318,5.00000007450581));
#12474=CARTESIAN_POINT('',(-21.5726370658341,-25.600115478988,5.00000007450581));
#12475=CARTESIAN_POINT('Origin',(-20.3591115742717,-24.7184376005493,5.00000007450581));
#12476=CARTESIAN_POINT('',(-21.2407894527104,-23.5049121089869,5.00000007450581));
#12477=CARTESIAN_POINT('Origin',(-20.3591115742717,-24.7184376005493,5.00000007450581));
#12478=CARTESIAN_POINT('',(-21.2407894527104,-23.5049121089869,5.00000007450581));
#12479=CARTESIAN_POINT('Origin',(-32.3238713162005,-13.3264168290645,5.00000007450581));
#12480=CARTESIAN_POINT('',(-31.2089411194701,-12.322957484388,5.00000007450581));
#12481=CARTESIAN_POINT('',(-31.2089411194701,-12.322957484388,5.00000007450581));
#12482=CARTESIAN_POINT('',(-32.836901531189,-11.9168778978856,5.00000007450581));
#12483=CARTESIAN_POINT('Origin',(-32.3238713162005,-13.3264168290645,5.00000007450581));
#12484=CARTESIAN_POINT('',(-32.836901531189,-11.9168778978856,5.00000007450581));
#12485=CARTESIAN_POINT('Origin',(-40.1000128107991,-14.5604342118268,5.00000007450581));
#12486=CARTESIAN_POINT('',(-39.7882592542169,-14.4469651968042,5.00000007450581));
#12487=CARTESIAN_POINT('',(-31.7757338763832,-11.5306444579702,5.00000007450581));
#12488=CARTESIAN_POINT('',(-39.7882592542169,-14.4469651968042,4.00000007450581));
#12489=CARTESIAN_POINT('',(-39.7882592542169,-14.4469651968042,5.00000007450581));
#12490=CARTESIAN_POINT('',(-39.6112319591556,-14.3825325307493,4.00000007450581));
#12491=CARTESIAN_POINT('',(-39.1538054481475,-14.2160428963781,4.00000007450581));
#12492=CARTESIAN_POINT('',(-39.6112319591556,-14.3825325307493,1.00000007450581));
#12493=CARTESIAN_POINT('',(-39.6112319591556,-14.3825325307493,4.50000007450581));
#12494=CARTESIAN_POINT('',(-39.7882592542169,-14.4469651968042,1.00000007450581));
#12495=CARTESIAN_POINT('',(-39.1538054481475,-14.2160428963781,1.00000007450581));
#12496=CARTESIAN_POINT('',(-39.7882592542169,-14.4469651968042,5.00000007450581));
#12497=CARTESIAN_POINT('Origin',(-30.0940109227396,-11.3194981397115,5.00000007450581));
#12498=CARTESIAN_POINT('',(-29.2123330443009,-12.5330236312739,5.00000007450581));
#12499=CARTESIAN_POINT('',(-29.2123330443009,-12.5330236312739,5.00000007450581));
#12500=CARTESIAN_POINT('Origin',(-30.0940109227396,-11.3194981397115,5.00000007450581));
#12501=CARTESIAN_POINT('Origin',(-26.7126211771123,-12.5709786182513,5.00000007450581));
#12502=CARTESIAN_POINT('',(-27.594299055551,-11.3574531266889,5.00000007450581));
#12503=CARTESIAN_POINT('Origin',(-26.7126211771123,-12.5709786182513,5.00000007450581));
#12504=CARTESIAN_POINT('',(-27.594299055551,-11.3574531266889,5.00000007450581));
#12505=CARTESIAN_POINT('Origin',(-30.4258585358634,-13.4147015097126,5.00000007450581));
#12506=CARTESIAN_POINT('',(-26.3807735639886,-10.4757752482502,5.00000007450581));
#12507=CARTESIAN_POINT('Origin',(-26.2321313656609,-33.2226101039766,5.00000007450581));
#12508=CARTESIAN_POINT('',(-26.4343856142547,-33.3695564170497,1.00000007450581));
#12509=CARTESIAN_POINT('',(-26.0351286772593,-33.376525472808,1.00000007450581));
#12510=CARTESIAN_POINT('Origin',(-26.2321313656609,-33.2226101039766,1.00000007450581));
#12511=CARTESIAN_POINT('',(-26.0351286772593,-33.376525472808,5.00000007450581));
#12512=CARTESIAN_POINT('',(-26.4343856142547,-33.3695564170497,5.00000007450581));
#12513=CARTESIAN_POINT('Origin',(-20.7953668439993,-26.6699361596422,5.00000007450581));
#12514=CARTESIAN_POINT('',(-25.9191451277033,-33.2280732990818,1.00000007450581));
#12515=CARTESIAN_POINT('',(-22.8762192046772,-29.3333057265212,1.00000007450581));
#12516=CARTESIAN_POINT('',(-25.9191451277033,-33.2280732990818,4.00000007450581));
#12517=CARTESIAN_POINT('',(-25.9191451277033,-33.2280732990817,4.50000007450581));
#12518=CARTESIAN_POINT('',(-26.0351286772593,-33.376525472808,4.00000007450581));
#12519=CARTESIAN_POINT('',(-22.8762192046772,-29.3333057265212,4.00000007450581));
#12520=CARTESIAN_POINT('',(-26.0351286772593,-33.376525472808,5.00000007450581));
#12521=CARTESIAN_POINT('',(-26.0351286772593,-33.376525472808,5.00000007450581));
#12522=CARTESIAN_POINT('',(-16.021851460329,-20.5601150881685,5.00000007450581));
#12523=CARTESIAN_POINT('Origin',(-26.2321313656609,-33.2226101039766,5.00000007450581));
#12524=CARTESIAN_POINT('',(-26.4343856142547,-33.3695564170497,4.00000007450581));
#12525=CARTESIAN_POINT('Origin',(-26.2321313656609,-33.2226101039766,4.00000007450581));
#12526=CARTESIAN_POINT('',(-26.4343856142547,-33.3695564170497,5.00000007450581));
#12527=CARTESIAN_POINT('',(-26.4343856142547,-33.3695564170497,5.00000007450581));
#12528=CARTESIAN_POINT('Origin',(-26.2321313656609,-33.2226101039766,5.00000007450581));
#12529=CARTESIAN_POINT('Origin',(-26.2393812704348,-33.6379568702967,5.00000007450581));
#12530=CARTESIAN_POINT('',(-39.9050084669792,-14.8288346650738,4.00000007450581));
#12531=CARTESIAN_POINT('',(-29.7412976934354,-28.8179824186776,4.00000007450581));
#12532=CARTESIAN_POINT('',(-39.9050084669792,-14.8288346650738,5.00000007450581));
#12533=CARTESIAN_POINT('',(-39.9050084669792,-14.8288346650738,5.00000007450581));
#12534=CARTESIAN_POINT('',(-33.2404052599738,-24.0018740263103,5.00000007450581));
#12535=CARTESIAN_POINT('Origin',(-39.7027542183854,-14.6818883520007,5.00000007450581));
#12536=CARTESIAN_POINT('',(-39.9050084669792,-14.8288346650738,1.00000007450581));
#12537=CARTESIAN_POINT('Origin',(-39.7027542183854,-14.6818883520007,1.00000007450581));
#12538=CARTESIAN_POINT('',(-39.9050084669792,-14.8288346650738,5.00000007450581));
#12539=CARTESIAN_POINT('Origin',(-39.7027542183854,-14.6818883520007,5.00000007450581));
#12540=CARTESIAN_POINT('Origin',(-39.7027542183854,-14.6818883520007,4.00000007450581));
#12541=CARTESIAN_POINT('Origin',(-39.7027542183854,-14.6818883520007,5.00000007450581));
#12542=CARTESIAN_POINT('Origin',(-18.4092299723981,-21.4476637259633,5.00000007450581));
#12543=CARTESIAN_POINT('',(-16.3866874864607,-19.9782005952321,5.00000007450581));
#12544=CARTESIAN_POINT('Origin',(-34.2544853594047,-24.732739532424,1.00000007450581));
#12545=CARTESIAN_POINT('',(-29.7412976934354,-28.8179824186776,1.00000007450581));
#12546=CARTESIAN_POINT('',(-43.5333482448986,-8.98420258506713,1.00000007450581));
#12547=CARTESIAN_POINT('',(-44.594410665098,-7.52377545341324,1.00000007450581));
#12548=CARTESIAN_POINT('',(-44.1643244012261,-9.21385912450203,1.00000007450581));
#12549=CARTESIAN_POINT('',(-49.313451891853,-11.087988263532,1.00000007450581));
#12550=CARTESIAN_POINT('',(-46.4477424168611,-10.9274387961157,1.00000007450581));
#12551=CARTESIAN_POINT('Origin',(-42.4835643652808,-13.8317093707832,1.00000007450581));
#12552=CARTESIAN_POINT('',(-24.7457536306225,-40.7976637997626,1.00000007450581));
#12553=CARTESIAN_POINT('',(-23.9145600537114,-41.9417036114348,1.00000007450581));
#12554=CARTESIAN_POINT('',(-22.4104275456502,-39.1555294563113,1.00000007450581));
#12555=CARTESIAN_POINT('Origin',(-26.2828806990778,-36.1300374682177,1.00000007450581));
#12556=CARTESIAN_POINT('',(-21.9970288419603,-38.6264032447639,1.00000007450581));
#12557=CARTESIAN_POINT('',(-17.3375976700538,-32.6626033055025,1.00000007450581));
#12558=CARTESIAN_POINT('',(-44.594410665098,-7.52377545341324,1.00000007450581));
#12559=CARTESIAN_POINT('Origin',(-44.594410665098,-7.52377545341324,4.00000007450581));
#12560=CARTESIAN_POINT('',(-43.5333482287913,-8.9842026072369,4.00000007450581));
#12561=CARTESIAN_POINT('',(-44.594410665098,-7.52377545341324,4.00000007450581));
#12562=CARTESIAN_POINT('',(-43.5858042905452,-8.9120030322197,3.50000007450581));
#12563=CARTESIAN_POINT('Origin',(-42.6685952909938,-10.1744329164958,3.50000007450581));
#12564=CARTESIAN_POINT('',(-43.5858042905452,-8.9120030322197,1.5));
#12565=CARTESIAN_POINT('',(-43.5858042905452,-8.9120030322197,4.50000007450581));
#12566=CARTESIAN_POINT('Origin',(-42.6685952909938,-10.1744329164958,1.5));
#12567=CARTESIAN_POINT('Origin',(-44.594410665098,-7.52377545341324,4.00000007450581));
#12568=CARTESIAN_POINT('',(-21.9445727963137,-38.6986027976113,1.5));
#12569=CARTESIAN_POINT('Origin',(-22.8617817958651,-37.4361729133353,1.5));
#12570=CARTESIAN_POINT('',(-21.9445727963137,-38.6986027976113,3.50000007450581));
#12571=CARTESIAN_POINT('',(-21.9445727963137,-38.6986027976113,4.50000007450581));
#12572=CARTESIAN_POINT('',(-21.9970288580676,-38.6264032225941,4.00000007450581));
#12573=CARTESIAN_POINT('Origin',(-22.8617817958651,-37.4361729133353,3.50000007450581));
#12574=CARTESIAN_POINT('',(-44.594410665098,-7.52377545341324,4.00000007450581));
#12575=CARTESIAN_POINT('Origin',(-23.9145600537114,-41.9417036114348,4.00000007450581));
#12576=CARTESIAN_POINT('',(-24.6928492197576,-40.8704804743903,1.5));
#12577=CARTESIAN_POINT('Ctrl Pts',(-24.7457536306225,-40.7976637997626,
1.00000007450581));
#12578=CARTESIAN_POINT('Ctrl Pts',(-24.7118513444321,-40.8443262935377,
1.15535262592311));
#12579=CARTESIAN_POINT('Ctrl Pts',(-24.6928492197576,-40.8704804743903,
1.34029127790363));
#12580=CARTESIAN_POINT('Ctrl Pts',(-24.6928492197576,-40.8704804743903,
1.5));
#12581=CARTESIAN_POINT('',(-46.500646827726,-10.8546221214881,1.5));
#12582=CARTESIAN_POINT('Ctrl Pts',(-46.500646827726,-10.8546221214881,1.5));
#12583=CARTESIAN_POINT('Ctrl Pts',(-46.500646827726,-10.8546221214881,1.34029127790364));
#12584=CARTESIAN_POINT('Ctrl Pts',(-46.4816447030514,-10.8807763023407,
1.15535262592312));
#12585=CARTESIAN_POINT('Ctrl Pts',(-46.4477424168611,-10.9274387961157,
1.00000007450581));
#12586=CARTESIAN_POINT('',(-46.500646827726,-10.8546221214881,3.50000007450581));
#12587=CARTESIAN_POINT('',(-46.500646827726,-10.8546221214881,5.00000007450581));
#12588=CARTESIAN_POINT('',(-46.4477424006018,-10.9274388184946,4.00000007450581));
#12589=CARTESIAN_POINT('Ctrl Pts',(-46.4477424006018,-10.9274388184946,
4.0000000745058));
#12590=CARTESIAN_POINT('Ctrl Pts',(-46.481644695968,-10.8807763120901,3.84464750716986));
#12591=CARTESIAN_POINT('Ctrl Pts',(-46.500646827726,-10.8546221214881,3.65970882212711));
#12592=CARTESIAN_POINT('Ctrl Pts',(-46.500646827726,-10.8546221214881,3.50000007450581));
#12593=CARTESIAN_POINT('',(-24.7457536468817,-40.7976637773837,4.00000007450581));
#12594=CARTESIAN_POINT('',(-23.9145600537114,-41.9417036114348,4.00000007450581));
#12595=CARTESIAN_POINT('',(-24.6928492197576,-40.8704804743903,3.50000007450581));
#12596=CARTESIAN_POINT('Ctrl Pts',(-24.6928492197576,-40.8704804743903,
3.50000007450581));
#12597=CARTESIAN_POINT('Ctrl Pts',(-24.6928492197576,-40.8704804743903,
3.65970882212711));
#12598=CARTESIAN_POINT('Ctrl Pts',(-24.7118513515155,-40.8443262837882,
3.84464750716986));
#12599=CARTESIAN_POINT('Ctrl Pts',(-24.7457536468817,-40.7976637773837,
4.00000007450581));
#12600=CARTESIAN_POINT('',(-24.6928492197576,-40.8704804743903,5.00000007450581));
#12601=CARTESIAN_POINT('Origin',(-34.2544853594047,-24.732739532424,4.00000007450581));
#12602=CARTESIAN_POINT('',(-22.4104275664078,-39.1555294400937,4.00000007450581));
#12603=CARTESIAN_POINT('',(-9.9399502671185,-23.1940463714145,4.00000007450581));
#12604=CARTESIAN_POINT('Origin',(-26.2828806990778,-36.1300374682177,4.00000007450581));
#12605=CARTESIAN_POINT('',(-44.1643243922166,-9.21385914925521,4.00000007450581));
#12606=CARTESIAN_POINT('Origin',(-42.4835643652808,-13.8317093707832,4.00000007450581));
#12607=CARTESIAN_POINT('',(-38.0223203538762,-6.97835250055648,4.00000007450581));
#12608=CARTESIAN_POINT('Origin',(-18.4520131858578,-31.7919264810487,1.5));
#12609=CARTESIAN_POINT('Origin',(-23.5248430614543,-38.2848526318575,1.5));
#12610=CARTESIAN_POINT('',(-13.6184330852946,-28.041629946022,1.5));
#12611=CARTESIAN_POINT('Origin',(-14.5356420848461,-26.7792000617459,1.5));
#12612=CARTESIAN_POINT('',(-17.2699970554478,-32.7154186940372,1.5));
#12613=CARTESIAN_POINT('Origin',(-26.2828806990778,-36.1300374682177,1.5));
#12614=CARTESIAN_POINT('',(-30.3279656709526,-39.0689637296801,1.5));
#12615=CARTESIAN_POINT('Origin',(-26.2828806990778,-36.1300374682177,1.5));
#12616=CARTESIAN_POINT('Origin',(-29.1144401793902,-38.1872858512414,1.5));
#12617=CARTESIAN_POINT('Origin',(-26.2828806990778,-36.1300374682177,5.00000007450581));
#12618=CARTESIAN_POINT('',(-30.3279656709526,-39.0689637296801,3.50000007450581));
#12619=CARTESIAN_POINT('Origin',(-26.2828806990778,-36.1300374682177,3.50000007450581));
#12620=CARTESIAN_POINT('',(-30.3279656709526,-39.0689637296801,5.00000007450581));
#12621=CARTESIAN_POINT('Origin',(-50.4287362135535,-11.4026265673047,5.00000007450581));
#12622=CARTESIAN_POINT('',(-30.8775021478156,-4.28655932420474,3.50000007450581));
#12623=CARTESIAN_POINT('',(-38.0516610435688,-6.89773961815497,3.50000007450581));
#12624=CARTESIAN_POINT('',(-30.8775021478156,-4.28655932420474,1.5));
#12625=CARTESIAN_POINT('',(-30.8775021478156,-4.28655932420474,5.00000007450581));
#12626=CARTESIAN_POINT('',(-49.3427925725361,-11.0073754058837,1.5));
#12627=CARTESIAN_POINT('Origin',(-37.5386308285803,-8.30727854933384,3.50000007450581));
#12628=CARTESIAN_POINT('',(-43.6806348669207,-10.5427851980326,5.00000007450581));
#12629=CARTESIAN_POINT('Origin',(-43.6806348669207,-10.5427851980326,3.50000007450581));
#12630=CARTESIAN_POINT('',(-29.9602931482642,-5.54898920848081,5.00000007450581));
#12631=CARTESIAN_POINT('',(-37.5386308285803,-8.30727854933384,5.00000007450581));
#12632=CARTESIAN_POINT('Origin',(-29.9602931482642,-5.54898920848081,3.50000007450581));
#12633=CARTESIAN_POINT('Origin',(-42.4835643652808,-13.8317093707832,3.50000007450581));
#12634=CARTESIAN_POINT('',(-46.5286493371556,-16.7706356322456,3.50000007450581));
#12635=CARTESIAN_POINT('Origin',(-42.4835643652808,-13.8317093707832,3.50000007450581));
#12636=CARTESIAN_POINT('',(-45.3151238455932,-15.8889577538069,5.00000007450581));
#12637=CARTESIAN_POINT('Origin',(-45.3151238455932,-15.8889577538069,3.50000007450581));
#12638=CARTESIAN_POINT('Origin',(-42.4835643652808,-13.8317093707832,5.00000007450581));
#12639=CARTESIAN_POINT('Origin',(-11.054365762165,-22.3233695631784,3.50000007450581));
#12640=CARTESIAN_POINT('',(-13.6184330852946,-28.041629946022,3.50000007450581));
#12641=CARTESIAN_POINT('',(-9.87234963175489,-23.2468617761668,3.50000007450581));
#12642=CARTESIAN_POINT('',(-14.5356420848461,-26.7792000617459,5.00000007450581));
#12643=CARTESIAN_POINT('Origin',(-14.5356420848461,-26.779200061746,3.50000007450581));
#12644=CARTESIAN_POINT('',(-23.5248430614543,-38.2848526318575,5.00000007450581));
#12645=CARTESIAN_POINT('',(-11.054365762165,-22.3233695631784,5.00000007450581));
#12646=CARTESIAN_POINT('Origin',(-23.5248430614543,-38.2848526318575,3.50000007450581));
#12647=CARTESIAN_POINT('Origin',(-26.2828806990778,-36.1300374682177,3.50000007450581));
#12648=CARTESIAN_POINT('',(-29.1144401793902,-38.1872858512414,5.00000007450581));
#12649=CARTESIAN_POINT('Origin',(-26.2828806990778,-36.1300374682177,5.00000007450581));
#12650=CARTESIAN_POINT('Origin',(-29.1144401793902,-38.1872858512414,3.50000007450581));
#12651=CARTESIAN_POINT('Origin',(-44.2865142213875,-17.3047174437862,3.50000007450581));
#12652=CARTESIAN_POINT('',(-45.5000397129499,-18.1863953222249,3.50000007450581));
#12653=CARTESIAN_POINT('',(-44.2865142213875,-17.3047174437862,5.00000007450581));
#12654=CARTESIAN_POINT('Origin',(-13.6184330852946,-28.041629946022,5.00000007450581));
#12655=CARTESIAN_POINT('',(-13.6184330852946,-28.041629946022,5.00000007450581));
#12656=CARTESIAN_POINT('Origin',(-45.5000397129499,-18.1863953222249,5.00000007450581));
#12657=CARTESIAN_POINT('',(-46.5286493371556,-16.7706356322456,1.5));
#12658=CARTESIAN_POINT('',(-46.5286493371556,-16.7706356322456,5.00000007450581));
#12659=CARTESIAN_POINT('',(-45.5000397129499,-18.1863953222249,1.5));
#12660=CARTESIAN_POINT('Origin',(-42.4835643652808,-13.8317093707832,5.00000007450581));
#12661=CARTESIAN_POINT('Origin',(-42.4835643652808,-13.8317093707832,1.5));
#12662=CARTESIAN_POINT('Origin',(-30.8775021478156,-4.28655932420474,5.00000007450581));
#12663=CARTESIAN_POINT('',(-29.319699825451,-6.43069027637548,5.00000007450581));
#12664=CARTESIAN_POINT('',(-32.8162992910834,-1.61803398874989,5.00000007450581));
#12665=CARTESIAN_POINT('',(-29.319699825451,-6.43069027637548,3.7500000372529));
#12666=CARTESIAN_POINT('Origin',(-29.9602931482642,-5.54898920848081,1.5));
#12667=CARTESIAN_POINT('Origin',(-44.2865142213875,-17.3047174437862,1.5));
#12668=CARTESIAN_POINT('Origin',(-45.3151238455932,-15.8889577538069,1.5));
#12669=CARTESIAN_POINT('Origin',(-42.4835643652808,-13.8317093707832,1.5));
#12670=CARTESIAN_POINT('Origin',(-43.6806348669207,-10.5427851980326,1.5));
#12671=CARTESIAN_POINT('Origin',(-48.8297623575476,-12.4169143370626,1.5));
#12672=CARTESIAN_POINT('Origin',(-15.4703037109357,-25.492748697838,5.00000007450581));
#12673=CARTESIAN_POINT('',(-15.4703037109357,-25.492748697838,5.00000007450581));
#12674=CARTESIAN_POINT('',(-15.4703037109357,-25.492748697838,3.75000005587936));
#12675=CARTESIAN_POINT('',(-32.8162992910834,-1.61803398874989,5.00000007450581));
#12676=CARTESIAN_POINT('Origin',(-25.2746148535762,-3.49176401491311,5.00000007450581));
#12677=CARTESIAN_POINT('',(-11.425218739061,-22.5538224363756,5.00000007450581));
#12678=CARTESIAN_POINT('',(-11.425218739061,-22.5538224363756,5.00000007450581));
#12679=CARTESIAN_POINT('',(-25.2746148535762,-3.49176401491311,5.));
#12680=CARTESIAN_POINT('',(-11.1313261129147,-22.9583309335631,5.00000007450581));
#12681=CARTESIAN_POINT('',(-25.2746148535762,-3.49176401491311,5.00000007450581));
#12682=CARTESIAN_POINT('Origin',(-21.5379311687478,-29.9011380900315,2.5000000372529));
#12683=CARTESIAN_POINT('Origin',(-11.425218739061,-22.5538224363756,2.5));
#12684=CARTESIAN_POINT('Origin',(-11.1313261129147,-22.9583309335631,2.5));
#12685=CARTESIAN_POINT('',(-23.6565808648263,-2.31619351032817,2.5));
#12686=CARTESIAN_POINT('Origin',(-25.2746148535762,-3.49176401491311,2.5));
#12687=CARTESIAN_POINT('',(-9.51329212416485,-21.7827604289782,2.5));
#12688=CARTESIAN_POINT('',(-9.51329212416485,-21.7827604289782,2.5));
#12689=CARTESIAN_POINT('Origin',(-11.1313261129147,-22.9583309335631,2.5));
#12690=CARTESIAN_POINT('Origin',(-11.1313261129147,-22.9583309335631,2.5));
#12691=CARTESIAN_POINT('',(-23.2520723676389,-2.02230088418192,2.5));
#12692=CARTESIAN_POINT('Origin',(-25.2746148535762,-3.49176401491311,2.5));
#12693=CARTESIAN_POINT('',(-9.10878362697737,-21.4888678028319,2.5));
#12694=CARTESIAN_POINT('',(-9.10878362697737,-21.4888678028319,2.5));
#12695=CARTESIAN_POINT('Origin',(-11.1313261129147,-22.9583309335631,2.5));
#12696=CARTESIAN_POINT('Origin',(-25.2746148535762,-3.49176401491311,2.5));
#12697=CARTESIAN_POINT('Origin',(-25.2746148535762,-3.49176401491311,2.5));
#12698=CARTESIAN_POINT('Origin',(-11.1313261129147,-22.9583309335631,2.5));
#12699=CARTESIAN_POINT('Origin',(-33.6448720507168,-31.526355927445,-2.25));
#12700=CARTESIAN_POINT('',(-42.0761218109353,-19.4964107863274,-2.5));
#12701=CARTESIAN_POINT('',(-42.4806303081227,-19.7903034124736,-2.));
#12702=CARTESIAN_POINT('',(-31.5444252196731,-33.9920475664284,-2.5));
#12703=CARTESIAN_POINT('',(-33.4426178021231,-31.3794096143719,-2.5));
#12704=CARTESIAN_POINT('',(-31.5444252196731,-33.9920475664284,-2.5));
#12705=CARTESIAN_POINT('Origin',(-40.4580878221854,-18.3208402817424,-2.25));
#12706=CARTESIAN_POINT('',(-38.8400538334355,-17.1452697771575,-2.5));
#12707=CARTESIAN_POINT('',(-38.435545336248,-16.8513771510112,-2.));
#12708=CARTESIAN_POINT('Origin',(-40.4580878221854,-18.3208402817424,-2.5));
#12709=CARTESIAN_POINT('Origin',(-36.7396070023918,-19.6109614161409,-2.25));
#12710=CARTESIAN_POINT('',(-28.3083572421733,-31.6409065572585,-2.5));
#12711=CARTESIAN_POINT('',(-27.9038487449859,-31.3470139311123,-2.));
#12712=CARTESIAN_POINT('',(-36.9418612509855,-19.757907729214,-2.5));
#12713=CARTESIAN_POINT('',(-36.537352753798,-19.4640151030678,-2.));
#12714=CARTESIAN_POINT('Origin',(-29.9263912309232,-32.8164770618435,-2.25));
#12715=CARTESIAN_POINT('Origin',(-29.9263912309232,-32.8164770618435,-2.5));
#12716=CARTESIAN_POINT('Origin',(-35.1922395265543,-25.5686586717929,-2.5));
#12717=CARTESIAN_POINT('Origin',(-39.9050084669792,-14.8288346650738,0.));
#12718=CARTESIAN_POINT('Origin',(21.962560880848,-38.6025384969929,-0.25));
#12719=CARTESIAN_POINT('',(21.1900183949106,-36.2248972062551,-0.5));
#12720=CARTESIAN_POINT('',(22.7671672043974,-35.7124504941625,0.));
#12721=CARTESIAN_POINT('Ctrl Pts',(21.1900183949106,-36.2248972062551,-0.500000000000008));
#12722=CARTESIAN_POINT('Ctrl Pts',(21.9069042174044,-35.9919668825767,-0.500000000000006));
#12723=CARTESIAN_POINT('Ctrl Pts',(22.7671672043969,-35.7124504941627,-2.93886775886724E-13));
#12724=CARTESIAN_POINT('',(24.3122521762721,-40.4677330756383,0.));
#12725=CARTESIAN_POINT('Origin',(21.962560880848,-38.6025384969929,0.));
#12726=CARTESIAN_POINT('',(23.9206369603681,-40.1568673125307,-0.5));
#12727=CARTESIAN_POINT('',(24.3122521762721,-40.4677330756383,0.));
#12728=CARTESIAN_POINT('Origin',(21.962560880848,-38.6025384969929,-0.5));
#12729=CARTESIAN_POINT('Origin',(2.8486524879001,-47.7008683000951,-0.208333333333329));
#12730=CARTESIAN_POINT('',(22.7351033667854,-40.9801797877309,-0.499999999999997));
#12731=CARTESIAN_POINT('',(22.88745079954,-41.4490569734508,0.0833333333333403));
#12732=CARTESIAN_POINT('',(22.7351033667854,-40.9801797877309,-0.499999999999997));
#12733=CARTESIAN_POINT('',(5.84680775567648,-46.9858975348763,0.0833333333333403));
#12734=CARTESIAN_POINT('',(2.92482620427743,-47.935306892955,0.0833333333333403));
#12735=CARTESIAN_POINT('',(5.69446032292183,-46.5170203491564,-0.499999999999997));
#12736=CARTESIAN_POINT('',(5.84680775567648,-46.9858975348763,0.0833333333333403));
#12737=CARTESIAN_POINT('',(2.77247877152277,-47.4664297072351,-0.499999999999997));
#12738=CARTESIAN_POINT('Ctrl Pts',(23.9206369603681,-40.1568673125307,-0.5));
#12739=CARTESIAN_POINT('Ctrl Pts',(23.6171876546883,-40.5391395967855,-0.5));
#12740=CARTESIAN_POINT('Ctrl Pts',(23.199286743956,-40.8293574658242,-0.5));
#12741=CARTESIAN_POINT('Ctrl Pts',(22.7351033667854,-40.9801797877308,-0.5));
#12742=CARTESIAN_POINT('Ctrl Pts',(24.0511753656694,-40.2604892335666,-0.333333333333333));
#12743=CARTESIAN_POINT('Ctrl Pts',(23.7274961062777,-40.6682463367716,-0.333333333333334));
#12744=CARTESIAN_POINT('Ctrl Pts',(23.280581953689,-40.9757356734033,-0.305555555555556));
#12745=CARTESIAN_POINT('Ctrl Pts',(22.7858858443702,-41.1364721829708,-0.305555555555556));
#12746=CARTESIAN_POINT('Ctrl Pts',(24.1817137709708,-40.3641111546025,-0.166666666666667));
#12747=CARTESIAN_POINT('Ctrl Pts',(23.837804557867,-40.7973530767578,-0.166666666666667));
#12748=CARTESIAN_POINT('Ctrl Pts',(23.361877163422,-41.1221138809825,-0.111111111111112));
#12749=CARTESIAN_POINT('Ctrl Pts',(22.8366683219551,-41.2927645782108,-0.111111111111112));
#12750=CARTESIAN_POINT('Ctrl Pts',(24.3122521762721,-40.4677330756383,0.));
#12751=CARTESIAN_POINT('Ctrl Pts',(23.9481130094564,-40.926459816744,-7.78774868857258E-16));
#12752=CARTESIAN_POINT('Ctrl Pts',(23.443172373155,-41.2684920885617,0.083333333333332));
#12753=CARTESIAN_POINT('Ctrl Pts',(22.88745079954,-41.4490569734507,0.0833333333333322));
#12754=CARTESIAN_POINT('Ctrl Pts',(22.7351033667854,-40.9801797877308,-0.5));
#12755=CARTESIAN_POINT('Ctrl Pts',(23.199286743956,-40.8293574658242,-0.5));
#12756=CARTESIAN_POINT('Ctrl Pts',(23.6171876546883,-40.5391395967855,-0.5));
#12757=CARTESIAN_POINT('Ctrl Pts',(23.9206369603681,-40.1568673125307,-0.5));
#12758=CARTESIAN_POINT('Ctrl Pts',(24.3122521762721,-40.4677330756383,0.));
#12759=CARTESIAN_POINT('Ctrl Pts',(23.9481130094564,-40.926459816744,-7.78774868857258E-16));
#12760=CARTESIAN_POINT('Ctrl Pts',(23.443172373155,-41.2684920885617,0.083333333333332));
#12761=CARTESIAN_POINT('Ctrl Pts',(22.88745079954,-41.4490569734507,0.0833333333333322));
#12762=CARTESIAN_POINT('Origin',(4.92191783698446,-44.1393790584185,-0.25));
#12763=CARTESIAN_POINT('',(4.14937535104709,-41.7617377676806,-0.5));
#12764=CARTESIAN_POINT('',(2.57222654156033,-42.2741844797731,0.));
#12765=CARTESIAN_POINT('Ctrl Pts',(2.57222654155816,-42.2741844797738,1.2644116523031E-12));
#12766=CARTESIAN_POINT('Ctrl Pts',(3.43248952855228,-41.9946680913593,-0.499999999999986));
#12767=CARTESIAN_POINT('Ctrl Pts',(4.14937535104709,-41.7617377676806,-0.499999999999986));
#12768=CARTESIAN_POINT('',(4.25141256735994,-46.5477857274438,-0.5));
#12769=CARTESIAN_POINT('Origin',(4.92191783698446,-44.1393790584185,-0.5));
#12770=CARTESIAN_POINT('',(4.11731151343503,-47.0294670612489,0.));
#12771=CARTESIAN_POINT('',(4.25141256735994,-46.5477857274438,-0.5));
#12772=CARTESIAN_POINT('Origin',(4.92191783698446,-44.1393790584185,0.));
#12773=CARTESIAN_POINT('Ctrl Pts',(5.69446032292183,-46.5170203491564,-0.5));
#12774=CARTESIAN_POINT('Ctrl Pts',(5.23027694575117,-46.667842671063,-0.5));
#12775=CARTESIAN_POINT('Ctrl Pts',(4.72160222363126,-46.6786874751875,-0.5));
#12776=CARTESIAN_POINT('Ctrl Pts',(4.25141256735994,-46.5477857274438,-0.5));
#12777=CARTESIAN_POINT('Ctrl Pts',(5.74524280050672,-46.6733127443963,-0.305555555555554));
#12778=CARTESIAN_POINT('Ctrl Pts',(5.25054669118794,-46.8340492539638,-0.305555555555554));
#12779=CARTESIAN_POINT('Ctrl Pts',(4.70824784940771,-46.8479747029721,-0.333333333333333));
#12780=CARTESIAN_POINT('Ctrl Pts',(4.20671221605164,-46.7083461720455,-0.333333333333333));
#12781=CARTESIAN_POINT('Ctrl Pts',(5.7960252780916,-46.8296051396363,-0.111111111111108));
#12782=CARTESIAN_POINT('Ctrl Pts',(5.27081643662471,-47.0002558368646,-0.111111111111107));
#12783=CARTESIAN_POINT('Ctrl Pts',(4.69489347518416,-47.0172619307567,-0.166666666666665));
#12784=CARTESIAN_POINT('Ctrl Pts',(4.16201186474334,-46.8689066166472,-0.166666666666666));
#12785=CARTESIAN_POINT('Ctrl Pts',(5.84680775567648,-46.9858975348763,0.0833333333333386));
#12786=CARTESIAN_POINT('Ctrl Pts',(5.29108618206148,-47.1664624197653,0.0833333333333388));
#12787=CARTESIAN_POINT('Ctrl Pts',(4.68153910096062,-47.1865491585413,1.80515261429943E-15));
#12788=CARTESIAN_POINT('Ctrl Pts',(4.11731151343503,-47.0294670612489,2.77555756156289E-16));
#12789=CARTESIAN_POINT('Ctrl Pts',(4.25141256735994,-46.5477857274438,-0.5));
#12790=CARTESIAN_POINT('Ctrl Pts',(4.72160222363126,-46.6786874751875,-0.5));
#12791=CARTESIAN_POINT('Ctrl Pts',(5.23027694575117,-46.667842671063,-0.5));
#12792=CARTESIAN_POINT('Ctrl Pts',(5.69446032292183,-46.5170203491564,-0.5));
#12793=CARTESIAN_POINT('Ctrl Pts',(5.84680775567648,-46.9858975348763,0.0833333333333386));
#12794=CARTESIAN_POINT('Ctrl Pts',(5.29108618206148,-47.1664624197653,0.0833333333333388));
#12795=CARTESIAN_POINT('Ctrl Pts',(4.68153910096062,-47.1865491585413,1.80515261429943E-15));
#12796=CARTESIAN_POINT('Ctrl Pts',(4.11731151343503,-47.0294670612489,2.77555756156289E-16));
#12797=CARTESIAN_POINT('Origin',(21.962560880848,-38.6025384969929,0.));
#12798=CARTESIAN_POINT('',(22.7351033667854,-40.9801797877309,-2.));
#12799=CARTESIAN_POINT('',(22.7351033667854,-40.9801797877309,0.));
#12800=CARTESIAN_POINT('',(21.1900183949106,-36.2248972062551,-2.));
#12801=CARTESIAN_POINT('Origin',(21.962560880848,-38.6025384969929,-2.));
#12802=CARTESIAN_POINT('',(21.1900183949106,-36.2248972062551,0.));
#12803=CARTESIAN_POINT('Origin',(25.1127446575232,-40.2076373017935,0.));
#12804=CARTESIAN_POINT('',(5.69446032292183,-46.5170203491564,-2.));
#12805=CARTESIAN_POINT('',(5.69446032292183,-46.5170203491564,0.));
#12806=CARTESIAN_POINT('',(19.6637632511884,-41.9781186851186,-2.));
#12807=CARTESIAN_POINT('Origin',(4.92191783698446,-44.1393790584185,0.));
#12808=CARTESIAN_POINT('',(4.14937535104709,-41.7617377676806,-2.));
#12809=CARTESIAN_POINT('',(4.14937535104709,-41.7617377676806,0.));
#12810=CARTESIAN_POINT('Origin',(4.92191783698446,-44.1393790584185,-2.));
#12811=CARTESIAN_POINT('Origin',(3.23600426308519,-48.8930144816778,0.));
#12812=CARTESIAN_POINT('',(23.5676596856485,-35.4523547203177,0.));
#12813=CARTESIAN_POINT('',(12.5552885707755,-39.0304909977663,0.));
#12814=CARTESIAN_POINT('',(23.6976648301935,-35.0747923653762,0.));
#12815=CARTESIAN_POINT('Origin',(23.4904054370548,-35.2145905912439,0.));
#12816=CARTESIAN_POINT('',(19.570567930545,-28.9561195886874,0.));
#12817=CARTESIAN_POINT('',(21.3219410321253,-31.5526369903934,0.));
#12818=CARTESIAN_POINT('',(17.86348608015,-28.3683241694508,0.));
#12819=CARTESIAN_POINT('Origin',(18.3270115717124,-29.7949089438935,0.));
#12820=CARTESIAN_POINT('',(17.6808451773744,-28.4276677961003,0.));
#12821=CARTESIAN_POINT('',(7.4275048751963,-31.7591800124567,0.));
#12822=CARTESIAN_POINT('',(15.7907349113692,-27.46460851322,-5.55111512312578E-16));
#12823=CARTESIAN_POINT('Origin',(17.2173196858119,-27.0010830216576,0.));
#12824=CARTESIAN_POINT('',(15.1727009226193,-25.5624954806297,-5.55111512312578E-16));
#12825=CARTESIAN_POINT('',(17.7993453748064,-33.6464758691385,-5.55111512312578E-16));
#12826=CARTESIAN_POINT('',(13.2825906566142,-24.5994361977494,0.));
#12827=CARTESIAN_POINT('Origin',(13.7461161481766,-26.0260209721921,0.));
#12828=CARTESIAN_POINT('',(3.23753173150474,-27.8632736923376,0.));
#12829=CARTESIAN_POINT('',(-0.566694333675866,-29.0993416698374,0.));
#12830=CARTESIAN_POINT('',(2.27447244862443,-29.7533839583428,0.));
#12831=CARTESIAN_POINT('Origin',(3.70105722306717,-29.2898584667803,0.));
#12832=CARTESIAN_POINT('',(2.89250643737433,-31.6554969909331,0.));
#12833=CARTESIAN_POINT('',(5.67365938674885,-40.2150056375895,0.));
#12834=CARTESIAN_POINT('',(2.07573583319197,-33.4894701019796,0.));
#12835=CARTESIAN_POINT('Origin',(1.4659216629316,-32.1190224824955,0.));
#12836=CARTESIAN_POINT('',(1.18646376292368,-34.9122669665175,0.));
#12837=CARTESIAN_POINT('Origin',(2.68555000345232,-34.8599177214637,0.));
#12838=CARTESIAN_POINT('',(1.44463210496069,-42.3052409987198,0.));
#12839=CARTESIAN_POINT('',(1.56639713964255,-45.7921353728727,0.));
#12840=CARTESIAN_POINT('',(1.7717340603092,-42.534280253618,0.));
#12841=CARTESIAN_POINT('Origin',(1.69447981171546,-42.2965161245442,0.));
#12842=CARTESIAN_POINT('',(12.5552885707755,-39.0304909977663,0.));
#12843=CARTESIAN_POINT('',(1.10815343840273,-48.0072017889052,0.));
#12844=CARTESIAN_POINT('',(2.77247877152277,-47.4664297072351,0.));
#12845=CARTESIAN_POINT('',(-3.47127393647642,-44.8006522203309,0.));
#12846=CARTESIAN_POINT('Origin',(0.0265939580904167,-44.6785039818722,0.));
#12847=CARTESIAN_POINT('',(-3.98083739369178,-30.2086639957935,7.45058059692383E-8));
#12848=CARTESIAN_POINT('',(-3.28003910723024,-50.2769012271397,0.));
#12849=CARTESIAN_POINT('',(-2.94433562441375,-29.8718841557748,7.45058059692383E-8));
#12850=CARTESIAN_POINT('',(-8.60195240485168,-31.7101552814769,7.45058059692383E-8));
#12851=CARTESIAN_POINT('',(-4.48942059628849,-25.116601574299,0.));
#12852=CARTESIAN_POINT('',(-4.48942059628849,-25.116601574299,0.));
#12853=CARTESIAN_POINT('',(17.9193730406579,-17.8355431528365,0.));
#12854=CARTESIAN_POINT('',(18.3949012988055,-17.681034655649,0.));
#12855=CARTESIAN_POINT('',(19.4644580125327,-22.5908257343123,7.45058059692383E-8));
#12856=CARTESIAN_POINT('',(17.9193730406579,-17.8355431528365,0.));
#12857=CARTESIAN_POINT('',(20.9767722915259,-22.0994450381731,7.45058059692383E-8));
#12858=CARTESIAN_POINT('',(-8.60195240485168,-31.7101552814769,7.45058059692383E-8));
#12859=CARTESIAN_POINT('',(29.1414822749348,-34.2041253788014,0.));
#12860=CARTESIAN_POINT('',(24.5339331905171,-27.3731529457372,0.));
#12861=CARTESIAN_POINT('',(27.3214102513044,-39.489998347982,0.));
#12862=CARTESIAN_POINT('Origin',(26.2398507709921,-36.161300540949,0.));
#12863=CARTESIAN_POINT('',(2.77247877152277,-47.4664297072351,0.));
#12864=CARTESIAN_POINT('Origin',(2.68555000345232,-34.8599177214637,5.00000007450581));
#12865=CARTESIAN_POINT('',(2.07573583319197,-33.4894701019796,5.00000007450581));
#12866=CARTESIAN_POINT('',(2.07573583319196,-33.4894701019796,5.00000007450581));
#12867=CARTESIAN_POINT('',(1.18646376292368,-34.9122669665175,5.00000007450581));
#12868=CARTESIAN_POINT('Origin',(2.68555000345232,-34.8599177214637,5.00000007450581));
#12869=CARTESIAN_POINT('',(1.18646376292368,-34.9122669665175,5.00000007450581));
#12870=CARTESIAN_POINT('Origin',(1.45621040405474,-42.6368001041625,5.00000007450581));
#12871=CARTESIAN_POINT('',(1.44463210496069,-42.3052409987198,5.00000007450581));
#12872=CARTESIAN_POINT('',(1.14705277229706,-33.783683856803,5.00000007450581));
#12873=CARTESIAN_POINT('',(1.44463210496069,-42.3052409987198,4.00000007450581));
#12874=CARTESIAN_POINT('',(1.44463210496069,-42.3052409987198,5.00000007450581));
#12875=CARTESIAN_POINT('',(1.43805744068901,-42.1169672473858,4.00000007450581));
#12876=CARTESIAN_POINT('',(1.42106895460383,-41.6304806569575,4.00000007450581));
#12877=CARTESIAN_POINT('',(1.43805744068901,-42.1169672473858,1.00000007450581));
#12878=CARTESIAN_POINT('',(1.43805744068901,-42.1169672473858,4.50000007450581));
#12879=CARTESIAN_POINT('',(1.44463210496069,-42.3052409987198,1.00000007450581));
#12880=CARTESIAN_POINT('',(1.42106895460383,-41.6304806569575,1.00000007450581));
#12881=CARTESIAN_POINT('',(1.44463210496069,-42.3052409987198,5.00000007450581));
#12882=CARTESIAN_POINT('Origin',(1.4659216629316,-32.1190224824955,5.00000007450581));
#12883=CARTESIAN_POINT('',(2.89250643737434,-31.6554969909331,5.00000007450581));
#12884=CARTESIAN_POINT('',(2.89250643737433,-31.6554969909331,5.00000007450581));
#12885=CARTESIAN_POINT('Origin',(1.4659216629316,-32.1190224824955,5.00000007450581));
#12886=CARTESIAN_POINT('Origin',(-4.48942059628849,-25.116601574299,5.00000007450581));
#12887=CARTESIAN_POINT('',(20.9767722915259,-22.0994450381731,5.00000007450581));
#12888=CARTESIAN_POINT('',(29.1414822749348,-34.2041253788014,5.00000007450581));
#12889=CARTESIAN_POINT('',(17.8147992061801,-17.4116271583516,5.00000007450581));
#12890=CARTESIAN_POINT('',(19.4644580125327,-22.5908257343123,5.00000007450581));
#12891=CARTESIAN_POINT('',(-8.60195240485168,-31.7101552814769,5.00000007450581));
#12892=CARTESIAN_POINT('',(17.9193730406579,-17.8355431528365,5.00000007450581));
#12893=CARTESIAN_POINT('',(17.9193730406579,-17.8355431528365,5.00000007450581));
#12894=CARTESIAN_POINT('',(-4.48942059628849,-25.116601574299,5.));
#12895=CARTESIAN_POINT('',(18.3949012988055,-17.681034655649,5.00000007450581));
#12896=CARTESIAN_POINT('',(-2.94433562441375,-29.8718841557748,5.00000007450581));
#12897=CARTESIAN_POINT('',(-4.48942059628849,-25.116601574299,5.00000007450581));
#12898=CARTESIAN_POINT('',(-3.98083739369178,-30.2086639957935,5.00000007450581));
#12899=CARTESIAN_POINT('',(-8.60195240485168,-31.7101552814769,5.00000007450581));
#12900=CARTESIAN_POINT('',(-3.47127393647642,-44.8006522203309,5.00000007450581));
#12901=CARTESIAN_POINT('',(-3.69938347457573,-38.26844971107,5.00000007450581));
#12902=CARTESIAN_POINT('',(1.10815343840273,-48.0072017889052,5.00000007450581));
#12903=CARTESIAN_POINT('Origin',(0.0265939580904167,-44.6785039818722,5.00000007450581));
#12904=CARTESIAN_POINT('',(27.3214102513044,-39.489998347982,5.00000007450581));
#12905=CARTESIAN_POINT('',(2.77247877152277,-47.4664297072351,5.00000007450581));
#12906=CARTESIAN_POINT('Origin',(26.2398507709921,-36.161300540949,5.00000007450581));
#12907=CARTESIAN_POINT('',(2.27447244862444,-29.7533839583428,5.00000007450581));
#12908=CARTESIAN_POINT('',(1.81094695706202,-28.3267991839,5.00000007450581));
#12909=CARTESIAN_POINT('',(3.23753173150475,-27.8632736923376,5.00000007450581));
#12910=CARTESIAN_POINT('Origin',(3.70105722306717,-29.2898584667803,5.00000007450581));
#12911=CARTESIAN_POINT('',(13.2825906566142,-24.5994361977494,5.00000007450581));
#12912=CARTESIAN_POINT('',(-0.566694333675868,-29.0993416698374,5.00000007450581));
#12913=CARTESIAN_POINT('',(15.1727009226193,-25.5624954806297,5.00000007450581));
#12914=CARTESIAN_POINT('Origin',(13.7461161481766,-26.0260209721921,5.00000007450581));
#12915=CARTESIAN_POINT('',(15.7907349113692,-27.46460851322,5.00000007450581));
#12916=CARTESIAN_POINT('',(13.9366329451195,-21.7582694154491,5.00000007450581));
#12917=CARTESIAN_POINT('',(17.6808451773744,-28.4276677961003,5.00000007450581));
#12918=CARTESIAN_POINT('Origin',(17.2173196858119,-27.0010830216576,5.00000007450581));
#12919=CARTESIAN_POINT('',(17.86348608015,-28.3683241694508,5.00000007450581));
#12920=CARTESIAN_POINT('',(7.42750487519631,-31.7591800124567,5.00000007450581));
#12921=CARTESIAN_POINT('',(19.570567930545,-28.9561195886874,5.00000007450581));
#12922=CARTESIAN_POINT('Origin',(18.3270115717124,-29.7949089438935,5.00000007450581));
#12923=CARTESIAN_POINT('',(23.6976648301935,-35.0747923653762,5.00000007450581));
#12924=CARTESIAN_POINT('',(14.6028070477883,-21.5911112030078,5.00000007450581));
#12925=CARTESIAN_POINT('',(23.5676596856485,-35.4523547203177,5.00000007450581));
#12926=CARTESIAN_POINT('Origin',(23.4904054370548,-35.2145905912439,5.00000007450581));
#12927=CARTESIAN_POINT('',(1.7717340603092,-42.534280253618,5.00000007450581));
#12928=CARTESIAN_POINT('',(12.5552885707755,-39.0304909977663,5.00000007450581));
#12929=CARTESIAN_POINT('Origin',(1.69447981171546,-42.2965161245442,5.00000007450581));
#12930=CARTESIAN_POINT('Origin',(3.35603192893675,-33.0820817653758,5.00000007450581));
#12931=CARTESIAN_POINT('',(2.27447244862444,-29.7533839583428,5.00000007450581));
#12932=CARTESIAN_POINT('Origin',(3.70105722306717,-29.2898584667803,5.00000007450581));
#12933=CARTESIAN_POINT('',(3.23753173150475,-27.8632736923376,5.00000007450581));
#12934=CARTESIAN_POINT('Origin',(13.7461161481766,-26.0260209721921,5.00000007450581));
#12935=CARTESIAN_POINT('',(13.2825906566142,-24.5994361977494,5.00000007450581));
#12936=CARTESIAN_POINT('',(15.1727009226193,-25.5624954806297,5.00000007450581));
#12937=CARTESIAN_POINT('Origin',(1.81094695706202,-28.3267991839,5.00000007450581));
#12938=CARTESIAN_POINT('Origin',(17.2173196858119,-27.0010830216576,5.00000007450581));
#12939=CARTESIAN_POINT('',(17.6808451773744,-28.4276677961003,5.00000007450581));
#12940=CARTESIAN_POINT('',(15.7907349113692,-27.46460851322,5.00000007450581));
#12941=CARTESIAN_POINT('Origin',(14.7091754310569,-24.135910706187,5.00000007450581));
#12942=CARTESIAN_POINT('Origin',(18.3270115717124,-29.7949089438935,5.00000007450581));
#12943=CARTESIAN_POINT('',(17.86348608015,-28.3683241694508,5.00000007450581));
#12944=CARTESIAN_POINT('',(19.570567930545,-28.9561195886874,5.00000007450581));
#12945=CARTESIAN_POINT('Origin',(16.2542604029316,-28.8911932876628,5.00000007450581));
#12946=CARTESIAN_POINT('Origin',(1.69447981171546,-42.2965161245442,5.00000007450581));
#12947=CARTESIAN_POINT('',(1.7717340603092,-42.534280253618,1.00000007450581));
#12948=CARTESIAN_POINT('Origin',(1.69447981171546,-42.2965161245442,1.00000007450581));
#12949=CARTESIAN_POINT('',(1.7717340603092,-42.534280253618,5.00000007450581));
#12950=CARTESIAN_POINT('Origin',(1.69447981171546,-42.2965161245442,5.00000007450581));
#12951=CARTESIAN_POINT('',(1.7717340603092,-42.534280253618,4.00000007450581));
#12952=CARTESIAN_POINT('Origin',(1.69447981171546,-42.2965161245442,4.00000007450581));
#12953=CARTESIAN_POINT('',(1.7717340603092,-42.534280253618,5.00000007450581));
#12954=CARTESIAN_POINT('Origin',(23.4904054370548,-35.2145905912439,5.00000007450581));
#12955=CARTESIAN_POINT('',(23.5676596856485,-35.4523547203177,1.00000007450581));
#12956=CARTESIAN_POINT('',(23.6976648301935,-35.0747923653762,1.00000007450581));
#12957=CARTESIAN_POINT('Origin',(23.4904054370548,-35.2145905912439,1.00000007450581));
#12958=CARTESIAN_POINT('',(23.6976648301935,-35.0747923653762,5.00000007450581));
#12959=CARTESIAN_POINT('',(23.5676596856485,-35.4523547203177,5.00000007450581));
#12960=CARTESIAN_POINT('Origin',(18.9384948147463,-28.019032657958,5.00000007450581));
#12961=CARTESIAN_POINT('',(23.5923193108937,-34.9186112102547,1.00000007450581));
#12962=CARTESIAN_POINT('',(20.8284910543941,-30.8210673134956,1.00000007450581));
#12963=CARTESIAN_POINT('',(23.5923193108937,-34.9186112102547,4.00000007450581));
#12964=CARTESIAN_POINT('',(23.5923193108937,-34.9186112102547,4.50000007450581));
#12965=CARTESIAN_POINT('',(23.6976648301935,-35.0747923653762,4.00000007450581));
#12966=CARTESIAN_POINT('',(20.8284910543941,-30.8210673134956,4.00000007450581));
#12967=CARTESIAN_POINT('',(23.6976648301935,-35.0747923653762,5.00000007450581));
#12968=CARTESIAN_POINT('Origin',(23.4904054370548,-35.2145905912439,5.00000007450581));
#12969=CARTESIAN_POINT('',(23.5676596856485,-35.4523547203177,4.00000007450581));
#12970=CARTESIAN_POINT('Origin',(23.4904054370548,-35.2145905912439,4.00000007450581));
#12971=CARTESIAN_POINT('',(23.5676596856485,-35.4523547203177,5.00000007450581));
#12972=CARTESIAN_POINT('Origin',(23.883183341903,-35.3498348697732,5.00000007450581));
#12973=CARTESIAN_POINT('',(18.2169635437265,-37.1909012853856,4.00000007450581));
#12974=CARTESIAN_POINT('Origin',(12.9370149885187,-40.2207883463669,4.00000007450581));
#12975=CARTESIAN_POINT('',(29.9384367429932,-32.8566326619585,4.00000007450581));
#12976=CARTESIAN_POINT('',(-6.6248950775405,-44.7367793303493,4.00000007450581));
#12977=CARTESIAN_POINT('',(30.313918453759,-33.4133071907302,4.00000007450581));
#12978=CARTESIAN_POINT('',(18.9872353850043,-16.6208089702805,4.00000007450581));
#12979=CARTESIAN_POINT('',(31.1540255695972,-36.1417816945082,4.00000007450581));
#12980=CARTESIAN_POINT('Origin',(26.2398507709921,-36.161300540949,4.00000007450581));
#12981=CARTESIAN_POINT('',(-3.96052985738984,-47.5511923771984,4.00000007450581));
#12982=CARTESIAN_POINT('',(32.4989250545779,-35.7047973623845,4.00000007450581));
#12983=CARTESIAN_POINT('',(-4.88462599815809,-44.8500075618876,4.00000007450581));
#12984=CARTESIAN_POINT('Origin',(0.0265939580904167,-44.6785039818722,4.00000007450581));
#12985=CARTESIAN_POINT('',(-4.90805999141048,-44.178945795682,4.00000007450581));
#12986=CARTESIAN_POINT('',(-5.1127355362574,-38.3178050526267,4.00000007450581));
#12987=CARTESIAN_POINT('',(-6.6248950775405,-44.7367793303493,4.00000007450581));
#12988=CARTESIAN_POINT('Origin',(-6.6248950775405,-44.7367793303493,4.00000007450581));
#12989=CARTESIAN_POINT('',(29.9384367690554,-32.8566326534905,1.00000007450581));
#12990=CARTESIAN_POINT('',(-6.6248950775405,-44.7367793303493,1.00000007450581));
#12991=CARTESIAN_POINT('',(30.023312433827,-32.8290548782753,1.5));
#12992=CARTESIAN_POINT('Origin',(28.5392370977655,-33.3112601856551,1.5));
#12993=CARTESIAN_POINT('',(30.023312433827,-32.8290548782753,3.50000007450581));
#12994=CARTESIAN_POINT('',(30.023312433827,-32.8290548782753,4.50000007450581));
#12995=CARTESIAN_POINT('Origin',(28.5392370977655,-33.3112601856551,3.50000007450581));
#12996=CARTESIAN_POINT('Origin',(-6.6248950775405,-44.7367793303493,4.00000007450581));
#12997=CARTESIAN_POINT('',(-4.99293568224426,-44.2065235793652,3.50000007450581));
#12998=CARTESIAN_POINT('Origin',(-3.50886034618273,-43.7243182719854,3.50000007450581));
#12999=CARTESIAN_POINT('',(-4.99293568224426,-44.2065235793652,1.5));
#13000=CARTESIAN_POINT('',(-4.99293568224426,-44.2065235793652,4.50000007450581));
#13001=CARTESIAN_POINT('',(-4.9080600174726,-44.1789458041501,1.00000007450581));
#13002=CARTESIAN_POINT('Origin',(-3.50886034618273,-43.7243182719854,1.5));
#13003=CARTESIAN_POINT('',(-6.6248950775405,-44.7367793303493,1.00000007450581));
#13004=CARTESIAN_POINT('Origin',(12.9370149885187,-40.2207883463669,1.00000007450581));
#13005=CARTESIAN_POINT('',(-4.88462602448382,-44.8500075628069,1.00000007450581));
#13006=CARTESIAN_POINT('',(-4.69339119523764,-50.3262565696157,1.00000007450581));
#13007=CARTESIAN_POINT('',(-3.96052988369787,-47.5511923857464,1.00000007450581));
#13008=CARTESIAN_POINT('Origin',(0.0265939580904167,-44.6785039818722,1.00000007450581));
#13009=CARTESIAN_POINT('',(31.1540255959052,-36.1417816859602,1.00000007450581));
#13010=CARTESIAN_POINT('',(32.4989250545779,-35.7047973623845,1.00000007450581));
#13011=CARTESIAN_POINT('',(30.3139184755973,-33.4133071760001,1.00000007450581));
#13012=CARTESIAN_POINT('Origin',(26.2398507709921,-36.161300540949,1.00000007450581));
#13013=CARTESIAN_POINT('',(25.7063693911797,-26.5823347429359,1.00000007450581));
#13014=CARTESIAN_POINT('',(18.2169635437265,-37.1909012853856,1.00000007450581));
#13015=CARTESIAN_POINT('Origin',(32.4989250545779,-35.7047973623845,4.00000007450581));
#13016=CARTESIAN_POINT('',(31.2396267308395,-36.1139681912002,3.50000007450581));
#13017=CARTESIAN_POINT('Ctrl Pts',(31.2396267308395,-36.1139681912002,3.50000007450581));
#13018=CARTESIAN_POINT('Ctrl Pts',(31.2396267308395,-36.1139681912002,3.65970882212711));
#13019=CARTESIAN_POINT('Ctrl Pts',(31.2088806357964,-36.1239582030619,3.84464750716986));
#13020=CARTESIAN_POINT('Ctrl Pts',(31.1540255695972,-36.1417816945082,4.00000007450581));
#13021=CARTESIAN_POINT('',(31.2396267308395,-36.1139681912002,1.5));
#13022=CARTESIAN_POINT('',(31.2396267308395,-36.1139681912002,5.00000007450581));
#13023=CARTESIAN_POINT('Ctrl Pts',(31.1540255959052,-36.1417816859602,1.0000000745058));
#13024=CARTESIAN_POINT('Ctrl Pts',(31.2088806472575,-36.123958199338,1.15535262592311));
#13025=CARTESIAN_POINT('Ctrl Pts',(31.2396267308395,-36.1139681912002,1.34029127790363));
#13026=CARTESIAN_POINT('Ctrl Pts',(31.2396267308395,-36.1139681912002,1.5));
#13027=CARTESIAN_POINT('',(-4.04613101863209,-47.5790058805064,1.5));
#13028=CARTESIAN_POINT('Ctrl Pts',(-4.04613101863208,-47.5790058805064,
1.5));
#13029=CARTESIAN_POINT('Ctrl Pts',(-4.04613101863208,-47.5790058805064,
1.34029127790363));
#13030=CARTESIAN_POINT('Ctrl Pts',(-4.01538493505017,-47.5690158723686,
1.15535262592311));
#13031=CARTESIAN_POINT('Ctrl Pts',(-3.96052988369787,-47.5511923857464,
1.00000007450581));
#13032=CARTESIAN_POINT('',(-4.04613101863209,-47.5790058805064,3.50000007450581));
#13033=CARTESIAN_POINT('',(-4.04613101863209,-47.5790058805064,5.00000007450581));
#13034=CARTESIAN_POINT('Ctrl Pts',(-3.96052985738983,-47.5511923771984,
4.00000007450581));
#13035=CARTESIAN_POINT('Ctrl Pts',(-4.01538492358902,-47.5690158686446,
3.84464750716986));
#13036=CARTESIAN_POINT('Ctrl Pts',(-4.04613101863208,-47.5790058805064,
3.65970882212711));
#13037=CARTESIAN_POINT('Ctrl Pts',(-4.04613101863208,-47.5790058805064,
3.50000007450581));
#13038=CARTESIAN_POINT('Origin',(22.4608476275874,-21.6172397307932,5.00000007450581));
#13039=CARTESIAN_POINT('',(22.4608476275874,-21.6172397307932,1.5));
#13040=CARTESIAN_POINT('',(25.7774895493497,-26.5343635905311,1.5));
#13041=CARTESIAN_POINT('',(22.4608476275874,-21.6172397307932,3.50000007450581));
#13042=CARTESIAN_POINT('',(22.4608476275874,-21.6172397307932,5.00000007450581));
#13043=CARTESIAN_POINT('',(19.0583555650127,-16.5728378031455,3.50000007450581));
#13044=CARTESIAN_POINT('Origin',(24.5339331905171,-27.3731529457372,1.5));
#13045=CARTESIAN_POINT('Origin',(29.1414822749348,-34.2041253788014,1.5));
#13046=CARTESIAN_POINT('Origin',(20.9767722915259,-22.0994450381731,1.5));
#13047=CARTESIAN_POINT('Origin',(26.2398507709921,-36.161300540949,1.5));
#13048=CARTESIAN_POINT('',(27.7849357428669,-40.9165831224247,1.5));
#13049=CARTESIAN_POINT('Origin',(26.2398507709921,-36.161300540949,1.5));
#13050=CARTESIAN_POINT('Origin',(27.3214102513044,-39.489998347982,1.5));
#13051=CARTESIAN_POINT('Origin',(-3.69938347457573,-38.26844971107,3.50000007450581));
#13052=CARTESIAN_POINT('Origin',(-3.47127393647642,-44.8006522203309,3.50000007450581));
#13053=CARTESIAN_POINT('',(-5.4649127297533,-30.6908693031733,3.50000007450581));
#13054=CARTESIAN_POINT('Origin',(-3.98083739369178,-30.2086639957935,3.50000007450581));
#13055=CARTESIAN_POINT('',(-5.19846971510438,-38.3207989561238,3.50000007450581));
#13056=CARTESIAN_POINT('Origin',(0.0265939580904167,-44.6785039818722,3.50000007450581));
#13057=CARTESIAN_POINT('',(1.57167892996515,-49.4337865633479,3.50000007450581));
#13058=CARTESIAN_POINT('Origin',(0.0265939580904167,-44.6785039818722,3.50000007450581));
#13059=CARTESIAN_POINT('Origin',(1.10815343840273,-48.0072017889052,3.50000007450581));
#13060=CARTESIAN_POINT('Origin',(0.0265939580904167,-44.6785039818722,5.00000007450581));
#13061=CARTESIAN_POINT('',(1.57167892996515,-49.4337865633479,1.5));
#13062=CARTESIAN_POINT('Origin',(0.0265939580904167,-44.6785039818722,1.5));
#13063=CARTESIAN_POINT('',(1.57167892996515,-49.4337865633479,5.00000007450581));
#13064=CARTESIAN_POINT('Origin',(2.77247877152277,-47.4664297072351,1.5));
#13065=CARTESIAN_POINT('',(3.23600426308519,-48.8930144816778,1.5));
#13066=CARTESIAN_POINT('Origin',(1.10815343840273,-48.0072017889052,1.5));
#13067=CARTESIAN_POINT('Origin',(0.0265939580904167,-44.6785039818722,1.5));
#13068=CARTESIAN_POINT('Origin',(-3.47127393647642,-44.8006522203309,1.5));
#13069=CARTESIAN_POINT('Origin',(-3.28003910723024,-50.2769012271397,1.5));
#13070=CARTESIAN_POINT('',(-5.4649127297533,-30.6908693031733,1.5));
#13071=CARTESIAN_POINT('',(-4.77912534775888,-50.3292504721935,1.5));
#13072=CARTESIAN_POINT('Origin',(-3.98083739369178,-30.2086639957935,1.5));
#13073=CARTESIAN_POINT('Origin',(3.23600426308519,-48.8930144816778,5.00000007450581));
#13074=CARTESIAN_POINT('',(27.7849357428669,-40.9165831224247,3.50000007450581));
#13075=CARTESIAN_POINT('',(27.7849357428669,-40.9165831224247,5.00000007450581));
#13076=CARTESIAN_POINT('',(3.23600426308519,-48.8930144816778,3.50000007450581));
#13077=CARTESIAN_POINT('Origin',(26.2398507709921,-36.161300540949,5.00000007450581));
#13078=CARTESIAN_POINT('Origin',(26.2398507709921,-36.161300540949,3.50000007450581));
#13079=CARTESIAN_POINT('Origin',(19.4644580125327,-22.5908257343123,5.00000007450581));
#13080=CARTESIAN_POINT('',(19.4644580125327,-22.5908257343123,3.75000005587935));
#13081=CARTESIAN_POINT('Origin',(20.9767722915259,-22.0994450381731,3.50000007450581));
#13082=CARTESIAN_POINT('Origin',(17.8147992061801,-17.4116271583516,3.50000007450581));
#13083=CARTESIAN_POINT('Origin',(29.1414822749348,-34.2041253788014,3.50000007450581));
#13084=CARTESIAN_POINT('Origin',(26.2398507709921,-36.161300540949,3.50000007450581));
#13085=CARTESIAN_POINT('Origin',(27.3214102513044,-39.489998347982,3.50000007450581));
#13086=CARTESIAN_POINT('Origin',(2.77247877152277,-47.4664297072351,3.50000007450581));
#13087=CARTESIAN_POINT('Origin',(-4.738794195124,-51.4841835742378,5.00000007450581));
#13088=CARTESIAN_POINT('',(-5.4649127297533,-30.6908693031733,5.00000007450581));
#13089=CARTESIAN_POINT('Origin',(-5.4649127297533,-30.6908693031733,5.00000007450581));
#13090=CARTESIAN_POINT('',(-2.94433562441375,-29.8718841557748,3.7500000372529));
#13091=CARTESIAN_POINT('Origin',(21.7820854703448,-29.7237496065259,2.5000000372529));
#13092=CARTESIAN_POINT('Origin',(17.9193730406579,-17.8355431528365,2.5));
#13093=CARTESIAN_POINT('Origin',(18.3949012988055,-17.681034655649,2.5));
#13094=CARTESIAN_POINT('',(-5.10745458503838,-23.2144885417087,2.5));
#13095=CARTESIAN_POINT('Origin',(-4.48942059628849,-25.116601574299,2.5));
#13096=CARTESIAN_POINT('',(17.7768673100556,-15.7789216230587,2.5));
#13097=CARTESIAN_POINT('',(17.7768673100556,-15.7789216230587,2.5));
#13098=CARTESIAN_POINT('Origin',(18.3949012988055,-17.681034655649,2.5));
#13099=CARTESIAN_POINT('Origin',(18.3949012988055,-17.681034655649,2.5));
#13100=CARTESIAN_POINT('',(-5.26196308222586,-22.7389602835611,2.5));
#13101=CARTESIAN_POINT('Origin',(-4.48942059628849,-25.116601574299,2.5));
#13102=CARTESIAN_POINT('',(17.6223588128681,-15.3033933649111,2.5));
#13103=CARTESIAN_POINT('',(17.6223588128681,-15.3033933649111,2.5));
#13104=CARTESIAN_POINT('Origin',(18.3949012988055,-17.681034655649,2.5));
#13105=CARTESIAN_POINT('Origin',(-4.48942059628849,-25.116601574299,2.5));
#13106=CARTESIAN_POINT('Origin',(-4.48942059628849,-25.116601574299,2.5));
#13107=CARTESIAN_POINT('Origin',(18.3949012988055,-17.681034655649,2.5));
#13108=CARTESIAN_POINT('Origin',(19.5865090025947,-41.7403545560448,-2.25));
#13109=CARTESIAN_POINT('',(5.53995182573435,-46.0414920910088,-2.5));
#13110=CARTESIAN_POINT('',(5.69446032292183,-46.5170203491564,-2.));
#13111=CARTESIAN_POINT('',(22.5805948695979,-40.5046515295833,-2.5));
#13112=CARTESIAN_POINT('',(19.5092547540009,-41.502590426971,-2.5));
#13113=CARTESIAN_POINT('',(22.5805948695979,-40.5046515295833,-2.5));
#13114=CARTESIAN_POINT('Origin',(4.92191783698446,-44.1393790584185,-2.25));
#13115=CARTESIAN_POINT('',(4.30388384823457,-42.2372660258282,-2.5));
#13116=CARTESIAN_POINT('',(4.14937535104709,-41.7617377676806,-2.));
#13117=CARTESIAN_POINT('Origin',(4.92191783698446,-44.1393790584185,-2.5));
#13118=CARTESIAN_POINT('Origin',(7.29796971523776,-41.0015629993667,-2.25));
#13119=CARTESIAN_POINT('',(21.3445268920981,-36.7004254644026,-2.5));
#13120=CARTESIAN_POINT('',(21.1900183949106,-36.2248972062551,-2.));
#13121=CARTESIAN_POINT('',(7.3752239638315,-41.2393271284405,-2.5));
#13122=CARTESIAN_POINT('',(7.22071546664403,-40.7637988702929,-2.));
#13123=CARTESIAN_POINT('Origin',(21.962560880848,-38.6025384969929,-2.25));
#13124=CARTESIAN_POINT('Origin',(21.962560880848,-38.6025384969929,-2.5));
#13125=CARTESIAN_POINT('Origin',(13.4422393589162,-41.3709587777057,-2.5));
#13126=CARTESIAN_POINT('Origin',(1.7717340603092,-42.534280253618,0.));
#13127=UNCERTAINTY_MEASURE_WITH_UNIT(LENGTH_MEASURE(0.01),#13131,
'DISTANCE_ACCURACY_VALUE',
'Maximum model space distance between geometric entities at asserted c
onnectivities');
#13128=UNCERTAINTY_MEASURE_WITH_UNIT(LENGTH_MEASURE(0.01),#13131,
'DISTANCE_ACCURACY_VALUE',
'Maximum model space distance between geometric entities at asserted c
onnectivities');
#13129=(
GEOMETRIC_REPRESENTATION_CONTEXT(3)
GLOBAL_UNCERTAINTY_ASSIGNED_CONTEXT((#13127))
GLOBAL_UNIT_ASSIGNED_CONTEXT((#13131,#13133,#13134))
REPRESENTATION_CONTEXT('','3D')
);
#13130=(
GEOMETRIC_REPRESENTATION_CONTEXT(3)
GLOBAL_UNCERTAINTY_ASSIGNED_CONTEXT((#13128))
GLOBAL_UNIT_ASSIGNED_CONTEXT((#13131,#13133,#13134))
REPRESENTATION_CONTEXT('','3D')
);
#13131=(
LENGTH_UNIT()
NAMED_UNIT(*)
SI_UNIT(.MILLI.,.METRE.)
);
#13132=(
LENGTH_UNIT()
NAMED_UNIT(*)
SI_UNIT($,.METRE.)
);
#13133=(
NAMED_UNIT(*)
PLANE_ANGLE_UNIT()
SI_UNIT($,.RADIAN.)
);
#13134=(
NAMED_UNIT(*)
SI_UNIT($,.STERADIAN.)
SOLID_ANGLE_UNIT()
);
#13135=SHAPE_DEFINITION_REPRESENTATION(#13136,#13137);
#13136=PRODUCT_DEFINITION_SHAPE('',$,#13139);
#13137=SHAPE_REPRESENTATION('',(#7505),#13129);
#13138=PRODUCT_DEFINITION_CONTEXT('part definition',#13143,'design');
#13139=PRODUCT_DEFINITION('Popper','Popper v7',#13140,#13138);
#13140=PRODUCT_DEFINITION_FORMATION('',$,#13145);
#13141=PRODUCT_RELATED_PRODUCT_CATEGORY('Popper v7','Popper v7',(#13145));
#13142=APPLICATION_PROTOCOL_DEFINITION('international standard',
'automotive_design',2009,#13143);
#13143=APPLICATION_CONTEXT(
'Core Data for Automotive Mechanical Design Process');
#13144=PRODUCT_CONTEXT('part definition',#13143,'mechanical');
#13145=PRODUCT('Popper','Popper v7',$,(#13144));
#13146=PRESENTATION_STYLE_ASSIGNMENT((#13147));
#13147=SURFACE_STYLE_USAGE(.BOTH.,#13148);
#13148=SURFACE_SIDE_STYLE('',(#13149));
#13149=SURFACE_STYLE_FILL_AREA(#13150);
#13150=FILL_AREA_STYLE('Steel - Satin',(#13151));
#13151=FILL_AREA_STYLE_COLOUR('Steel - Satin',#13152);
#13152=COLOUR_RGB('Steel - Satin',0.627450980392157,0.627450980392157,0.627450980392157);
ENDSEC;
END-ISO-10303-21;
